plan_vs_actual.dept_key,plan_vs_actual.division,plan_vs_actual.department,plan_vs_actual.channel,plan_vs_actual.fiscal_year,plan_vs_actual.fiscal_month,plan_vs_actual.fiscal_month_no,plan_vs_actual.has_actual,plan_vs_actual.plan_sales_dollars,plan_vs_actual.budget_sales_dollars,plan_vs_actual.budget_markdown_dollars,plan_vs_actual.budget_receipts_cost,plan_vs_actual.actual_sales_dollars,plan_vs_actual.plan_markdown_dollars,plan_vs_actual.actual_markdown_dollars,plan_vs_actual.actual_eom_retail,plan_vs_actual.plan_bom_retail,plan_vs_actual.plan_eom_retail,plan_vs_actual.plan_receipts_retail,plan_vs_actual.plan_shrink_dollars
Girls Dresses,Girls,Dresses,Ecommerce,2026,Dec,11,false,508570.48,491120.89,59685.44,144927.88,,61531.99,,,1299133.17,1204311.22,477314.8,2034.28
Girls Dresses,Girls,Dresses,Ecommerce,2026,Nov,10,false,476325.34,453342.36,52212.58,354799.74,,61314.17,,,900451.64,1299133.17,938226.34,1905.3
Girls Dresses,Girls,Dresses,Ecommerce,2025,Dec,11,true,421879.49,416204.14,55011.49,116021.55,472510.23,62251.66,60469.87,964010.7,1157590.17,1012469.87,340698.38,1687.52
Girls Dresses,Girls,Dresses,Ecommerce,2025,Nov,10,true,392635.97,384188.44,56011.05,293002.93,443781.17,47553.95,63041.17,1098473.16,710473.91,1157590.17,888876.72,1570.54
Girls Dresses,Girls,Dresses,Ecommerce,2026,Apr,3,true,382359.01,371488.88,46461.46,240619.96,352023.77,46217.84,42415.81,1120389.93,785301.19,1135298.51,780103.61,1529.44
Girls Dresses,Girls,Dresses,Ecommerce,2024,Dec,11,true,359691.49,365091.35,47498.8,129978.39,328861.83,48518,37195.95,841334.58,963399.17,800682.11,246931.2,1438.77
Girls Dresses,Girls,Dresses,Ecommerce,2026,May,4,true,357640.22,343154.98,50611.24,114442.36,378544.74,52509.44,54296.5,957673.47,1135298.51,1030716.44,306998.15,1430.56
Girls Dresses,Girls,Dresses,Ecommerce,2026,Mar,2,true,343978.45,333710.35,50411.28,167536.61,331476.66,53263.72,59926.17,752873.18,729127.92,785301.19,454791.36,1375.91
Girls Dresses,Girls,Dresses,Ecommerce,2024,Nov,10,true,338028.07,337007.4,42269.8,238119.3,346206.6,46171.29,49323.49,1000075.85,708086.7,963399.17,640863.94,1352.11
Girls Dresses,Girls,Dresses,Ecommerce,2026,Oct,9,false,329740.27,314821.08,41931.63,198104.98,,46865.01,,,682478.16,900451.64,595897.72,1318.96
Girls Dresses,Girls,Dresses,Ecommerce,2026,Jun,5,true,320232.67,311672.87,39354.82,34835.13,355979.64,39068.64,51741.57,721189.3,1030716.44,772338.83,102204.63,1280.93
Girls Dresses,Girls,Dresses,Ecommerce,2025,Apr,3,true,313593.35,314821.08,47404.21,224261.88,382798.84,43516.39,48181.32,830240.73,693125.37,852323.67,517562.41,1254.37
Girls Dresses,Girls,Dresses,Ecommerce,2026,Sep,8,false,308913.08,299080.03,44905.48,79796.31,,47549.69,,,810145.69,682478.16,230030.9,1235.65
Girls Dresses,Girls,Dresses,Ecommerce,2024,Apr,3,true,293261.89,276158.84,39509.73,186904.18,286867.8,35511.53,38380.05,773973.86,559792.36,823527.54,593681.64,1173.05
Girls Dresses,Girls,Dresses,Ecommerce,2026,Aug,7,false,292903.99,277042.55,34935.03,120991.27,,39890.54,,,778483.01,810145.69,365628.82,1171.62
Girls Dresses,Girls,Dresses,Ecommerce,2025,May,4,true,288345.18,290809.31,37797.88,65735.2,296556.4,36404.56,39502.93,753640.22,852323.67,780456.61,254036.06,1153.38
Girls Dresses,Girls,Dresses,Ecommerce,2025,Mar,2,true,287950.65,282805.38,39319.59,155181.61,317083.58,40191.39,40109.51,652799.53,607941.9,693125.37,414477.32,1151.8
Girls Dresses,Girls,Dresses,Ecommerce,2026,Jul,6,true,272007.37,264449.71,32146.77,138966.33,249829.28,34748.87,31079.57,855842.19,772338.83,778483.01,313988.45,1088.03
Girls Dresses,Girls,Dresses,Ecommerce,2025,Oct,9,true,260658.21,266797.53,37030.86,178579.35,254796.05,36098.51,26448.58,688308.78,589782.94,710473.91,418490.33,1042.63
Girls Dresses,Girls,Dresses,Ecommerce,2025,Jun,5,true,258984.58,264129.55,32055.47,40204.76,208348.48,39870.8,46299.74,638649.79,780456.61,606732.83,126167.55,1035.94
Girls Tops,Girls,Tops,Ecommerce,2026,Dec,11,false,251194.74,283338.97,41731.55,55335.62,,33316.76,,,671024.27,544143.79,158635.81,1004.78
Girls Dresses,Girls,Dresses,Ecommerce,2024,May,4,true,249609.73,255095.88,39404.23,109198.52,224783.28,31332.22,38391.53,751214.33,823527.54,713170.05,171582.9,998.44
Girls Dresses,Girls,Dresses,Ecommerce,2025,Sep,8,true,248445.45,253457.65,33426.49,78866.77,256903.59,33319.03,39122.51,575742.49,638198.94,589782.94,234342.27,993.78
Girls Dresses,Girls,Dresses,Ecommerce,2024,Mar,2,true,246933.72,248074.89,33972.61,128602.94,235368.13,36158.09,27674.46,583403.71,484744.29,559792.36,359127.61,987.73
Girls Tops,Girls,Tops,Ecommerce,2025,Dec,11,true,244508.59,240117.78,32869.15,57539.61,231095.45,32220.48,43143.34,537447.11,639736.67,533256.55,171226.99,978.03
Girls Dresses,Girls,Dresses,Ecommerce,2026,Feb,1,true,240459.05,232967.6,32182.82,52370.65,254799.88,36036.77,32273,712841.59,815202.84,729127.92,191382.74,961.84
Girls Dresses,Girls,Dresses,Ecommerce,2024,Oct,9,true,238481.94,234032.92,27988.24,132388.5,198743.79,35924.71,40052.58,702746.81,517419.77,708086.7,466027.5,953.93
Girls Dresses,Girls,Dresses,Retail Stores,2026,Dec,11,false,237126.15,223236.77,22469.08,59934.96,,28420.23,,,587083.97,561851.73,242448.29,2134.14
Girls Tops,Girls,Tops,Ecommerce,2026,Nov,10,false,235648.77,261543.67,30287.37,212538.32,,34630.72,,,488975.3,671024.27,453271.04,942.6
Girls Dresses,Girls,Dresses,Ecommerce,2025,Aug,7,true,234220.56,234781.82,27169.98,114392.33,231655.34,32832.65,36310.61,627700.04,663636.64,638198.94,242552.39,936.88
Girls Dresses,Girls,Dresses,Ecommerce,2024,Jun,5,true,231232.75,231692.59,30767.13,992.26,220019.58,29794.91,27377.11,530875.14,713170.05,515598.41,64380.94,924.93
Girls Sleepwear,Girls,Sleepwear,Ecommerce,2026,Dec,11,false,228245.35,220374.76,31457.97,61798.73,,33149.84,,,572050.91,518985.48,209242.74,912.98
Girls Dresses,Girls,Dresses,Ecommerce,2024,Sep,8,true,226958.41,222331.27,26002.71,64199.25,251613.02,32037.87,33081.47,491593.32,617565.84,517419.77,159758.04,907.83
Girls Tops,Girls,Tops,Ecommerce,2025,Nov,10,true,226709.14,221647.18,33019.34,167883.76,247307.97,30311.2,44715.27,568136.96,425988.85,639736.67,471674.99,906.84
Girls Dresses,Girls,Dresses,Ecommerce,2025,Jul,6,true,221673.41,224109.92,30683.54,90820.99,225269.58,27413.44,33797.25,647584.65,606732.83,663636.64,306877.35,886.69
Girls Dresses,Girls,Dresses,Retail Stores,2026,Nov,10,false,213603.91,206064.71,21232.69,136638.63,,20966.82,,,452074.21,587083.97,371502.92,1922.44
Girls Tops,Girls,Tops,Ecommerce,2024,Dec,11,true,213030.56,210629.63,26111.34,50787.97,229264.4,31751.33,32216.8,495319.18,547579.37,511904.29,209958.93,852.12
Girls Sleepwear,Girls,Sleepwear,Ecommerce,2026,Nov,10,false,205880.17,203422.85,24367.9,156780.1,,29084.86,,,426557.13,572050.91,381282.34,823.52
Girls Dresses,Girls,Dresses,Ecommerce,2024,Aug,7,true,205094.64,205948.97,26599.24,104698.62,204085.28,30733.81,30928.46,657429.86,589278.28,617565.84,264936.38,820.38
Girls Dresses,Girls,Dresses,Ecommerce,2026,Jan,12,false,204503.74,198337.28,25674.97,0,,30968.42,,,1204311.22,968021.04,0,818.01
Girls Bottoms,Girls,Bottoms,Ecommerce,2026,Dec,11,false,200855.5,188892.65,28636.91,49715.51,,27870.21,,,537790.08,436924.88,128663.93,803.42
Girls Dresses,Girls,Dresses,Ecommerce,2025,Feb,1,true,199692.76,197430.17,25132.46,37054.51,194742.54,26667.36,28126.66,598522.02,637246.64,607941.9,197854.15,798.77
Girls Dresses,Girls,Dresses,Ecommerce,2024,Jul,6,true,198611.38,196587.65,24834.1,93730.49,209403.92,27708.6,37135.35,568348.33,515598.41,589278.28,300794.3,794.45
Girls Tops,Girls,Tops,Ecommerce,2024,Nov,10,true,195669.73,194427.35,23442.78,137463.67,173758.55,25863.62,28098.86,559720.99,404300.13,547579.37,365595.27,782.68
Girls Sets,Girls,Sets,Ecommerce,2026,Dec,11,false,194624.84,188892.65,26367.82,55197.11,,30147.08,,,487490.15,424831.12,162891.39,778.5
Girls Tops,Girls,Tops,Ecommerce,2026,Apr,3,true,191071.98,214320.51,31162.17,150443.34,196163.55,28163.21,34765.81,496547.64,406534.3,530042.48,343507.66,764.29
Girls Dresses,Girls,Dresses,Wholesale,2026,Feb,1,true,190209.42,182767.95,3161.32,155231.48,198990.41,3605.75,3481.62,203715.45,61792.03,182742.47,314955.81,190.21
Girls Dresses,Girls,Dresses,Retail Stores,2025,Dec,11,true,190065.78,189183.7,18359.4,49423.18,190460.05,19344.32,18909.32,416632.21,466368.71,416484.56,161236.53,1710.59
Girls Sleepwear,Girls,Sleepwear,Ecommerce,2025,Dec,11,true,189781.45,186758.27,28864.42,53428.11,213121.65,24039,33867.65,434372.44,522501.09,455686.48,147764.97,759.13
Girls Bottoms,Girls,Bottoms,Ecommerce,2026,Nov,10,false,183803.36,174362.45,26692.25,128849.86,,24236.63,,,374092.84,537790.08,372472.45,735.21
Girls Tops,Girls,Tops,Ecommerce,2025,Apr,3,true,183622.43,181627.55,21316.86,140517.52,153525.6,25787.96,22575.28,573762.64,370156.75,538593.08,378581.21,734.49
Girls Sets,Girls,Sets,Ecommerce,2026,Nov,10,false,179143.75,174362.45,25356.68,113645.24,,24085.58,,,338037.73,487490.15,353398.31,716.58
Girls Dresses,Girls,Dresses,Retail Stores,2026,Apr,3,true,176829.3,168858.58,16113.28,114675.02,196150.33,18171.31,20332.69,469018.71,351381.79,492081.34,337291.63,1591.46
Girls Tops,Girls,Tops,Ecommerce,2025,May,4,true,175975.36,167774.6,25068.52,45950.03,186743.34,23352.58,25415.86,522068.77,538593.08,526897.23,188335.99,703.9
Girls Tops,Girls,Tops,Ecommerce,2026,May,4,true,175857.05,197974.03,24257.77,70459.25,191136.19,26676.21,30711.05,498836.33,530042.48,500824.29,174018.51,703.43
Girls Dresses,Girls,Dresses,Wholesale,2026,Jul,6,true,175432.44,167439.02,3364.86,114945.16,201440.79,3231.32,3584.48,126532.94,132540.87,164984.69,211283.01,175.43
Girls Sleepwear,Girls,Sleepwear,Ecommerce,2025,Nov,10,true,175215.85,172392.25,24545.69,120254.07,164277.72,24352.54,24507.47,546234.63,357612.4,522501.09,365157.94,700.86
Girls Tops,Girls,Tops,Ecommerce,2026,Mar,2,true,173070.68,192525.2,26403.35,89206.79,161899.64,24302.86,24686.67,427358.12,334490.36,406534.3,270109.76,692.28
Girls Dresses,Girls,Dresses,Ecommerce,2024,Feb,1,true,172804.45,173184.36,24643.32,79494.37,180759.55,23564.5,19683.69,506530.2,489398.63,484744.29,192405.83,691.22
Girls Sleepwear,Girls,Sleepwear,Ecommerce,2026,Apr,3,true,170806.66,166693.73,21646.17,108861.57,156328.92,20235.36,22682.45,468469.73,346089.92,481249.44,326884.76,683.23
Girls Dresses,Girls,Dresses,Ecommerce,2025,Jan,12,true,170329.16,168082.44,25010.93,0,176183.9,26256.56,31358.36,804205.74,1012469.87,815202.84,0,681.32
Girls Dresses,Girls,Dresses,Retail Stores,2025,Nov,10,true,170125.81,174631.11,19735.94,136642.26,148236.3,20402.65,25277.18,488191.43,324108.1,466368.71,334320.19,1531.13
Girls Tops,Girls,Tops,Ecommerce,2025,Mar,2,true,167797.7,163156.95,24688.09,83293.85,175301.16,21021.9,23456.86,379845.51,301258.41,370156.75,258389.14,671.19
Girls Dresses,Girls,Dresses,Retail Stores,2024,Dec,11,true,167173.42,165950.62,15316.11,42352.41,171872.91,16163.05,17729.82,355012.17,462985.26,366283.73,88139.5,1504.56
Girls Dresses,Girls,Dresses,Wholesale,2026,Oct,9,false,166754.57,162722.43,2863.51,122642.72,,3196.87,,,107400.39,157425.44,220143.24,166.75
Girls Dresses,Girls,Dresses,Wholesale,2026,Jun,5,true,166743.91,159184.99,3400.58,112133.6,145283.52,3360.45,2799.86,161036.26,66285.16,132540.87,236526.82,166.74
Girls Tops,Girls,Tops,Ecommerce,2024,Apr,3,true,162880.06,159322.41,22652.99,99522.2,159584.36,21937.33,29091.82,480767.31,334285.01,441312.01,292495.91,651.52
Girls Tops,Girls,Tops,Ecommerce,2026,Oct,9,false,162305.48,181627.55,23908.36,107489.83,,20499.67,,,365269.86,488975.3,307159.82,649.22
Girls Dresses,Girls,Dresses,Retail Stores,2024,Nov,10,true,161457.24,153185.18,14690.51,122462.25,161148.12,16751.89,13865.94,442132.77,286501.8,462985.26,356145.7,1453.12
Girls Tops,Girls,Tops,Ecommerce,2026,Jun,5,true,161279.43,179811.27,21496.15,15198.69,144360.96,24010.6,29866.56,356544.87,500824.29,351103.61,36214.46,645.12
Girls Bottoms,Girls,Bottoms,Ecommerce,2025,Dec,11,true,160979.94,160078.52,19226.8,45830.02,158863.6,22662.15,27176.35,358839.33,433193.68,357506.48,108598.81,643.92
Girls Sleepwear,Girls,Sleepwear,Ecommerce,2024,Dec,11,true,160916.51,163823.04,24016.38,40326.05,169567.56,20940.37,24518.11,350474.52,440241.12,362832.78,105092.2,643.67
Girls Sets,Girls,Sets,Ecommerce,2025,Dec,11,true,160590.67,160078.52,20987.04,44004.1,155693.16,20455.18,17024.57,366006.5,453893.42,365509.94,93304.73,642.36
Boys Tops,Boys,Tops,Ecommerce,2026,Dec,11,false,160201.92,163240.56,21638.91,48755.67,,18659.47,,,432192.03,375697.63,123007.81,640.81
Girls Sleepwear,Girls,Sleepwear,Ecommerce,2026,May,4,true,159042.72,153979.8,21341.91,52049.43,176095.86,20623.44,22495.34,434885.16,481249.44,471006.07,170058.96,636.17
Girls Dresses,Girls,Dresses,Retail Stores,2026,Mar,2,true,158804.83,151686.52,16734.6,70254.66,195387.57,15809.26,17326.91,297490.84,306146.65,351381.79,221278.47,1429.24
Girls Dresses,Girls,Dresses,Retail Stores,2026,May,4,true,158714.11,155979.54,18061.99,47293.58,152600.59,17252,22314.56,446456.28,492081.34,448329.26,133642.46,1428.43
Girls Dresses,Girls,Dresses,Wholesale,2025,Feb,1,true,157767.32,154888.09,2673.07,131763.4,142371.66,3034.66,2911.95,196409.16,54983.86,163717.76,269693.64,157.77
Girls Tops,Girls,Tops,Ecommerce,2026,Sep,8,false,156889.14,172546.17,20051,59432.09,,22702.07,,,420223.64,365269.86,125264.98,627.56
Girls Dresses,Girls,Dresses,Wholesale,2026,Mar,2,true,156428.18,153289.25,2717.98,54216.78,153019.22,3450.72,2958.94,126505.26,182742.47,121661.32,98954.18,156.43
Girls Tops,Girls,Tops,Ecommerce,2025,Oct,9,true,155075.16,153921.65,18365.3,103265.09,136849.1,23664.35,24616.74,421697.43,316086.51,425988.85,289262.14,620.3
Girls Sleepwear,Girls,Sleepwear,Ecommerce,2026,Mar,2,true,153868.09,149741.82,21570.46,74023.52,166036.51,23081.62,19397.77,350742.03,304759.42,346089.92,218895.69,615.47
Girls Tops,Girls,Tops,Ecommerce,2025,Jun,5,true,153496.65,152382.43,18856.59,7067.92,133113.97,20602.48,26287.56,374415.27,526897.23,359789.38,7605.26,613.99
Girls Bottoms,Girls,Bottoms,Ecommerce,2026,Apr,3,true,152893.24,142880.34,20122.92,103986.47,163112.47,21037.41,28725.51,404332.51,333041.25,419105.56,260606.53,611.57
Boys Tops,Boys,Tops,Ecommerce,2026,Nov,10,false,152293.32,150683.6,20137.29,105937.71,,20002.43,,,313457.05,432192.03,291639.89,609.17
Girls Sets,Girls,Sets,Ecommerce,2025,Nov,10,true,150614.47,147764.78,19363.43,118344.99,151256.92,23004.29,24250.27,445944.6,321146.01,453893.42,306968.63,602.46
Girls Bottoms,Girls,Bottoms,Ecommerce,2025,Nov,10,true,148682.87,147764.78,20371.05,101897.29,145831.56,18315.08,23297.21,421135.27,301097.14,433193.68,299689.23,594.73
Girls Sleepwear,Girls,Sleepwear,Ecommerce,2024,Nov,10,true,148579.18,151221.27,17499.54,113011.07,161836.48,22687.31,29539.02,432844.93,295485.49,440241.12,316616.44,594.32
Girls Dresses,Girls,Dresses,Retail Stores,2026,Oct,9,false,148344.9,143100.49,17059.76,98909.32,,16953.24,,,339718.87,452074.21,278988.59,1335.1
Boys Tops,Boys,Tops,Ecommerce,2025,Dec,11,true,146709.41,138339.46,17036.27,39540.31,145421.7,21444.05,29049,311954.17,365502.76,320902.53,124140.07,586.84
Girls Sets,Girls,Sets,Ecommerce,2026,Apr,3,true,146122.75,142880.34,17576.62,89270.71,130375.25,18903.52,24367.18,397443.4,312386.19,414233.85,267458.43,584.49
Girls Dresses,Girls,Dresses,Retail Stores,2026,Jun,5,true,145979.72,141669.49,14482.32,23337.53,170642.34,16933.23,20323.06,288379.61,448329.26,317471.05,33368.55,1313.82
Girls Sleepwear,Girls,Sleepwear,Ecommerce,2026,Oct,9,false,145831.62,141265.87,17409.54,77669.93,,21279.88,,,307409.95,426557.13,286842,583.33
Girls Dresses,Girls,Dresses,Retail Stores,2025,Apr,3,true,145075.61,143100.49,16861.78,85128.18,146863.65,15402.58,11073.08,420879.56,317339.03,425464.98,269909.81,1305.68
Girls Tops,Girls,Tops,Ecommerce,2024,Mar,2,true,144592.37,143120.13,19262.66,77983.21,149212.48,19131.86,21450.44,331777.78,287446.68,334285.01,211140.93,578.37
Girls Tops,Girls,Tops,Ecommerce,2025,Sep,8,true,143815.73,146225.57,22478.34,44447.05,141661.31,17325.76,19035.69,318832.27,397836.58,316086.51,79966.69,575.26
Girls Dresses,Girls,Dresses,Ecommerce,2024,Jan,12,true,143790.8,147440.74,19008.05,0,138611.38,19069.51,18934.82,642473.4,800682.11,637246.64,0,575.16
Girls Dresses,Girls,Dresses,Retail Stores,2026,Sep,8,false,143658.8,135945.47,12263.93,36100.85,,15616.57,,,361358.8,339718.87,138928.38,1292.93
Baby Rompers,Baby,Rompers,Ecommerce,2026,Dec,11,false,143184.55,146916.51,17226.05,46635.12,,16745.01,,,402468.27,328276.4,86310.43,572.74
Girls Sleepwear,Girls,Sleepwear,Ecommerce,2025,Apr,3,true,143168.36,141265.87,18662.3,96614.55,149826.53,17301.79,23408.71,385903.81,298228.45,410914.78,273729.15,572.67
Girls Tops,Girls,Tops,Ecommerce,2026,Aug,7,false,142683.65,159832.24,21643.48,67815.9,,19726,,,372876,420223.64,210328.03,570.73
Girls Sets,Girls,Sets,Ecommerce,2024,Dec,11,true,142342.3,140419.75,18065.99,40043.66,138790.88,19964.24,22170.59,320295.1,377823.77,316725.1,101777.24,569.37
Girls Tops,Girls,Tops,Ecommerce,2024,May,4,true,142212.82,147170.7,18680.96,50613.24,127055.4,22021,23694.42,451471.07,441312.01,418828.61,142319.26,568.85
Girls Sleepwear,Girls,Sleepwear,Ecommerce,2026,Jun,5,true,141738.85,139853.21,19335.99,18201.1,176573.7,21207.84,23559.37,285706.69,471006.07,324184.51,16692.08,566.96
Girls Dresses,Girls,Dresses,Wholesale,2025,Jul,6,true,140855.43,141897.48,2629.64,95043.87,133862.64,2487.68,2618.14,166158.02,106599.07,147802.41,184687.31,140.86
Girls Dresses,Girls,Dresses,Wholesale,2025,Oct,9,true,139323.55,137900.37,2779.18,99597.7,142582.69,2645.3,2788.79,151845.01,83197.57,140371.37,199281.98,139.32
Girls Bottoms,Girls,Bottoms,Ecommerce,2026,May,4,true,139171,131982.68,17492.95,33392.14,145202.71,16926.63,14276,408766.25,419105.56,422004.94,159553.69,556.68
Girls Dresses,Girls,Dresses,Retail Stores,2025,May,4,true,137730.66,132186.05,13467.77,50993.14,137773.8,14197.87,13738.8,413949.55,425464.98,418325.89,146029.02,1239.58
Girls Tops,Girls,Tops,Ecommerce,2026,Jul,6,true,137551.99,152567.14,21333.39,67855.88,114691.7,18730.59,16834.25,404976.79,351103.61,372876,178605.17,550.21
Girls Sleepwear,Girls,Sleepwear,Ecommerce,2026,Sep,8,false,137112.21,134202.58,19687.8,41169.58,,20430.52,,,354148.46,307409.95,111352.67,548.45
Girls Bottoms,Girls,Bottoms,Ecommerce,2026,Mar,2,true,136652.42,128350.13,15832,60131.02,122831.5,20455.49,25862.61,336186.51,268632.08,333041.25,222063.69,546.61
Girls Tops,Girls,Tops,Ecommerce,2024,Oct,9,true,136616.94,135018.99,18151.23,101309.94,126329.95,21181.18,20041.79,396530.48,313160.42,404300.13,249484.3,546.47
Girls Bottoms,Girls,Bottoms,Ecommerce,2024,Dec,11,true,136011.47,140419.75,18946.39,36826.11,133492.37,17805.29,18694.87,294062.42,394867.11,296426.03,55919.73,544.05
Girls Dresses,Girls,Dresses,Wholesale,2025,Mar,2,true,135129.1,129906.14,2427.89,43096.5,137151.4,2776.48,2598.46,102533.8,163717.76,104539.9,78862.85,135.13
Girls Dresses,Girls,Dresses,Wholesale,2025,Jun,5,true,134622.62,134902.53,2401.77,96910.39,158897.71,2968.33,2600.24,79758.66,52581.81,106599.07,191742.83,134.62
Girls Dresses,Girls,Dresses,Wholesale,2024,Feb,1,true,133981.32,135866.75,2820.04,72285.22,123207.94,2419.13,3063.09,131969.73,128061.02,130379.88,138853.3,133.98
Girls Tops,Girls,Tops,Ecommerce,2024,Sep,8,true,133572.29,128268.04,18006.57,37068.12,155689.12,15941.51,18003.88,266919.74,323380.04,313160.42,139828.46,534.29
Baby Rompers,Baby,Rompers,Ecommerce,2026,Nov,10,false,133144.63,135615.24,15717.3,89968.87,,18106.1,,,266118.92,402468.27,288132.67,532.58
Girls Tops,Girls,Tops,Ecommerce,2024,Jun,5,true,132692.57,133668.8,18119.4,17353.74,153936.35,15913.69,16961.97,276579.72,418828.61,298787.84,29096.26,530.77
Girls Sets,Girls,Sets,Ecommerce,2026,May,4,true,132251.87,131982.68,19323.97,52652.04,146952.06,18314.57,18077.05,372130.45,414233.85,381881.64,118743.24,529.01
Girls Sets,Girls,Sets,Ecommerce,2024,Nov,10,true,131981.23,129618.23,15181.99,88226.17,144337.89,17719.42,24439.85,367869,262219.07,377823.77,265833.27,527.92
Girls Sleepwear,Girls,Sleepwear,Ecommerce,2025,May,4,true,131806.47,130491.35,16807.46,47183.2,139488.41,18509.67,19372.11,397248.62,410914.78,397945.14,137873.73,527.23
Girls Tops,Girls,Tops,Ecommerce,2025,Aug,7,true,131435.06,135451.05,20701.27,52701.61,134726.45,15359.04,11378.67,386157.14,349885.4,397836.58,195271.02,525.74
Girls Dresses,Girls,Dresses,Retail Stores,2026,Aug,7,false,131244.71,125928.43,12554.4,57112.89,,15053.4,,,352129.98,361358.8,156708.14,1181.2
Girls Sets,Girls,Sets,Ecommerce,2026,Mar,2,true,131237.59,128350.13,17772.01,68231.12,106001.24,16981.71,19009.03,317533.78,259990.51,312386.19,201139.93,524.95
Girls Dresses,Girls,Dresses,Wholesale,2026,Sep,8,false,130689.78,123810.55,2343.81,70284.25,,2803.96,,,89494.75,107400.39,151530.08,130.69
Girls Dresses,Girls,Dresses,Retail Stores,2025,Mar,2,true,130232.44,128547.9,14292.39,70665.98,103614.82,14800.38,11975.72,349990.77,267554.96,317339.03,195988.98,1172.09
Girls Bottoms,Girls,Bottoms,Ecommerce,2024,Nov,10,true,129914.93,129618.23,17102.35,96933.3,128030.88,15628.59,17833.63,374750.72,264178.25,394867.11,276752.05,519.66
Girls Sleepwear,Girls,Sleepwear,Ecommerce,2025,Mar,2,true,129815.81,126899.85,14580.05,72139.59,133958.31,15498.34,16397.36,301113.57,266520.36,298228.45,177541.5,519.26
Girls Bottoms,Girls,Bottoms,Ecommerce,2026,Jun,5,true,129268.16,119874.18,15753.79,23929.89,116906.33,18118.21,18136.11,311906.06,422004.94,298333.57,24232.08,517.07
Boys Tops,Boys,Tops,Ecommerce,2025,Nov,10,true,128933.5,127697.96,17744.7,84617.7,119990.25,15971.11,18645.44,403196.97,244513.17,365502.76,266409.94,515.73
Girls Tops,Girls,Tops,Ecommerce,2025,Jul,6,true,127708.14,129294.19,16085.42,71309.34,111219.16,16654.41,20881.65,358272.98,359789.38,349885.4,134969.4,510.83
Girls Bottoms,Girls,Bottoms,Ecommerce,2026,Oct,9,false,127094.64,121085.03,15051.53,75256.94,,15897.8,,,282637.38,374092.84,234956.28,508.38
Girls Dresses,Girls,Dresses,Retail Stores,2024,Apr,3,true,126576.98,125526.75,12134.54,85182.99,136784.46,12147.35,11779.69,330940.22,258259.75,356890.43,238494.2,1139.19
Girls Dresses,Girls,Dresses,Retail Stores,2026,Jul,6,true,126514.17,120204.41,12619.86,55567.81,128840.75,13632.88,17562.79,331506.32,317471.05,352129.98,175944.61,1138.63
Boys Tops,Boys,Tops,Ecommerce,2024,Dec,11,true,126362.55,121350.4,14640.79,30665.63,135955.32,15157.43,17114.21,267048.24,326520.68,280730.45,96235.19,505.45
Girls Sleepwear,Girls,Sleepwear,Ecommerce,2026,Aug,7,false,126299.46,124313.97,16608.69,58744.83,,17732.21,,,364215.62,354148.46,134469.7,505.2
Girls Dresses,Girls,Dresses,Wholesale,2024,Jul,6,true,126186.05,124471.47,2215.29,82197.32,121106.28,2763.75,2139.65,140100.35,100441.86,132592.86,161226.99,126.19
Baby Rompers,Baby,Rompers,Ecommerce,2025,Dec,11,true,125805.72,124505.51,18934.63,41037.2,101364.43,18136.78,23162.79,309664.3,349432.69,287926.21,82939.24,503.22
Girls Sets,Girls,Sets,Ecommerce,2025,Apr,3,true,125653.02,121085.03,15005.66,77527.89,112349.58,15667.96,17619.94,352038.29,248161,348172.76,241835.36,502.61
Girls Sets,Girls,Sets,Ecommerce,2026,Oct,9,false,124179.8,121085.03,18049.23,84404.83,,16288.04,,,256807.09,338037.73,222195.2,496.72
Girls Sleepwear,Girls,Sleepwear,Ecommerce,2024,Apr,3,true,123735.83,123917.43,16963.16,85703.59,136318.53,16190.62,17889.97,349890,257262.99,368646.63,251805.04,494.94
Girls Bottoms,Girls,Bottoms,Ecommerce,2025,Apr,3,true,123196.1,121085.03,17082.96,88602.64,123450.7,14825,19088.65,342063.91,265784.45,340619.89,213349.33,492.78
Girls Sleepwear,Girls,Sleepwear,Ecommerce,2025,Oct,9,true,122474.56,119716.84,17763.51,83938.56,121553.82,15017,15597.23,369196.45,259407.37,357612.4,236186.49,489.9
Girls Sets,Girls,Sets,Ecommerce,2026,Jun,5,true,121974,119874.18,14900.33,8291.49,136095.6,18723.37,18169.66,284727.96,381881.64,295642.17,54945.8,487.9
Girls Tops,Girls,Tops,Ecommerce,2026,Feb,1,true,121854.2,134404.39,17982.13,45033.46,108423.86,18820.31,23210.98,340923.59,416480.12,334490.36,59172.16,487.42
Girls Dresses,Girls,Dresses,Wholesale,2024,Oct,9,true,121560.36,120965.23,2741.77,88265.33,130394.01,2546.87,2823.41,118661.65,78261.57,124934.38,170901.61,121.56
Girls Bottoms,Girls,Bottoms,Ecommerce,2026,Sep,8,false,121433.38,115030.78,17340.73,31828.44,,14342.65,,,330157.23,282637.38,88741.91,485.73
Boys Tops,Boys,Tops,Ecommerce,2026,Apr,3,true,120220.48,123476.83,18599,82652.5,124255.95,14473.64,18730.39,328557.1,257087.3,340636.19,218723.89,480.88
Girls Sleepwear,Girls,Sleepwear,Ecommerce,2026,Jul,6,true,119646.16,118663.33,16748.93,59787.66,121712.76,16577.63,12831.02,380480.72,324184.51,364215.62,176733.49,478.58
Girls Dresses,Girls,Dresses,Retail Stores,2025,Oct,9,true,119545.67,121271.6,13896.95,68552.09,123314.09,13580.38,18050.36,310105.91,279173.76,324108.1,179136.3,1075.91
Girls Tops,Girls,Tops,Retail Stores,2026,Dec,11,false,119232.59,128790.44,15380.71,33108.59,,10958.99,,,316604.6,285692.03,100352.1,1073.09
Girls Dresses,Girls,Dresses,Wholesale,2024,Jun,5,true,119137.15,118335.55,2680.26,83494.38,117570.84,2207.24,2419.19,119361.37,47140.07,100441.86,174765.33,119.14
Girls Sleepwear,Girls,Sleepwear,Ecommerce,2025,Jun,5,true,119125.04,118519.67,15059.56,223.61,134436.26,15822.04,16679.47,247149.95,397945.14,263327.16,805.6,476.5
Girls Sleepwear,Girls,Sleepwear,Ecommerce,2024,May,4,true,119006.84,114466.1,16038.02,34789.08,114635.88,16622.87,9177.09,355375.69,368646.63,336044.75,103503.86,476.03
Girls Dresses,Girls,Dresses,Retail Stores,2025,Jun,5,true,118223.36,120058.89,11087.1,9033.96,114931.95,12405.08,14424.58,289304.54,418325.89,288090.13,1456.69,1064.01
Baby Rompers,Baby,Rompers,Ecommerce,2025,Nov,10,true,116264.18,114928.17,17415.62,80967.05,125944.07,17883.94,21749.15,313255.88,240554.64,349432.69,243491.23,465.06
Girls Sets,Girls,Sets,Ecommerce,2026,Sep,8,false,116041.25,115030.78,16828.27,26932.04,,14345.04,,,308013.9,256807.09,79643.65,464.17
Girls Dresses,Girls,Dresses,Retail Stores,2024,May,4,true,115990.34,115952.67,13145.14,31516.21,113788.73,13224.46,9606.89,369003.6,356890.43,351364.46,124732.75,1043.91
Girls Sleepwear,Girls,Sleepwear,Ecommerce,2025,Sep,8,true,115829.33,113731,16780.92,39731.9,93575.59,14757.81,15613.44,280876.96,292520.99,259407.37,97936.83,463.32
Baby Sleepwear,Baby,Sleepwear,Ecommerce,2026,Dec,11,false,114922.97,122430.42,17127.84,30338.83,,15998.44,,,282285.05,263787.58,112883.64,459.69
Boys Tops,Boys,Tops,Ecommerce,2024,Nov,10,true,114788.64,112015.76,14730.7,82927.02,110035.95,14894.56,13068.47,345852.93,225389.26,326520.68,231273.77,459.15
Girls Dresses,Girls,Dresses,Retail Stores,2025,Sep,8,true,114705.66,115208.02,13707.92,40729.02,126969.71,11091.44,11022.87,263454.77,312542.46,279173.76,93460.75,1032.35
Boys Bottoms,Boys,Bottoms,Ecommerce,2026,Dec,11,false,113930.78,114268.39,15406.03,29961.19,,16330.89,,,305229.94,249844.36,75331.81,455.72
Girls Tops,Girls,Tops,Ecommerce,2024,Aug,7,true,113772.89,118816.71,14798.37,52423.98,108275.16,17541.78,25583.66,317720.01,308312.26,323380.04,146837.54,455.09
Girls Tops,Girls,Tops,Ecommerce,2024,Jul,6,true,113762.93,113415.95,15857.47,49429.11,112531.79,16641.41,20767.1,311719.38,298787.84,308312.26,140383.82,455.05
Boys Tops,Boys,Tops,Ecommerce,2026,May,4,true,113356.79,114059.11,15035.73,39519.58,116047.5,14358.1,16081.77,306244.17,340636.19,319979.08,107511.2,453.43
Girls Dresses,Girls,Dresses,Retail Stores,2026,Feb,1,true,113184.57,105894.36,11211.94,24428.13,105579.64,12688.24,11679.14,321705.97,329405.61,306146.65,103632.52,1018.66
Girls Dresses,Girls,Dresses,Wholesale,2024,Mar,2,true,112542.24,113952.76,2215.96,42372.35,123538.08,2304.66,1546.49,83603.57,130379.88,87776.08,72355.65,112.54
Girls Dresses,Girls,Dresses,Retail Stores,2024,Mar,2,true,112393.7,112761.32,13408.84,61315.96,117529.27,11640.34,10895.15,240877.78,228652.9,258259.75,154652.44,1011.54
Girls Bottoms,Girls,Bottoms,Ecommerce,2026,Aug,7,false,112253.37,106554.83,15026.44,47074.6,,15648.1,,,310460.59,330157.23,148047.13,449.01
Girls Sleepwear,Girls,Sleepwear,Ecommerce,2024,Mar,2,true,111902.88,111315.66,13756.78,64282.75,123913.63,14777.82,16629.7,249746.85,222552.97,257262.99,161838.33,447.61
Baby Rompers,Baby,Rompers,Ecommerce,2026,Apr,3,true,111739.18,111129.15,13293.81,78919.36,118316.14,14290.61,17402.35,327369.9,227162.93,339855.77,239169.58,446.96
Girls Sets,Girls,Sets,Ecommerce,2025,May,4,true,111634.3,111849.73,15907.83,38582.37,108594.66,17321.52,15732.46,334278.77,348172.76,335628.94,116858.54,446.54
Baby Rompers,Baby,Rompers,Ecommerce,2024,Dec,11,true,111482.53,109215.36,15734.64,25813.75,106929.37,14114.74,16445.31,242525.08,306726.8,246729.73,66046.14,445.93
Girls Bottoms,Girls,Bottoms,Ecommerce,2025,May,4,true,110755.41,111849.73,13432.9,31804.44,105377.59,15235.29,15817.19,337181.48,340619.89,326553.51,112367.33,443.02
Girls Bottoms,Girls,Bottoms,Ecommerce,2025,Mar,2,true,110423.17,108771.3,16622.61,54455.4,114826.46,14728.03,17413.18,256704.6,224891.79,265784.45,166485.55,441.69
Girls Sets,Girls,Sets,Ecommerce,2026,Aug,7,false,110382.64,106554.83,14396.45,47224.65,,13985.15,,,307594.8,308013.9,125228.43,441.53
Boys Tops,Boys,Tops,Ecommerce,2026,Mar,2,true,109947.64,110919.87,13203.35,55875.21,101700.65,16443.65,12221.45,287893.41,234731.18,257087.3,149187.21,439.79
Girls Sets,Girls,Sets,Ecommerce,2025,Mar,2,true,109637.44,108771.3,12783.19,54823.49,109355.03,14779.87,14370.83,281488.7,232518.59,248161,140498.27,438.55
Girls Bottoms,Girls,Bottoms,Ecommerce,2026,Jul,6,true,108589.97,101711.43,15680.75,45772.58,109063.41,15978.7,17214.24,306039.22,298333.57,310460.59,137130.05,434.36
Girls Tops,Girls,Tops,Ecommerce,2025,Feb,1,true,108385.21,113902.02,15900.24,25829.33,101134.91,13190.17,14141.35,308298.85,415426.07,301258.41,7841.26,433.54
Baby Rompers,Baby,Rompers,Ecommerce,2024,Nov,10,true,108006.5,100814.18,14341.1,80178.96,120086.79,14340.24,12192.77,290643.65,215603.63,306726.8,213901.94,432.03
Baby Sleepwear,Baby,Sleepwear,Ecommerce,2025,Dec,11,true,107642.01,103754.59,12825.74,35435.12,104322.3,16660.13,19785.35,266692.65,263570.75,261779.35,122941.31,430.57
Girls Dresses,Girls,Dresses,Retail Stores,2025,Aug,7,true,107605.14,106719.01,9721.73,40160.23,112531.76,11565.69,13695.75,297512.72,298251.83,312542.46,134429.91,968.45
Girls Tops,Girls,Tops,Retail Stores,2025,Dec,11,true,107429.21,109144.44,9915.85,28942.31,111748.18,11987.55,14876.32,234666.86,294991.6,240530.27,65922.29,966.86
Girls Sleepwear,Girls,Sleepwear,Ecommerce,2025,Aug,7,true,107301.26,105350.82,14715.04,45276.17,105942.88,14629.29,16670.81,288659.26,305567.09,292520.99,109313.65,429.21
Girls Sets,Girls,Sets,Ecommerce,2024,Apr,3,true,107300.82,106214.94,13265.4,68961.12,90253.09,14488.33,17306.74,296801.95,214404.79,290566.99,198380.55,429.2
Boys Tops,Boys,Tops,Ecommerce,2025,Apr,3,true,107165.65,104641.39,12244.14,68292.57,107773.33,16535.42,15871.62,310113.25,214542.47,298569.47,208156.73,428.66
Boys Bottoms,Boys,Bottoms,Ecommerce,2026,Nov,10,false,106574.03,105478.52,13414.56,80610.99,,13892.8,,,212864.7,305229.94,213258.35,426.3
Girls Sets,Girls,Sets,Ecommerce,2025,Oct,9,true,106381.69,102614.43,14248.4,61532.86,111943.16,12509.28,11433.96,307737.99,219857.7,321146.01,220604.8,425.53
Boys Tops,Boys,Tops,Ecommerce,2026,Jun,5,true,106129.4,103594.97,12881.92,13151.59,98487.17,14556.73,18962.9,234549.15,319979.08,232395.76,33527.33,424.52
Girls Dresses,Girls,Dresses,Retail Stores,2024,Jun,5,true,105898.4,105314.81,12667.51,15995.77,101409.29,11561.09,11737.49,238104.98,351364.46,233854.21,902.33,953.09
Girls Sleepwear,Girls,Sleepwear,Ecommerce,2026,Feb,1,true,105760.71,104536.74,12879.22,29271.12,99877.5,12494.48,14593.38,306658.12,371924.27,304759.42,51513.39,423.04
Girls Sleepwear,Girls,Sleepwear,Ecommerce,2024,Oct,9,true,105564.3,105014.77,12705.22,68397.08,124433.47,12359.08,13271.94,260452.46,242584.78,295485.49,171246.35,422.26
Girls Dresses,Girls,Dresses,Retail Stores,2024,Oct,9,true,105370.74,106378.6,10188.35,67100.57,109013.21,10207.96,13585.67,280456.09,237181.19,286501.8,165847.65,948.34
Boys Tops,Boys,Tops,Ecommerce,2026,Oct,9,false,105152.67,104641.39,15594.3,69234.74,,13842.87,,,245542.76,313457.05,187330.45,420.61
Girls Tops,Girls,Tops,Retail Stores,2026,Nov,10,false,104989.85,118883.49,13819.27,93844.18,,10139.47,,,207879.2,316604.6,224799.63,944.91
Girls Bottoms,Girls,Bottoms,Ecommerce,2025,Oct,9,true,104813.3,102614.43,12845.21,73010.38,107695.22,13482.73,17169.7,311251.07,220456.63,301097.14,199355.79,419.25
Girls Sleepwear,Girls,Sleepwear,Ecommerce,2025,Jul,6,true,104223.14,100562.15,14350.25,48670.33,105942.53,15840.5,18548.12,296618.87,263327.16,305567.09,162720.46,416.89
Girls Tops,Girls,Tops,Retail Stores,2025,Nov,10,true,104210.39,100748.72,10772.84,79155.34,106202.66,9571.45,8568.6,285462.81,203924.25,294991.6,205787.08,937.89
Girls Dresses,Girls,Dresses,Wholesale,2025,Sep,8,true,104187.14,104924.19,1917.38,60301.36,109927.46,2217.55,3003.57,67342.2,75428.66,83197.57,114277.79,104.19
Girls Sets,Girls,Sets,Ecommerce,2026,Jul,6,true,104027.28,101711.43,15663,56579.61,104657.87,14241.6,16497.58,294925.76,295642.17,307594.8,130637.62,416.11
Girls Bottoms,Girls,Bottoms,Ecommerce,2024,Apr,3,true,103672.85,106214.94,14410.14,76246.88,112336.16,15041.53,13561.6,301431.48,237552.99,296388.54,177964.61,414.69
Baby Sleepwear,Baby,Sleepwear,Ecommerce,2026,Nov,10,false,103535.84,113012.7,14724.79,77664.4,,14234.98,,,206802.27,282285.05,193667.75,414.14
Girls Dresses,Girls,Dresses,Wholesale,2026,Nov,10,false,103507.82,100227.58,2070.66,19354.51,,2285.03,,,157425.44,109646.89,58117.8,103.51
Girls Sleepwear,Girls,Sleepwear,Retail Stores,2026,Dec,11,false,103266.25,100170.34,9609.46,26225.34,,11512.39,,,267722.43,250808.28,98793.89,929.4
Girls Dresses,Girls,Dresses,Retail Stores,2025,Jul,6,true,103264.25,101868.15,10069.1,50609.23,125294.1,10118.12,13273.9,269655.98,288090.13,298251.83,124473.44,929.38
Girls Sets,Girls,Sets,Ecommerce,2025,Jun,5,true,102723.8,101588.29,12969.11,14640.25,90618.64,14257.96,14787.42,234931.84,335628.94,223552.26,5315.98,410.9
Girls Bottoms,Girls,Bottoms,Ecommerce,2025,Jun,5,true,102656.23,101588.29,13098.58,15815.82,103319.4,13337.8,15268.93,243641.65,326553.51,249802.16,39653.3,410.62
Girls Sleepwear,Girls,Sleepwear,Ecommerce,2024,Jun,5,true,102623.16,103964.62,12742.55,5067.85,103741.77,12917.08,13829.42,244600.38,336044.75,244665.83,24571.82,410.49
Girls Tops,Girls,Tops,Ecommerce,2026,Jan,12,false,102383.56,114425.36,17548.21,0,,13275.29,,,544143.79,428075.41,0,409.53
Girls Tops,Girls,Tops,Ecommerce,2024,Feb,1,true,101920.56,99914.05,11934.76,38020.66,110340.3,11767.91,15974.25,280178.7,281544,287446.68,119998.83,407.68
Baby Rompers,Baby,Rompers,Ecommerce,2026,May,4,true,101256.43,102653.2,15157.53,32009.77,96214.08,11900.99,15197.86,281218.59,339855.77,280476.05,54182.72,405.03
Boys Tops,Boys,Tops,Ecommerce,2026,Sep,8,false,100768.8,99409.32,11436.01,33494.83,,14851.41,,,248974.55,245542.76,112591.49,403.08
Girls Tops,Girls,Tops,Ecommerce,2025,Jan,12,true,100768.59,96970.64,11427.94,0,93602.39,15604.77,20524.07,418716.11,533256.55,416480.12,0,403.07
Girls Sleepwear,Girls,Sleepwear,Ecommerce,2024,Sep,8,true,100403.19,99764.03,11919.13,28714.21,103821.35,13669.44,16602.91,241038.7,262680.88,242584.78,94378.14,401.61
Girls Dresses,Girls,Dresses,Retail Stores,2024,Sep,8,true,100151.74,101059.67,11118.41,19502.25,117705.76,9052.18,11915.61,219316.35,278553.43,237181.19,68733.05,901.37
Baby Rompers,Baby,Rompers,Ecommerce,2026,Mar,2,true,98136.99,99827.88,13866.94,57370.93,92160.29,12426.77,16033.98,229919.81,195548.11,227162.93,142571.13,392.55
Girls Bottoms,Girls,Bottoms,Ecommerce,2025,Sep,8,true,98010.63,97483.71,14691.73,27903.9,99254.34,13518.7,14010.63,221332.53,281510.24,220456.63,50867.77,392.04
Girls Bottoms,Girls,Bottoms,Ecommerce,2024,Mar,2,true,97632.05,95413.42,13422.54,41573.73,101727.22,12688.07,11410.88,227428.13,190920.37,237552.99,157343.27,390.53
Girls Bottoms,Girls,Bottoms,Ecommerce,2024,May,4,true,97394.78,98113.8,15047.94,29457.79,95852.26,12587.54,12768.92,287383.06,296388.54,281408.99,95392.36,389.58
Girls Sets,Girls,Sets,Ecommerce,2024,May,4,true,97109.22,98113.8,11311.14,35419.21,100754.76,12949.98,11083.59,288065.11,290566.99,291330.73,111211.38,388.44
Girls Sets,Girls,Sets,Ecommerce,2024,Mar,2,true,96776.99,95413.42,11770,47321.9,87016.32,13268.88,15097.22,221681.33,199450.88,214404.79,125386.88,387.11
Boys Tops,Boys,Tops,Ecommerce,2025,May,4,true,95982.75,96660.26,14573.98,35029.31,99624.15,11611.25,8783.81,258805.24,298569.47,263270.31,72678.78,383.93
Girls Swim,Girls,Swim,Ecommerce,2026,Dec,11,false,95614.45,94446.32,13013.3,27520.96,,12400.63,,,240772.72,212843.42,80468.24,382.46
Girls Tops,Girls,Tops,Retail Stores,2024,Dec,11,true,95351.64,95740.74,10962.65,29572.78,92919.32,9307.57,9867.02,214373.83,271402.29,212873.78,46988.87,858.16
Boys Bottoms,Boys,Bottoms,Ecommerce,2025,Dec,11,true,95333.43,96837.62,14176.87,23918.61,103466.98,11859.32,12390.23,213102.91,264882.93,218807.25,61498.4,381.33
Girls Dresses,Girls,Dresses,Retail Stores,2024,Aug,7,true,95285.82,93613.17,9757.51,44979.37,89776.32,9238.75,10610.06,278631.33,262198.67,278553.43,121736.91,857.57
Girls Tops,Girls,Tops,Wholesale,2026,Feb,1,true,95144.6,105443.05,1902.59,90236.73,97031.17,1849.61,2016.95,81372.23,33684.16,100781.12,164186.32,95.14
Girls Bottoms,Girls,Bottoms,Ecommerce,2026,Feb,1,true,94579.11,89602.92,10407.42,26917.43,102112.28,12505.69,12734.39,263587.55,282139.82,268632.08,93955.38,378.32
Girls Dresses,Girls,Dresses,Wholesale,2024,Sep,8,true,94282.68,92038.76,1585.51,58462.71,94972.67,2109.67,1355.01,73913.26,70045.45,78261.57,104702.75,94.28
Girls Dresses,Girls,Dresses,Retail Stores,2024,Jul,6,true,94026.07,89358.02,10651.01,39999.16,97772.98,8912.66,8095.11,263338.78,233854.21,262198.67,132129.41,846.23
Girls Sets,Girls,Sets,Ecommerce,2025,Sep,8,true,94018.02,97483.71,14618.21,30722.04,88690.03,12216.4,14196.08,230513.93,267768.45,219857.7,58699.74,376.07
Girls Dresses,Girls,Dresses,Retail Stores,2026,Jan,12,false,93521.03,90153.31,9653.85,0,,9661.66,,,561851.73,457827.35,0,841.69
Baby Sleepwear,Baby,Sleepwear,Ecommerce,2025,Nov,10,true,93377.28,95773.47,13704.12,65587.72,80207.7,11574.24,12973.31,267756.76,204597.31,263570.75,164298.47,373.51
Baby Rompers,Baby,Rompers,Ecommerce,2025,Apr,3,true,93372.72,94177.25,12878.13,65844.09,102583.04,12126.17,14440.16,244346.21,187122.42,255888.98,174638.94,373.49
Girls Sets,Girls,Sets,Ecommerce,2025,Aug,7,true,93241.56,90300.7,12854.12,39477.61,103528.34,13049.55,15366.07,254883.32,245753.09,267768.45,128679.45,372.97
Girls Bottoms,Girls,Bottoms,Ecommerce,2025,Aug,7,true,93238.17,90300.7,11205.7,35220.94,85415.24,13417.84,11864.42,279378.35,253277.28,281510.24,135261.92,372.95
Boys Tops,Boys,Tops,Ecommerce,2025,Mar,2,true,93132.88,93999.89,12536.69,56198.61,102668.6,14401.82,15773.4,198622.39,197630.11,214542.47,124819.6,372.53
Baby Rompers,Baby,Rompers,Ecommerce,2026,Oct,9,false,92732.1,94177.25,13894.12,66300.07,,10817.35,,,196774.19,266118.92,173265.11,370.93
Girls Sets,Girls,Sets,Ecommerce,2024,Jun,5,true,92699.07,89112.53,10515.75,10854.07,88317.82,13922.54,11741.11,230936.58,291330.73,223843.22,39504.9,370.8
Girls Sleepwear,Girls,Sleepwear,Retail Stores,2026,Nov,10,false,92497.2,92464.93,8758.66,73394.05,,10754.16,,,187507.18,267722.43,184299.09,832.47
Baby Sleepwear,Baby,Sleepwear,Ecommerce,2024,Dec,11,true,92364.84,91012.8,11345.57,26951.98,80861.71,10727.09,10223.12,231760.84,236796.41,224258.91,90923.9,369.46
Girls Sleepwear,Girls,Sleepwear,Ecommerce,2024,Aug,7,true,92338.77,92413,11498.75,47358.93,92195.56,13779.63,13389.35,257915.62,261837.74,262680.88,107330.89,369.36
Girls Dresses,Girls,Dresses,Retail Stores,2025,Feb,1,true,92207.9,89740.99,10713.99,13208.46,97328.03,10975.58,10345.88,265689.04,290918.73,267554.96,80649.58,829.87
Boys Tops,Boys,Tops,Ecommerce,2024,Apr,3,true,92081.72,91790.69,14050.97,69875.75,86325.26,12615.19,14410.75,256587.16,202245.12,267378.05,170198.16,368.33
Boys Tops,Boys,Tops,Ecommerce,2026,Aug,7,false,91962.87,92084.42,12171.11,37830.47,,12327.66,,,257626.82,248974.55,96006.12,367.85
Baby Rompers,Baby,Rompers,Ecommerce,2026,Jun,5,true,91086.99,93235.47,10892.83,1521.48,81105.46,14085.23,13096.23,214046.37,280476.05,204146.96,29207.49,364.35
Girls Tops,Girls,Tops,Retail Stores,2024,Nov,10,true,90951.29,88376.07,8125.15,61241.19,87240.24,10651.21,12291.72,277343.19,176268.21,271402.29,197555.14,818.56
Girls Bottoms,Girls,Bottoms,Retail Stores,2026,Dec,11,false,90901.25,85860.3,9826.07,23779.15,,9847.48,,,237969.88,211636.56,75233.53,818.11
Girls Sets,Girls,Sets,Ecommerce,2024,Oct,9,true,90892.17,90012.66,10551.37,65148.99,95680.31,10978.54,13011.06,243561.12,183943.56,262219.07,180509.79,363.57
Boys Tops,Boys,Tops,Ecommerce,2025,Jun,5,true,90752.01,87792.35,12718.7,2896.61,92515.48,12612.74,17854.76,197368.84,263270.31,202526.87,42984.32,363.01
Girls Sets,Girls,Sets,Ecommerce,2026,Feb,1,true,90405.76,89602.92,10596.54,15436.06,94937.8,12715.9,12122.38,259556.48,291283.31,259990.51,72190.49,361.62
Girls Tops,Girls,Tops,Wholesale,2025,Feb,1,true,90316.09,89358.51,1611.14,77331.38,84942.09,1693.12,2210.51,83027.64,34187.89,94912.54,152824.17,90.32
Girls Bottoms,Girls,Bottoms,Ecommerce,2024,Jun,5,true,90072.35,89112.53,10667.82,13801.13,94414.13,13879.88,16421.97,189944.26,281408.99,195995.35,18898.88,360.29
Girls Sleepwear,Girls,Sleepwear,Ecommerce,2024,Jul,6,true,89651.75,88212.41,11708.2,41133.26,96251.55,10609.53,12126.63,259867.02,244665.83,261837.74,117791.8,358.61
Girls Sleepwear,Girls,Sleepwear,Ecommerce,2025,Feb,1,true,89629.84,88590.46,10858.09,15433.18,76461.32,13057.19,11936.06,289816.98,288028.4,266520.36,81537.52,358.52
Girls Sleepwear,Girls,Sleepwear,Ecommerce,2026,Jan,12,false,89134.08,88997.5,12446.82,0,,12528.03,,,518985.48,416966.82,0,356.54
Boys Bottoms,Boys,Bottoms,Ecommerce,2025,Nov,10,true,89062.35,89388.57,12316.38,66292,97465.96,13593.16,13681.19,248574.42,188431.17,264882.93,179463.52,356.25
Girls Sets,Girls,Sets,Retail Stores,2026,Dec,11,false,89019.95,85860.3,8242.17,22530.22,,8182.87,,,237678.79,194948.69,55273.91,801.18
Boys Tops,Boys,Tops,Ecommerce,2025,Oct,9,true,88871.15,88679.14,12357.92,57466.64,99096.73,12552.85,13158.35,234567.84,205822.79,244513.17,140469.86,355.48
Baby Rompers,Baby,Rompers,Ecommerce,2025,May,4,true,88860.01,86994.24,13346.39,30042.07,73877.76,11491.31,14341.49,245297,255888.98,241271.21,86088.98,355.44
Girls Bottoms,Girls,Bottoms,Ecommerce,2024,Oct,9,true,88030.31,90012.66,12542.25,59170.9,71733.59,10223.24,13853.3,292533.66,190962.73,264178.25,171821.19,352.12
Baby Rompers,Baby,Rompers,Ecommerce,2026,Sep,8,false,87903.9,89468.38,13702.34,22066.62,,12080.23,,,226154.26,196774.19,70955.66,351.62
Girls Sleepwear,Girls,Sleepwear,Retail Stores,2025,Dec,11,true,87618.19,84890.12,8200.28,28656.13,86979.56,9521.8,11192.06,194201.28,224701.7,189510.64,62737.5,788.56
Boys Tops,Boys,Tops,Ecommerce,2026,Jul,6,true,87416.62,87898.76,12476.24,39224.17,87025.88,13418.81,12550.73,261283.4,232395.76,257626.82,126416.16,349.67
Girls Bottoms,Girls,Bottoms,Ecommerce,2025,Jul,6,true,87360.59,86196.12,12635.6,41658.79,84492.97,10361.58,12240.47,253906.26,249802.16,253277.28,101546.73,349.44
Girls Dresses,Girls,Dresses,Wholesale,2025,Nov,10,true,87247.44,84938.63,1932.98,19697.64,94929.05,1683.62,1511.8,75368.57,140371.37,82142.32,30789.26,87.25
Girls Bottoms,Girls,Bottoms,Ecommerce,2024,Sep,8,true,86618.88,85512.03,12191.75,27802.65,89655.07,13216.82,11251.17,187547.78,223842.62,190962.73,67302.3,346.48
Girls Tops,Girls,Tops,Wholesale,2026,Jul,6,true,86556.75,96599.44,2199.22,63122.25,83045.77,1904.61,2227.57,91277.21,68926.64,87467.94,107089.22,86.56
Girls Tops,Girls,Tops,Retail Stores,2026,Apr,3,true,86373.9,97418.41,11419.84,60399.67,72107.4,8732.35,10887.26,245871.88,185070.8,252539.74,163352.56,777.37
Girls Tops,Girls,Tops,Wholesale,2026,Oct,9,false,86306.27,93878.33,1668.11,65811.11,,1984.05,,,49544.45,83812.49,122644.66,86.31
Boys Tops,Boys,Tops,Ecommerce,2024,May,4,true,85912.73,84789.7,12759.84,23013.11,76633.68,12393.56,13048.14,239678.39,267378.05,236451.69,67723.59,343.65
Baby Sleepwear,Baby,Sleepwear,Ecommerce,2026,Apr,3,true,85852.68,92607.63,12777.64,59188.87,85850.59,10729.6,12942.16,241217.22,170743,245914.64,172097.34,343.41
Girls Sets,Girls,Sets,Ecommerce,2025,Jul,6,true,85744.35,86196.12,12457.29,39628.93,86319.45,10901.21,11325.91,236240.77,223552.26,245753.09,119189.37,342.98
Girls Swim,Girls,Swim,Ecommerce,2026,Nov,10,false,85611.59,87181.22,12446.71,67220.64,,12410.82,,,173497.86,240772.72,165639.72,342.45
Boys Bottoms,Boys,Bottoms,Ecommerce,2024,Dec,11,true,85282.14,84945.28,11509.33,26684.26,88921.51,12487.65,15924.25,187264.1,242631.25,195800.88,51280.55,341.13
Boys Bottoms,Boys,Bottoms,Ecommerce,2026,Apr,3,true,85228.5,86433.78,11430.87,65463.58,86071.86,12197.55,11019.27,242511.76,175574.59,232680.07,154872.44,340.91
Girls Dresses,Girls,Dresses,Wholesale,2026,Aug,7,false,84998.53,82540.36,1471.2,0,,1631.9,,,164984.69,89494.75,11225.48,85
Baby Rompers,Baby,Rompers,Ecommerce,2024,Apr,3,true,84942.41,82611.62,11139.33,64726.26,80099.59,10073.56,12323.98,226509.47,171511.34,231913.94,155758.34,339.77
Boys Tops,Boys,Tops,Ecommerce,2025,Sep,8,true,84725.87,84245.18,11497.11,28261.85,88041.35,11005.8,11262.22,205152.46,213938.87,205822.79,87954.49,338.9
Girls Sets,Girls,Sets,Ecommerce,2024,Sep,8,true,84423.53,85512.03,10193.05,18632.12,85734.93,12780.23,13026.44,180534.13,224448.23,183943.56,57036.78,337.69
Baby Rompers,Baby,Rompers,Ecommerce,2025,Mar,2,true,84231.02,84599.9,10778.37,46180.63,74506.58,12074.53,15011.15,191310.52,182511.89,187122.42,101253.01,336.92
Boys Tops,Boys,Tops,Ecommerce,2024,Mar,2,true,83940.5,82456.04,11457.39,41065.56,90800.46,10983.61,10354.35,197471.51,175170.69,202245.12,122334.3,335.76
Girls Tops,Girls,Tops,Ecommerce,2024,Jan,12,true,83758.21,85061.96,12185.98,0,91704.89,12384.98,13458.25,406374.81,511904.29,415426.07,0,335.03
Boys Bottoms,Boys,Bottoms,Ecommerce,2024,Nov,10,true,83659.6,78411.03,11978.16,55780.88,81775.13,10198.41,12786.06,244083.8,158790.86,242631.25,178033.03,334.64
Girls Tops,Girls,Tops,Wholesale,2026,Jun,5,true,83423.52,91837.49,1895.43,67514.85,82665.97,1466.26,1791.83,65038.67,34111.93,68926.64,119787.92,83.42
Girls Bottoms,Girls,Bottoms,Retail Stores,2026,Nov,10,false,83387.17,79255.66,7670.78,57566.09,,8737.23,,,164346.42,237969.88,166498.34,750.48
Baby Rompers,Baby,Rompers,Ecommerce,2026,Aug,7,false,83256.41,82875.98,12145.37,42194.86,,11289.05,,,231580.52,226154.26,89452.22,333.03
Girls Sleepwear,Girls,Sleepwear,Wholesale,2026,Feb,1,true,82883.44,82011.26,1629.27,73096.38,93649.69,1451.03,1873.07,54647.89,29634.77,79109.75,133892.33,82.88
Girls Tops,Girls,Tops,Retail Stores,2026,May,4,true,82150.96,89988.19,9082.87,29706.89,73071.89,8941.88,9852.48,257479.38,252539.74,249191.18,88483.64,739.36
Baby Sleepwear,Baby,Sleepwear,Ecommerce,2024,Nov,10,true,82025.14,84011.82,13014.66,59996.79,70760.21,10293.65,10254.86,233905.99,168490.07,236796.41,160953.23,328.1
Girls Tops,Girls,Tops,Wholesale,2025,Oct,9,true,81739.53,79557.9,1500.9,57701.79,74462.07,1862.77,1485.32,90584.22,50509.04,78693.28,111868.28,81.74
Girls Sets,Girls,Sets,Retail Stores,2026,Nov,10,false,80969.41,79255.66,9481.24,56096.4,,7729.69,,,172394.01,237678.79,154712.6,728.72
Girls Tops,Girls,Tops,Retail Stores,2025,May,4,true,80509.63,76261.18,9133.5,23237.33,76164.91,8357.5,11096.68,246448.92,236984.29,236087.28,88694.71,724.59
Girls Tops,Girls,Tops,Wholesale,2025,Jun,5,true,80453.94,77828.38,1784.12,56265.56,69975.49,1540.02,2229.57,73694.14,32230.79,67504.87,117348.5,80.45
Girls Tops,Girls,Tops,Wholesale,2026,Mar,2,true,80447.04,88436.1,1588.48,31241.08,93486.37,1455,1901.71,48352.2,100781.12,68025.75,49227.12,80.45
Girls Bottoms,Girls,Bottoms,Ecommerce,2024,Aug,7,true,80411.31,79211.14,10697.38,34411.25,80310.73,12420.51,13203.06,210553.64,225376.74,223842.62,91619.35,321.65
Girls Tops,Girls,Tops,Retail Stores,2025,Apr,3,true,80317.12,82557.98,7860.26,57430.33,70379.76,8565,9559.18,260785.83,174975.49,236984.29,151613.79,722.85
Girls Sets,Girls,Sets,Ecommerce,2024,Aug,7,true,80053.25,79211.14,11690.98,37078.48,75256.59,11674.32,16281.58,219869.08,204479.2,224448.23,112016.81,320.21
Girls Bottoms,Girls,Bottoms,Ecommerce,2026,Jan,12,false,80025.14,76283.57,9829.57,0,,11781.04,,,436924.88,344798.61,0,320.1
Baby Sleepwear,Baby,Sleepwear,Ecommerce,2026,May,4,true,79835.9,85544.33,9915.51,29454.53,77645.17,10050.08,12009.49,235354.4,245914.64,231849.19,76139.87,319.34
Girls Swim,Girls,Swim,Ecommerce,2025,Dec,11,true,79726.99,80039.26,11705.91,21272.77,73315.8,10361.84,13762.32,181158.17,199759.04,183333.76,73982.46,318.91
Girls Tops,Girls,Tops,Wholesale,2025,Jul,6,true,79691.72,81863.93,1584.65,55732.74,74047.58,1759.25,1927.19,76058.79,67504.87,76141.11,90166.9,79.69
Girls Tops,Girls,Tops,Retail Stores,2026,Mar,2,true,79615.67,87511.45,9763.51,52322.16,84917.54,8421.5,8355.98,178996.15,167963.94,185070.8,105860.57,716.54
Girls Tops,Girls,Tops,Wholesale,2024,Feb,1,true,79558.07,78384.66,1473.54,40960.12,85047.28,1719.29,1660.1,75791.13,80588.99,81677.88,82445.81,79.56
Baby Sleepwear,Baby,Sleepwear,Ecommerce,2025,Apr,3,true,79242.08,78481.04,11898.2,48827,71242.19,12051.19,12526.77,238106.49,175511.5,231955.84,148054.57,316.97
Baby Rompers,Baby,Rompers,Ecommerce,2025,Oct,9,true,79229,79811.23,9429.55,54689.54,71681.42,10901.19,11996.68,232277.74,174280.31,240554.64,156721.44,316.92
Baby Rompers,Baby,Rompers,Ecommerce,2025,Sep,8,true,79104.55,75820.66,9847.34,18408.23,70144.72,11635.4,10965.01,183627.09,199812.32,174280.31,65524.36,316.42
Boys Bottoms,Boys,Bottoms,Ecommerce,2026,Mar,2,true,78644.33,77643.91,11725.67,42364.01,70214.04,10272.79,8815.52,196694.71,161468.25,175574.59,103338.04,314.58
Boys Bottoms,Boys,Bottoms,Ecommerce,2026,May,4,true,78617.14,79841.38,10856.97,20810.5,78218.76,10772.18,11722.01,209418.47,232680.07,218033.25,75056.96,314.47
Boys Tops,Boys,Tops,Ecommerce,2025,Aug,7,true,78392.4,78037.64,10699.25,38570.89,75421.2,10176.97,12709.15,212503.91,209400.62,213938.87,93421.19,313.57
Girls Sleepwear,Girls,Sleepwear,Ecommerce,2024,Feb,1,true,78321.76,77710.93,10751.1,28875.37,74823.34,10090.18,7451.45,225575.15,212385.72,222552.97,98892.48,313.29
Baby Rompers,Baby,Rompers,Ecommerce,2025,Jun,5,true,78146.64,79013.11,10525.92,7883.5,68439.01,11185.89,13200.35,181296.04,241271.21,174269.94,22643.86,312.59
Boys Tops,Boys,Tops,Ecommerce,2024,Jun,5,true,78103.65,77010.83,9559.15,9426.68,81636.98,11747.69,10712.67,179420.15,236451.69,182823.54,36535.6,312.41
Girls Dresses,Girls,Dresses,Retail Stores,2024,Feb,1,true,77960.6,78720.16,7465.77,33652.02,75986.44,8533.46,9489.31,245699.21,218687.21,228652.9,97161.39,701.65
Girls Dresses,Girls,Dresses,Wholesale,2026,Jan,12,false,77929.77,74286.33,1674.26,51403.8,,1724.97,,,59697.3,81222.58,101257.94,77.93
Girls Sets,Girls,Sets,Ecommerce,2026,Jan,12,false,77625.28,76283.57,10572.1,0,,10921.15,,,424831.12,335974.18,0,310.5
Girls Sleepwear,Girls,Sleepwear,Wholesale,2026,Jul,6,true,77560.83,75132.9,1521.9,49597.24,84228.41,1686.99,1775.31,67601.17,57808.38,73522.35,95039.35,77.56
Baby Sleepwear,Baby,Sleepwear,Ecommerce,2026,Mar,2,true,77387.34,83189.9,9806.35,47684.12,83063.33,11042.12,13847.49,164167.61,163423.93,170743,96058.07,309.55
Boys Tops,Boys,Tops,Ecommerce,2026,Feb,1,true,77384.81,77434.63,11977.58,30093.99,71456.81,10163.3,13441.18,242330.78,256303.06,234731.18,66285.76,309.54
Girls Dresses,Girls,Dresses,Retail Stores,2025,Jan,12,true,77297.24,76401.11,9059.87,0,87886.43,9086.03,8753.32,319016.77,416484.56,329405.61,0,695.68
Girls Sets,Girls,Sets,Ecommerce,2025,Feb,1,true,77294.16,75934.68,11693.05,23187.53,84194.55,9717.92,10243.64,222772.89,251905.22,232518.59,67934.62,309.18
Girls Tops,Girls,Tops,Wholesale,2025,Mar,2,true,77065.68,74945.85,1321.07,22199.43,66294.71,1471.76,1615.77,77849.44,94912.54,65105.85,48807.82,77.07
Baby Rompers,Baby,Rompers,Ecommerce,2026,Jul,6,true,77064.94,79108.89,12078.5,38039.11,75014.37,11225.34,12365,246183.46,204146.96,231580.52,116032.11,308.26
Girls Dresses,Girls,Dresses,Wholesale,2026,Apr,3,true,76871.61,73107.18,1315.68,13119.19,86637.63,1516.39,1519.98,60823.09,121661.32,76043,32846.56,76.87
Baby Rompers,Baby,Rompers,Ecommerce,2024,May,4,true,76842.77,76310.73,10438.49,17943.72,74586.44,11536.06,17279.83,215438.17,231913.94,216935.32,73707.58,307.37
Girls Bottoms,Girls,Bottoms,Ecommerce,2024,Jul,6,true,76832.96,75610.64,11732.49,33674.34,68581.92,8938.99,6814.47,221607.79,195995.35,225376.74,115460.67,307.33
Boys Tops,Boys,Tops,Ecommerce,2024,Oct,9,true,76754.7,77788.72,11042.1,51867.16,72351.62,9204.49,11474.84,236123.77,180969.73,225389.26,130685.74,307.02
Girls Bottoms,Girls,Bottoms,Retail Stores,2025,Dec,11,true,76668.57,72762.96,7355.65,24950.88,70958.29,7077.1,7684.54,182592.29,201355.15,175440.95,58521.49,690.02
Girls Bottoms,Girls,Bottoms,Ecommerce,2025,Feb,1,true,76584.49,75934.68,8963.23,16296.13,82026.64,10775.79,8346.1,220919.36,231019.49,224891.79,81538.92,306.34
Girls Sleepwear,Girls,Sleepwear,Retail Stores,2025,Nov,10,true,76584.08,78360.11,8138.76,51306.78,79229.39,7304.94,7727.57,211193.59,157686.82,224701.7,151593.16,689.26
Boys Tops,Boys,Tops,Ecommerce,2024,Sep,8,true,76283.63,73899.28,9977.14,21502.13,78272.32,9622.93,11411.68,179766.76,204875.67,180969.73,62305.75,305.13
Baby Rompers,Baby,Rompers,Ecommerce,2024,Mar,2,true,75822.51,74210.44,8674.61,33121.05,74680.17,11575.56,13725.07,174119.94,147449.97,171511.34,111762.73,303.29
Girls Sleepwear,Girls,Sleepwear,Retail Stores,2026,Apr,3,true,75473.29,75769.88,8556.28,47909.62,74117.6,8369.66,8581.11,197013.97,151537.35,205807.64,138792.5,679.26
Girls Sleepwear,Girls,Sleepwear,Wholesale,2026,Oct,9,false,74846.42,73016.48,1346.28,54709.57,,1703.05,,,44637.05,76704.59,108691.85,74.85
Girls Sets,Girls,Sets,Retail Stores,2025,Dec,11,true,74766.11,72762.96,8505.92,21884.75,85095.66,7545.61,8676.03,151662.84,186786.08,161933.9,58132.43,672.89
Girls Tops,Girls,Tops,Retail Stores,2026,Oct,9,false,74661.7,82557.98,7581.74,51869.91,,8092.24,,,159158.76,207879.2,132146.33,671.96
Boys Tops,Boys,Tops,Ecommerce,2025,Jul,6,true,74620.86,74490.48,8913.92,33669.93,73916.76,8963.17,9805.18,207252.42,202526.87,209400.62,90756.27,298.48
Girls Bottoms,Girls,Bottoms,Wholesale,2026,Feb,1,true,74596.68,70295.36,1398.37,61330.15,76507.39,1337.9,1641.58,75146.41,26519.91,71345.68,120834.95,74.6
Boys Tops,Boys,Tops,Retail Stores,2026,Dec,11,false,74506.09,74200.26,8708.27,20023.26,,7118.59,,,200426.31,172507.23,54376.16,670.55
Girls Sleepwear,Girls,Sleepwear,Ecommerce,2025,Jan,12,true,73997.11,75421.61,9250.31,0,71371.2,9469.11,11441.96,372525.33,455686.48,371924.27,0,295.99
Girls Sets,Girls,Sets,Ecommerce,2024,Jul,6,true,73660.36,75610.64,9673.06,33234.96,69593.34,9823.7,11177.76,201795.65,223843.22,204479.2,64414.68,294.64
Boys Bottoms,Boys,Bottoms,Ecommerce,2026,Oct,9,false,73573.76,73248.97,11139.22,51146.93,,11143.33,,,166824.25,212864.7,131051.84,294.3
Baby Sleepwear,Baby,Sleepwear,Ecommerce,2025,Mar,2,true,73347.92,70499.92,10829.4,36948.5,67473.02,8462.45,9265.67,186681.7,138803.37,175511.5,118811.89,293.39
Girls Tops,Girls,Tops,Retail Stores,2024,Apr,3,true,73324.68,72419.28,7307.42,49714.68,56633.53,8716.53,11475.09,234706.24,144040.42,216604.86,155265.57,659.92
Girls Sleepwear,Girls,Sleepwear,Wholesale,2026,Jun,5,true,73249.8,71429.16,1427.67,51580.86,78771.23,1482.84,1636.84,55150.83,29998.12,57808.38,102616.16,73.25
Girls Swim,Girls,Swim,Ecommerce,2025,Nov,10,true,73223.11,73882.39,10352.68,51866.72,80581.61,11041.14,12904.89,193341.94,138213.82,199759.04,146102.36,292.89
Girls Swim,Girls,Swim,Ecommerce,2026,Apr,3,true,73177.41,71440.17,8359.06,51508.69,69561.48,10301.72,13243.94,207079.53,147901.67,219994.43,155864.59,292.71
Girls Sleepwear,Girls,Sleepwear,Retail Stores,2024,Dec,11,true,73149.12,74465.02,8527.93,20461.75,79377.67,7274.99,8122.59,165142.54,198564.1,174171.28,56689.62,658.34
Baby Sleepwear,Baby,Sleepwear,Ecommerce,2025,May,4,true,73132.64,72495.2,9500.14,26835.75,63346.62,9973.68,11651.75,223455.36,231955.84,214954.73,66397.74,292.53
Girls Tops,Girls,Tops,Retail Stores,2025,Oct,9,true,73092.84,69964.39,6698.92,41109.39,71159.46,6924.12,6612.08,204792.68,158175.3,203924.25,126423.74,657.84
Girls Dresses,Girls,Dresses,Wholesale,2024,Nov,10,true,73014.67,74507.57,1563.14,15852,82092.2,1395.07,1673.22,62723.99,124934.38,71667.85,21216.22,73.01
Boys Bottoms,Boys,Bottoms,Ecommerce,2025,Apr,3,true,72976.09,73248.97,10676.02,51481.54,83650.44,10283.12,12447.45,192629.38,149431.73,204496.96,138616.35,291.9
Girls Dresses,Girls,Dresses,Wholesale,2026,Dec,11,false,72642.8,70748.88,1451.19,14004.24,,1501.5,,,109646.89,59697.3,24267.35,72.64
Girls Tops,Girls,Tops,Retail Stores,2025,Mar,2,true,72520.23,74162.25,7217.12,39334.94,75925.9,7974.52,9326.19,168100.8,142191.91,174975.49,113931.02,652.68
Girls Tops,Girls,Tops,Retail Stores,2026,Jun,5,true,72305.39,81732.4,8037.84,5758.39,81052.03,8497.97,6553.34,169041.41,249191.18,176220.11,8483.04,650.75
Baby Sleepwear,Baby,Sleepwear,Ecommerce,2026,Oct,9,false,72121.36,78481.04,11326.74,54280.71,,8637.51,,,162619.62,206802.27,125230,288.49
Baby Sleepwear,Baby,Sleepwear,Ecommerce,2026,Jun,5,true,72082.1,77696.23,10444.15,5242.77,63617.71,10488.4,10571.15,178377.67,231849.19,168728.83,19738.47,288.33
Boys Bottoms,Boys,Bottoms,Ecommerce,2026,Jun,5,true,71787.66,72516.48,10975.21,8210.63,71182.32,10816.22,12998.49,166134.56,218033.25,167803.71,32661.49,287.15
Girls Tops,Girls,Tops,Wholesale,2024,Jul,6,true,71712.26,71810.46,1431.88,45990.77,70073.69,1419.78,1699.79,68674.93,54037.57,67529.2,86695.37,71.71
Baby Rompers,Baby,Rompers,Ecommerce,2024,Oct,9,true,71445.85,70009.85,9220.18,44910.96,66793.13,8759.34,11309.09,225989.21,165886.51,215603.63,130208.08,285.78
Girls Sets,Girls,Sets,Wholesale,2026,Feb,1,true,71204.67,70295.36,1569.64,60573.11,82803.75,1444.24,1428.03,60797.61,25845.18,75139.3,122014.22,71.2
Girls Sleepwear,Girls,Sleepwear,Wholesale,2026,Mar,2,true,70879.08,68783.64,1178.47,21486.24,70842.89,1539.5,2003.24,59013.65,79109.75,58242.74,51622.45,70.88
Girls Tops,Girls,Tops,Retail Stores,2026,Sep,8,false,70802.16,78430.08,8247.87,16382.8,,7889.92,,,180771.4,159158.76,57716.67,637.22
Girls Dresses,Girls,Dresses,Wholesale,2025,Aug,7,true,70743.51,69949.46,1325.28,0,66769.7,1559.5,1445.34,79526.71,147802.41,75428.66,0,70.74
Baby Sleepwear,Baby,Sleepwear,Ecommerce,2026,Sep,8,false,70665.29,74556.99,9747.87,22461.7,,10001.42,,,182131.24,162619.62,61437.74,282.66
Girls Swim,Girls,Swim,Ecommerce,2024,Dec,11,true,70584.45,70209.88,10241.29,16784.01,61541.14,8184.08,8593.53,180188.66,186219.88,169848.62,62679.61,282.34
Girls Tops,Girls,Tops,Wholesale,2024,Jun,5,true,70381.51,68270.51,1473.39,51142.77,63787.32,1242.58,1195.66,57232.68,28366.6,54037.57,97365.45,70.38
Boys Swim,Boys,Swim,Ecommerce,2026,Dec,11,false,70319.4,65296.22,9536.36,18273.99,,10785.82,,,178588.18,170096.64,72894.97,281.28
Girls Sleepwear,Girls,Sleepwear,Retail Stores,2026,May,4,true,70201.62,69990.82,6429.66,20863.02,71807.1,6909.87,7386.51,204060.21,205807.64,194562.59,66498.25,631.81
Baby Rompers,Baby,Rompers,Ecommerce,2025,Aug,7,true,70032,70233.88,10200.35,34805.96,73566.67,9998.27,11060.64,186616.5,189721.12,199812.32,90401.6,280.13
Girls Tops,Girls,Tops,Wholesale,2024,Oct,9,true,69921.74,69787.63,1544.94,53729.34,57643.19,1375.2,1559.08,72594.08,44636.43,68777.01,95507.45,69.92
Girls Sleepwear,Girls,Sleepwear,Retail Stores,2024,Nov,10,true,69862.06,68736.94,6416.84,46315.37,66649.98,6615.99,7316.08,194775.27,144091.49,198564.1,131579.42,628.76
Baby Rompers,Baby,Rompers,Ecommerce,2024,Jun,5,true,69502.87,69309.75,9113.2,6543.61,79315.73,9355.49,9189.97,156057.46,216935.32,164009,26210.05,278.01
Baby Sleepwear,Baby,Sleepwear,Ecommerce,2024,Apr,3,true,69134.5,68843.02,9645.04,46379,75507.63,9568.26,8432.76,174144.3,146118.87,186989.09,119849.52,276.54
Baby Rompers,Baby,Rompers,Ecommerce,2024,Sep,8,true,69088.79,66509.36,7674.6,16343.59,75374.2,8431.45,7141.65,165501.86,180016.17,165886.51,63666.93,276.36
Boys Bottoms,Boys,Bottoms,Ecommerce,2025,May,4,true,69026.67,67662.18,8353.9,19762.23,67729.05,8176.78,8948.77,196661.67,204496.96,197655.07,70637.66,276.11
Boys Bottoms,Boys,Bottoms,Ecommerce,2026,Sep,8,false,68795.73,69586.52,10005.92,17536.72,,9741.36,,,186895.34,166824.25,58741.18,275.18
Baby Rompers,Baby,Rompers,Ecommerce,2025,Jul,6,true,68692.57,67041.43,7888.21,27776.15,49440.26,10308.07,14222.82,202607.72,174269.94,189721.12,94726.59,274.77
Girls Bottoms,Girls,Bottoms,Wholesale,2026,Jul,6,true,68617.68,64399.62,1242.05,41582.83,72351.37,1226.34,1174.7,62584.31,48792.98,66372.82,87492.47,68.62
Girls Tops,Girls,Tops,Wholesale,2024,Mar,2,true,68594.48,65741.97,1162.68,20796.58,67848.22,1176.61,1532.62,54475.36,81677.88,53824.58,41986.4,68.59
Boys Tops,Boys,Tops,Ecommerce,2024,Aug,7,true,68347.26,68454.07,8744.73,32012.17,72789.27,10133.12,11590.93,183518.48,192080.18,204875.67,91549.27,273.39
Girls Sleepwear,Girls,Sleepwear,Wholesale,2025,Feb,1,true,68313.24,69501.07,1182.03,62166.84,61586.17,1492.62,1223.87,72404.66,24830.5,71514.75,116558.42,68.31
Women Tops,Women,Tops,Ecommerce,2026,Dec,11,false,68287.27,69960.24,8444.33,25401.19,,8533.98,,,178803.29,161495.16,59786.26,273.15
Girls Bottoms,Girls,Bottoms,Retail Stores,2025,Nov,10,true,68274.76,67165.81,6318.38,48809.05,68060.05,6098.59,6884.75,206812.29,136439.57,201355.15,139903.4,614.47
Baby Sleepwear,Baby,Sleepwear,Ecommerce,2025,Oct,9,true,68132.72,66509.36,10231.32,43968.45,60263.32,8382.2,11107.62,204432.53,140057.34,204597.31,141327.42,272.53
Girls Sleepwear,Girls,Sleepwear,Retail Stores,2026,Mar,2,true,68053.6,68064.46,7121.06,35655.94,80413.88,6767.41,7121.71,139617.55,141145.57,151537.35,85825.27,612.48
Girls Tops,Girls,Tops,Retail Stores,2025,Jun,5,true,67961.65,69264.74,6928.03,3906.49,71185.09,8152,8111.62,156218.11,236087.28,159361.97,0,611.65
Girls Bottoms,Girls,Bottoms,Ecommerce,2024,Feb,1,true,67892.98,66609.37,9602.23,25014.08,72702.92,8521.54,10351.59,183323.15,182546,190920.37,85060.45,271.57
Girls Dresses,Girls,Dresses,Wholesale,2026,May,4,true,67824.16,64853.14,1347.51,31958.7,72907.65,1206.34,1089.36,64759.03,76043,66285.16,59340.48,67.82
Girls Sets,Girls,Sets,Ecommerce,2024,Feb,1,true,67567.59,66609.37,10116.66,29480.22,65108.48,8646.34,7807.03,196904.5,199761.88,199450.88,76173.19,270.27
Baby Rompers,Baby,Rompers,Ecommerce,2026,Feb,1,true,67509.5,69691.16,8347.84,12042.17,65655.95,8827.05,8980.02,196020.68,229902.75,195548.11,42251.95,270.04
Girls Bottoms,Girls,Bottoms,Retail Stores,2026,Apr,3,true,67506.37,64945.61,6838,44422.31,68829.56,7468.08,6790.72,185487.96,151331.66,188675.6,112925.93,607.56
Boys Tops,Boys,Tops,Retail Stores,2026,Nov,10,false,67360.85,68492.54,6453.51,48487.54,,7315.29,,,141761.61,200426.31,133947.08,606.25
Girls Dresses,Girls,Dresses,Retail Stores,2024,Jan,12,true,67285.64,67018.52,6644.8,0,70840.48,7473.79,7556.15,287293.05,366283.73,290918.73,0,605.57
Boys Bottoms,Boys,Bottoms,Ecommerce,2025,Mar,2,true,66726.53,65799.92,8389.93,31924.98,62292.08,10356.59,15092.97,145909.8,123417.08,149431.73,103364.67,266.91
Boys Tops,Boys,Tops,Ecommerce,2024,Jul,6,true,66388.41,65342.52,9228.94,30901.95,67873.78,8866.79,9460.87,187150.93,182823.54,192080.18,84777.39,265.55
Girls Tops,Girls,Tops,Retail Stores,2024,May,4,true,66352.98,66895.77,6399.96,22183.94,61842.7,7058.22,7649.48,201152.75,216604.86,195355.28,52758.79,597.18
Girls Sleepwear,Girls,Sleepwear,Retail Stores,2026,Oct,9,false,66284.27,64211.76,5736.93,42584.05,,6561.45,,,140394.43,187507.18,120555.01,596.56
Baby Rompers,Baby,Rompers,Retail Stores,2026,Dec,11,false,66278.2,66780.23,7007.88,18314.85,,7663.23,,,183623.36,147381.22,38295.79,596.5
Girls Swim,Girls,Swim,Ecommerce,2026,May,4,true,66225.13,65991.34,8633.18,20827.13,63762.92,8998.46,9744.09,194939.3,219994.43,197601.67,53095.73,264.9
Girls Tops,Girls,Tops,Retail Stores,2026,Aug,7,false,66219.32,72651.02,7112.86,34422.83,,7102.16,,,175316.79,180771.4,79372.06,595.97
Girls Sleepwear,Girls,Sleepwear,Ecommerce,2024,Jan,12,true,66191.35,66159.31,8818.13,0,67520.05,8348.26,11424.01,283663.79,362832.78,288028.4,0,264.77
Girls Swim,Girls,Swim,Ecommerce,2024,Nov,10,true,66161.8,64809.12,8058.73,49850.49,71739.02,8067.32,7531.39,179841.89,127089.5,186219.88,133624.15,264.65
Girls Sets,Girls,Sets,Retail Stores,2025,Nov,10,true,66154.33,67165.81,7202.47,48034.23,60399.53,6913.51,8296.39,203974.86,137971.34,186786.08,122477.97,595.39
Boys Tops,Boys,Tops,Ecommerce,2025,Feb,1,true,66009.71,65622.56,9010.64,8785.52,69708.47,9166.34,10354.6,195797.37,226340.88,197630.11,46729.32,264.04
Girls Sets,Girls,Sets,Retail Stores,2026,Apr,3,true,65860.35,64945.61,5923.82,47363.48,68499.56,7045.58,9454.58,175794.21,132524.86,186009.02,126982.84,592.74
Girls Bottoms,Girls,Bottoms,Ecommerce,2025,Jan,12,true,65802.41,64647.09,8110.24,0,68830.85,9301.04,10147.26,278275.28,357506.48,282139.82,0,263.21
Girls Tops,Girls,Tops,Retail Stores,2024,Mar,2,true,65718.94,65054.61,6836.45,34262.26,61327.58,6333.96,6792.71,142921.93,129790.98,144040.42,86893.81,591.47
Girls Sleepwear,Girls,Sleepwear,Retail Stores,2026,Jun,5,true,65575.12,63569.64,6102.43,8339.59,66377.03,7207,9527.59,153709.75,194562.59,159212.01,38021.72,590.18
Girls Sets,Girls,Sets,Wholesale,2026,Jul,6,true,65503.71,64399.62,1366.53,42248.67,73738.87,1337.19,1560.89,44869.75,49941.67,65941.85,82906.58,65.5
Girls Bottoms,Girls,Bottoms,Wholesale,2026,Oct,9,false,65477.91,62585.55,1293.63,45417.12,,1159.71,,,39230.79,66761.42,94233.72,65.48
Baby Sleepwear,Baby,Sleepwear,Ecommerce,2025,Jun,5,true,65431.44,65844.26,9738.09,8447.13,54012.51,9795.87,10371.59,169670.81,214954.73,157236.39,17770.7,261.73
Boys Swim,Boys,Swim,Ecommerce,2026,Nov,10,false,65235.28,60273.44,8156.02,44142.64,,10086.85,,,125768.6,178588.18,128402.65,260.94
Girls Sleepwear,Girls,Sleepwear,Retail Stores,2025,Apr,3,true,65197.81,64211.76,6227.83,41809.73,66587.57,7748.09,8111.37,187886.71,132259.74,196926.69,138199.62,586.78
Boys Tops,Boys,Tops,Ecommerce,2026,Jan,12,false,65195.84,65924.07,9508.58,0,,7922.03,,,375697.63,302318.99,0,260.78
Girls Tops,Girls,Tops,Retail Stores,2025,Sep,8,true,65125.92,66466.17,7538.04,20662.01,60460.36,7705.16,7320.59,161022.46,167745.77,158175.3,63846.74,586.13
Girls Sets,Girls,Sets,Ecommerce,2025,Jan,12,true,64948.73,64647.09,8759.07,0,65667.06,9018.1,10708.69,288895.81,365509.94,291283.31,0,259.79
Girls Bottoms,Girls,Bottoms,Retail Stores,2026,May,4,true,64846.14,59992.13,5994.69,19940.58,63804.55,6588.18,5492.22,181572.57,188675.6,175317.27,58659.61,583.62
Baby Sleepwear,Baby,Sleepwear,Ecommerce,2024,May,4,true,64822.6,63592.28,8271.33,25225.13,59762.04,8376.96,7881.01,202315.22,186989.09,196961.36,83431.12,259.29
Girls Tops,Girls,Tops,Wholesale,2026,Sep,8,false,64623.46,71429.16,1344.86,44223,,1299.44,,,43991.77,49544.45,71540.2,64.62
Baby Sleepwear,Baby,Sleepwear,Ecommerce,2025,Sep,8,true,64526.54,63183.89,8695.86,18475.71,60917.03,8261.41,9408.78,141100.81,164905.44,140057.34,48197.96,258.11
Girls Sets,Girls,Sets,Retail Stores,2024,Dec,11,true,64424.51,63827.16,6772.77,17171.78,70638.8,7102.29,8407.93,144879.94,171679.72,152284.48,52711.38,579.82
Girls Sets,Girls,Sets,Wholesale,2026,Oct,9,false,64358.47,62585.55,1236.64,45158.22,,1163.52,,,37714.96,67576.77,95448.15,64.36
Girls Bottoms,Girls,Bottoms,Wholesale,2026,Jun,5,true,64308.01,61225,1254.23,43991.01,57752.62,1421.36,1615.86,55719.02,26527.61,48792.98,88059.06,64.31
Baby Sleepwear,Baby,Sleepwear,Ecommerce,2026,Aug,7,false,64258.54,69063.31,10630.27,28105.8,,8862.51,,,180652.77,182131.24,74856.56,257.03
Girls Swim,Girls,Swim,Ecommerce,2025,Apr,3,true,64047.67,60542.52,7999.68,42745.6,72703.75,8531.91,7829.09,171286.56,140358.66,174946.32,107423.43,256.19
Girls Sleepwear,Girls,Sleepwear,Wholesale,2025,Jul,6,true,63958.15,63671.95,1165.64,41414.77,64647.66,1414.29,1791.23,68998.52,51456.03,67159.8,81140.17,63.96
Boys Tops,Boys,Tops,Retail Stores,2025,Dec,11,true,63907.96,62881.57,7224.95,19520.21,65372.26,6800.2,5383.36,142503.45,171691.16,144450.79,44042.97,575.17
Boys Bottoms,Boys,Bottoms,Ecommerce,2026,Aug,7,false,63814.13,64459.09,9826.61,31972.74,,7871.89,,,172904.94,186895.34,85931.68,255.26
Boys Bottoms,Boys,Bottoms,Ecommerce,2024,Apr,3,true,63585.23,64253.48,7813.29,45624.05,67729.29,8963.6,10594.6,165000.29,125505.36,171874.98,119172.79,254.34
Girls Swim,Girls,Swim,Ecommerce,2026,Mar,2,true,63554.47,64175.07,9396.45,31693.18,69797.55,9600.13,12729.95,133452.37,130703.66,147901.67,90606.82,254.22
Girls Bottoms,Girls,Bottoms,Retail Stores,2026,Mar,2,true,63293.75,58340.97,6061.88,27850.84,63891.82,6098.9,7500.11,140820.16,128944.97,151331.66,92348.99,569.64
Baby Rompers,Baby,Rompers,Ecommerce,2024,Aug,7,true,63141.67,61608.67,7366.48,31143.3,54658.43,9519.78,9649.91,187980.21,169405.05,180016.17,83525.13,252.57
Girls Dresses,Girls,Dresses,Wholesale,2025,Apr,3,true,63097.35,61955.24,1090.91,10504.9,61159.5,1101.4,1129.67,60799.7,104539.9,63531.98,23253.92,63.1
Girls Sleepwear,Girls,Sleepwear,Wholesale,2025,Oct,9,true,63075.06,61878.37,1343.14,44062.88,59465.05,1432.96,1665.6,68804.8,39295.83,65811.09,91086.35,63.08
Girls Tops,Girls,Tops,Wholesale,2025,Sep,8,true,63025.18,60533.19,1390.88,35776.96,64299.4,1395.64,1609.93,43201.26,40699.36,50509.04,74293.53,63.03
Boys Bottoms,Boys,Bottoms,Ecommerce,2025,Oct,9,true,62927.68,62075.4,9629.69,39535.09,63846.18,9426.32,13000.88,181620.57,142124.22,188431.17,118912.66,251.71
Girls Sets,Girls,Sets,Retail Stores,2026,May,4,true,62815.95,59992.13,6708.98,17139.68,67973.49,6154.02,6041.53,187066.33,186009.02,190884.18,74410.47,565.34
Women Tops,Women,Tops,Ecommerce,2026,Nov,10,false,62776.85,64578.68,7609.66,44608.22,,9718.75,,,122060.6,178803.29,129489.4,251.11
Girls Sleepwear,Girls,Sleepwear,Retail Stores,2026,Sep,8,false,62608.84,61001.17,5677.73,16595.19,,7033.95,,,172096.57,140394.43,38504.14,563.48
Girls Sets,Girls,Sets,Wholesale,2026,Jun,5,true,62420.49,61225,1259.69,44471.97,64429.17,1397.47,1565.36,49358.57,25591.45,49941.67,88230.6,62.42
Girls Bottoms,Girls,Bottoms,Wholesale,2026,Mar,2,true,62243.93,58957.4,1345.75,18343.36,56136.24,1274.51,1199.27,56004.08,71345.68,48883.28,41118.28,62.24
Girls Bottoms,Girls,Bottoms,Retail Stores,2024,Dec,11,true,62221.29,63827.16,6299.69,17891.09,62597.02,7268.6,7747.43,150451.74,165051.59,148112.63,53110.93,559.99
Baby Sleepwear,Baby,Sleepwear,Ecommerce,2024,Mar,2,true,61918.27,61842.03,8668.58,30770.46,56524.72,8164.81,7546.01,157729.23,132390.58,146118.87,84059.04,247.67
Girls Dresses,Girls,Dresses,Wholesale,2025,Jan,12,true,61878.93,62954.51,1078.68,41637.06,65081.64,1199.11,1102,57911.07,52071.57,61792.03,72860.39,61.88
Baby Rompers,Baby,Rompers,Retail Stores,2026,Nov,10,false,61665.54,61643.29,7256.55,43472.16,,5858.28,,,120282,183623.36,131420.17,554.99
Girls Sleepwear,Girls,Sleepwear,Wholesale,2024,Feb,1,true,61541.77,60965.85,1207.87,32308.83,66265.3,1353.17,1595.61,58965.64,56120.58,58490.4,65326.3,61.54
Girls Dresses,Girls,Dresses,Wholesale,2025,Dec,11,true,61511.76,59956.68,1331.42,13722.88,65348.94,1280.05,1244.1,46001.17,82142.32,52071.57,32782.56,61.51
Girls Sleepwear,Girls,Sleepwear,Wholesale,2025,Jun,5,true,61330.83,60533.19,1302.55,43822.94,58887.21,1091.46,1230.36,51779,25369.5,51456.03,88570.15,61.33
Girls Dresses,Girls,Dresses,Wholesale,2024,Aug,7,true,61318.57,61359.18,1393.2,474.5,64135.97,1167.52,1149.38,67243.89,132592.86,70045.45,0,61.32
Girls Tops,Girls,Tops,Retail Stores,2025,Aug,7,true,61297.94,61568.66,6344.26,23945.37,54167.58,6465.55,7531.78,172080.65,183928.81,167745.77,52132.12,551.68
Girls Tops,Girls,Tops,Retail Stores,2025,Jul,6,true,61240.97,58770.08,6590.27,27581.02,59696.33,5536.28,6671.92,179289.52,159361.97,183928.81,91895.25,551.17
Girls Tops,Girls,Tops,Retail Stores,2026,Jul,6,true,61148.33,69348.7,6902.87,36641.8,62070.17,5861.42,5691.8,176799.84,176220.11,175316.79,66656.77,550.33
Girls Swim,Girls,Swim,Ecommerce,2026,Oct,9,false,61131.67,60542.52,8458.65,39229.31,,7160.43,,,124001.34,173497.86,118033.14,244.53
Boys Bottoms,Boys,Bottoms,Ecommerce,2026,Jul,6,true,61054.12,61529.13,9354.6,28045.41,62739.1,9426.18,11383.34,164345.26,167803.71,172904.94,75825.74,244.22
Girls Bottoms,Girls,Bottoms,Retail Stores,2024,Nov,10,true,60925.46,58917.38,5535.94,42145.86,66161.61,5451.13,6361.17,145742.84,108300.4,165051.59,123676.1,548.33
Baby Sleepwear,Baby,Sleepwear,Ecommerce,2026,Jul,6,true,60878.16,65924.07,8361.74,36182.71,59526.99,7186.77,7354.59,171308.17,168728.83,180652.77,80232.38,243.51
Girls Tops,Girls,Tops,Retail Stores,2024,Oct,9,true,60874.66,61372.27,6884.31,45490.2,51470.69,7072.72,6688.57,178470.06,141649.8,176268.21,103113.67,547.87
Girls Sets,Girls,Sets,Wholesale,2025,Feb,1,true,60660.81,59572.34,1086.84,50021.18,57481.1,1083.66,1247.54,58772.5,21445.09,62039.65,102399.7,60.66
Boys Bottoms,Boys,Bottoms,Ecommerce,2025,Jun,5,true,60658.37,61454.64,8504.75,11079.29,59536.74,7697.09,8012.8,142580.44,197655.07,142019.45,12962.48,242.63
Girls Bottoms,Girls,Bottoms,Wholesale,2025,Feb,1,true,60611.85,59572.34,1254.81,51797.54,69230.72,1204.81,842.62,53798.71,21968.29,60327.06,100236.05,60.61
Girls Tops,Girls,Tops,Retail Stores,2024,Jun,5,true,60567.25,60758.55,5572.69,7644.18,57972.85,5684.23,7142.35,132891.36,195355.28,131985.94,3427.24,545.11
Baby Rompers,Baby,Rompers,Ecommerce,2025,Feb,1,true,60342.35,59060.31,7672.74,11905.97,61461.94,7032.31,7463.31,180966.89,194061.07,182511.89,56066.85,241.37
Women Tops,Women,Tops,Ecommerce,2025,Dec,11,true,60123.89,59288.34,7357.77,16808.07,58302.75,8764.75,8448.43,150836.25,161095.95,143967.73,52000.92,240.5
Girls Sets,Girls,Sets,Wholesale,2026,Mar,2,true,60088.85,58957.4,1286.7,18604.43,58190.81,1215.98,1044.29,50719.91,75139.3,49647.34,35872.96,60.09
Girls Sleepwear,Girls,Sleepwear,Wholesale,2025,Mar,2,true,60032.41,58291.22,1276.28,17007.91,67380.37,1260.49,1604.49,39404.39,71514.75,45207.23,35045.4,60.03
Girls Sets,Girls,Sets,Retail Stores,2026,Mar,2,true,60018.76,58340.97,5984.65,27726.55,52390.56,6457.43,7973.06,128545.53,114342.2,132524.86,85199.02,540.17
Boys Bottoms,Boys,Bottoms,Ecommerce,2025,Sep,8,true,59995.33,58971.63,7877.65,16332.89,50052.13,8713.68,7811.14,155696.48,172122.65,142124.22,38950.55,239.98
Baby Sleepwear,Baby,Sleepwear,Ecommerce,2024,Jun,5,true,59804.34,57758.12,8509.14,4203.59,58361.23,7229.85,8536.82,140968.86,196961.36,142200.49,12512.54,239.22
Boys Tops,Boys,Tops,Wholesale,2026,Feb,1,true,59734.93,60749.08,1200.5,54705.37,49212.68,1273.75,1627.53,63881.55,21125.8,61524.91,101467.53,59.73
Boys Bottoms,Boys,Bottoms,Ecommerce,2024,May,4,true,59622.68,59352.79,8616.83,15538.49,64290.11,8533.25,9827.51,154347.81,171874.98,162947.09,59466.53,238.49
Girls Swim,Girls,Swim,Ecommerce,2026,Jun,5,true,59512.72,59937.09,8332.95,4670.97,67143.22,8077.17,8912.46,132622.16,197601.67,140685.4,10911.67,238.05
Baby Rompers,Baby,Rompers,Ecommerce,2024,Jul,6,true,59486.75,58808.27,6985.38,28926.74,64259.22,9162.84,11246.25,165199.08,164009,169405.05,74283.59,237.95
Girls Tops,Girls,Tops,Retail Stores,2024,Sep,8,true,59225.77,58303.66,6611.95,12514.49,58198.4,5305.78,5342.76,144081.45,148139.85,141649.8,58574.53,533.03
Baby Rompers,Baby,Rompers,Retail Stores,2025,Dec,11,true,59061.53,56593.41,6207.74,15833.33,59319.99,5332.14,5118.11,124907.04,140049.68,129918.37,54793.91,531.55
Boys Tops,Boys,Tops,Ecommerce,2024,Feb,1,true,58863.42,57563.65,7975.17,21523.49,56325.08,7323.77,5619.61,182073.94,171687.17,175170.69,69906.17,235.45
Baby Sleepwear,Baby,Sleepwear,Ecommerce,2025,Aug,7,true,58836.07,58528.23,7739.67,30071.39,48154.46,7668.25,8502.29,178282.92,166341.75,164905.44,65303.35,235.34
Girls Sleepwear,Girls,Sleepwear,Wholesale,2024,Jul,6,true,58697.9,55852.58,985.84,37061.04,60409.59,1253.29,1005.12,66421.02,41891.37,58422.59,76541.12,58.7
Baby Sleepwear,Baby,Sleepwear,Ecommerce,2024,Oct,9,true,58485.68,58341.54,9052.93,42873.03,57646.73,7556.79,7455.81,168645.48,122618.96,168490.07,112147.52,233.94
Girls Bottoms,Girls,Bottoms,Ecommerce,2024,Jan,12,true,58451.55,56707.98,6565.57,0,57859.03,6721.18,7827.76,230442.53,296426.03,231019.49,0,233.81
Boys Tops,Boys,Tops,Retail Stores,2025,Nov,10,true,58349.64,58044.53,6931,43828.9,48207.35,6136.6,7446.87,181837.27,122230.11,171691.16,114472.44,525.15
Girls Bottoms,Girls,Bottoms,Retail Stores,2026,Jun,5,true,58228.81,54488.26,5551.3,6930.5,57604.66,5629.79,5107.67,134052.05,175317.27,135127.04,24192.42,524.06
Baby Rompers,Baby,Rompers,Ecommerce,2026,Jan,12,false,58091.45,59331.67,7036.46,0,,7602.96,,,328276.4,262349.62,0,232.37
Girls Sets,Girls,Sets,Retail Stores,2024,Nov,10,true,57763.52,58917.38,6001.43,45927.1,55244.99,5160.99,4641.49,178471.85,115478.67,171679.72,119645.44,519.87
Girls Sleepwear,Girls,Sleepwear,Retail Stores,2026,Aug,7,false,57697.65,56506.35,6187.66,19744.61,,6029.77,,,167129.53,172096.57,69213.74,519.28
Girls Sleepwear,Girls,Sleepwear,Wholesale,2026,Sep,8,false,57691.36,55556.01,1066.98,32597.1,,1044.35,,,38276.69,44637.05,65153.76,57.69
Girls Swim,Girls,Swim,Ecommerce,2025,Mar,2,true,57635.66,54385.65,8358.63,29054.16,47059.71,8524.78,9430.2,142120.44,114360.11,140358.66,92389.53,230.54
Girls Sleepwear,Girls,Sleepwear,Retail Stores,2025,May,4,true,57488.64,59314.25,6001.31,19862.35,59992.06,6689.47,8513.07,156341.02,196926.69,163767.78,31536.6,517.4
Girls Sets,Girls,Sets,Retail Stores,2026,Oct,9,false,57375.85,55038.65,5900.95,33714.75,,5340.99,,,113664.9,172394.01,121962.34,516.38
Boys Bottoms,Boys,Bottoms,Ecommerce,2024,Mar,2,true,57310.04,57719.23,6788.48,30425.24,55918.83,8273.85,9560.74,130543.1,119955.46,125505.36,71363.01,229.24
Women Dresses,Women,Dresses,Ecommerce,2026,Dec,11,false,57254.23,58300.2,7861.59,17135.66,,6855.56,,,149752.72,124056.36,38642.45,229.02
Boys Tops,Boys,Tops,Retail Stores,2026,Apr,3,true,56801.05,56125.83,5157.25,43825.11,63897.96,5288.91,5288.56,151716.39,122026.33,155710.48,96285.32,511.21
Girls Sleepwear,Girls,Sleepwear,Retail Stores,2025,Mar,2,true,56763.7,57681.75,6755.68,28202.17,58569.08,6495.32,8308.37,119647.74,116619.7,132259.74,79409.93,510.87
Girls Sleepwear,Girls,Sleepwear,Retail Stores,2024,Apr,3,true,56713.99,56326.1,6127.39,39855.36,61705.08,5377.82,6465.3,164059.55,113814,169794.22,118582.45,510.43
Girls Bottoms,Girls,Bottoms,Retail Stores,2026,Oct,9,false,56657.35,55038.65,5836.7,30754.19,,6015.35,,,123937.9,164346.42,103591.14,509.92
Boys Bottoms,Boys,Bottoms,Ecommerce,2025,Aug,7,true,56637.68,54626.35,6680.11,30592.51,68348.1,7937.7,8996.76,160213.84,159390.44,172122.65,77534.14,226.55
Baby Sleepwear,Baby,Sleepwear,Ecommerce,2025,Jul,6,true,56634.8,55867.86,8230.13,22811.82,47894.84,7709.96,8088.06,176268.78,157236.39,166341.75,73676.66,226.54
Boys Tops,Boys,Tops,Retail Stores,2024,Dec,11,true,56622.12,55159.27,5634.97,15412.3,60724.2,5112.82,5569.93,114279.64,141558.6,124979.96,45665.9,509.6
Boys Swim,Boys,Swim,Ecommerce,2025,Dec,11,true,56328.92,55335.78,8343.76,12371.1,54927,7290.9,7011.87,131637.4,165715.83,128928.58,27057.89,225.32
Boys Tops,Boys,Tops,Ecommerce,2025,Jan,12,true,56238.36,55867.86,8125.71,0,66690.33,8136.15,7795.11,246188.95,320902.53,256303.06,0,224.95
Girls Swim,Girls,Swim,Ecommerce,2026,Sep,8,false,56237.37,57515.39,7616.38,12458.08,,8580.13,,,146342.64,124001.34,42701.15,224.95
Girls Bottoms,Girls,Bottoms,Retail Stores,2025,Apr,3,true,56125.81,55038.65,5592.91,36789.33,56839.77,5369.61,6252.85,156545.52,109211.33,159213.21,112002.42,505.13
Girls Swim,Girls,Swim,Ecommerce,2025,May,4,true,55968.37,55924.87,6849.22,12580.72,50695.35,7359.18,7876.52,173288.9,174946.32,168948.4,57553.51,223.87
Girls Bottoms,Girls,Bottoms,Retail Stores,2026,Sep,8,false,55937.33,52286.72,4744.39,15287.88,,5231.85,,,142728.03,123937.9,42882.5,503.44
Girls Sets,Girls,Sets,Ecommerce,2024,Jan,12,true,55924.79,56707.98,7897,0,53877.71,8671.38,11858.8,250741.32,316725.1,251905.22,0,223.7
Girls Dresses,Girls,Dresses,Wholesale,2024,Apr,3,true,55743.42,54346.7,1021.16,7016.7,52861.99,1068.8,947,56595.01,87776.08,53023.73,22115.61,55.74
Boys Tops,Boys,Tops,Wholesale,2026,Jul,6,true,55734.81,55654,949.65,37860.76,48124.44,1003.87,972.75,53886.8,42709.31,55477.97,69563.08,55.73
Girls Tops,Girls,Tops,Retail Stores,2026,Feb,1,true,55592.76,61092.9,5804.88,8806.3,52305.13,5387.22,5087.23,174677.01,189816.96,167963.94,39627.3,500.33
Girls Sleepwear,Girls,Sleepwear,Retail Stores,2026,Jul,6,true,55591.41,53937.88,6092.11,28345.81,44092.18,5945.87,7458.04,179089.08,159212.01,167129.53,69955.13,500.32
Boys Bottoms,Boys,Bottoms,Ecommerce,2024,Oct,9,true,55465.63,54452.1,8069.93,38818.56,55620.29,8328.95,8452.49,155605.94,121791.19,158790.86,101016.11,221.86
Girls Bottoms,Girls,Bottoms,Wholesale,2025,Jul,6,true,55445.06,54575.95,1104.36,33782.87,61694.97,1090.39,1449.74,50188.59,41249.18,53695.74,69037.46,55.45
Girls Dresses,Girls,Dresses,Wholesale,2024,Jan,12,true,55370.8,55223.26,1089.21,36801.48,54181.59,999.79,1113.61,52710.88,41921.25,54983.86,69488.57,55.37
Boys Bottoms,Boys,Bottoms,Ecommerce,2024,Jun,5,true,55353.21,53907.58,7501.93,10509.4,58354.24,8156.24,9856.68,121654.34,162947.09,125414.5,26198.27,221.41
Women Tops,Women,Tops,Ecommerce,2025,Nov,10,true,55290.02,54727.7,8393.84,37607.68,54660.99,6442.07,7555.57,144116.96,103134.34,161095.95,119914.86,221.16
Boys Bottoms,Boys,Bottoms,Ecommerce,2026,Feb,1,true,55155.62,54204.24,7424.06,14058.35,50341.28,8345.71,9868.39,166310.57,175471.91,161468.25,49718.29,220.62
Girls Tops,Girls,Tops,Wholesale,2024,Sep,8,true,55148.58,53099.29,1181.07,29875.56,58977.6,1124.34,1317.71,43310.17,35757.3,44636.43,65207.2,55.15
Girls Bottoms,Girls,Bottoms,Wholesale,2025,Oct,9,true,54950.85,53038.6,960.08,37100.86,58819.31,936.69,1159.08,52061.87,32900.32,52585.46,75627.63,54.95
Girls Sleepwear,Girls,Sleepwear,Wholesale,2024,Jun,5,true,54925.83,53099.29,998.97,38388.07,58554.24,1010.61,1088.22,37609.79,20990.91,41891.37,76891.82,54.93
Boys Tops,Boys,Tops,Wholesale,2026,Oct,9,false,54879.9,54086.28,1197.99,41263.11,,1017.96,,,33740.51,56854.31,79066.55,54.88
Baby Sleepwear,Baby,Sleepwear,Ecommerce,2024,Sep,8,true,54804.55,55424.46,7071.38,17605.38,52418.47,8274.88,6925.65,122744.8,145876.97,122618.96,40040.64,219.22
Boys Swim,Boys,Swim,Ecommerce,2025,Nov,10,true,54705.06,51079.18,7439.31,38128.42,53843.54,6879.63,8120.33,158668.83,104630.21,165715.83,122889.12,218.82
Girls Sets,Girls,Sets,Wholesale,2025,Jul,6,true,54694.5,54575.95,1241.05,34268.72,53436,1011.1,978.44,65620.69,39376.68,54786.64,71170.26,54.69
Girls Tops,Girls,Tops,Retail Stores,2024,Aug,7,true,54475.54,54007.6,6091.43,22329.71,46244.29,5079.11,5090.46,165964.28,140065.56,148139.85,68119.23,490.28
Girls Sets,Girls,Sets,Retail Stores,2025,Apr,3,true,54437.98,55038.65,5427.95,37020.66,54831.88,5921.94,5338.15,151822.97,124615.58,149721.35,85955.63,489.94
Girls Sets,Girls,Sets,Retail Stores,2026,Jun,5,true,54400.63,54488.26,5383.77,5644.65,55786.77,5886.13,7416.44,127819.13,190884.18,130695.52,587.7,489.61
Girls Dresses,Girls,Dresses,Wholesale,2025,May,4,true,54375.42,54960.29,1149.61,27279.22,56583.99,955.49,839.54,51507,63531.98,52581.81,44435.12,54.38
Girls Sleepwear,Girls,Sleepwear,Retail Stores,2025,Jun,5,true,54144.8,53872.58,6311.51,8894.28,56051.66,6001.4,5982.21,118941.07,163767.78,121391.56,18257.27,487.3
Girls Swim,Girls,Swim,Ecommerce,2026,Aug,7,false,54066.28,53277.41,7436.96,24221.06,,8198.17,,,156638.47,146342.64,52184.89,216.27
Girls Sleepwear,Girls,Sleepwear,Retail Stores,2025,Oct,9,true,53966.68,54416.75,5665.13,38006.92,61236.36,5312.15,5496.48,158177.4,120829.86,157686.82,96621.49,485.7
Girls Bottoms,Girls,Bottoms,Wholesale,2024,Feb,1,true,53769.58,52256.44,956.83,28964.51,61085.64,995.93,1033.89,47825.78,55552.72,53799.57,53066.12,53.77
Baby Sleepwear,Baby,Sleepwear,Ecommerce,2026,Feb,1,true,53663.3,58075.97,8224.68,10361.86,44819.8,7629.15,8726.91,171325.25,214247.2,163423.93,10683.83,214.65
Boys Bottoms,Boys,Bottoms,Ecommerce,2025,Jul,6,true,53635.86,52143.33,6952.72,20502.93,53151.42,6731.05,6850.25,155814.62,142019.45,159390.44,77952.44,214.54
Baby Rompers,Baby,Rompers,Wholesale,2026,Feb,1,true,53321.61,54674.17,1042.36,49769.54,58336.44,1039.02,964.81,51904.8,19505.88,54747.23,89655.3,53.32
Girls Swim,Girls,Swim,Ecommerce,2025,Jun,5,true,52996.2,50794.14,7615.24,7653.61,51562.44,8073.51,7578.28,116483,168948.4,114754.99,7088.28,211.98
Girls Sets,Girls,Sets,Wholesale,2025,Oct,9,true,52927.51,53038.6,906,38227.44,50203.19,1139.83,1150.34,45037.39,32347.01,52688.19,74461.45,52.93
Girls Sleepwear,Girls,Sleepwear,Wholesale,2024,Oct,9,true,52795.23,54279.27,1155.91,42311.37,55038.91,1106.68,1227.54,53197.99,32216.13,52878.51,74617.08,52.8
Women Tops,Women,Tops,Ecommerce,2024,Dec,11,true,52786.72,52007.32,7197.29,17806.48,53255.54,6860.13,7925.88,130080.21,152035.37,127322.32,35144.95,211.15
Girls Bottoms,Girls,Bottoms,Retail Stores,2025,May,4,true,52727.49,50840.79,4970.64,19652.6,47895.04,5030.89,4372.03,151055.5,159213.21,143260.55,42280.27,474.55
Girls Sets,Girls,Sets,Wholesale,2024,Feb,1,true,52528.59,52256.44,1168.21,27786.25,48825.08,1178.78,1192.44,54524.9,55093.88,53071.08,51737.09,52.53
Women Dresses,Women,Dresses,Ecommerce,2026,Nov,10,false,52516.11,53815.57,7491.01,38828.08,,6035.1,,,102073.07,149752.72,106440.93,210.06
Boys Tops,Boys,Tops,Retail Stores,2026,May,4,true,52488.97,51845.05,5355.95,13495.94,46108.08,5562.41,5613.83,162074.69,155710.48,156018.7,58831.99,472.4
Girls Sets,Girls,Sets,Retail Stores,2026,Sep,8,false,52469.76,52286.72,5139.24,13885.31,,5762.11,,,140968.01,113664.9,31400.98,472.23
Girls Sleepwear,Girls,Sleepwear,Retail Stores,2025,Sep,8,true,52400.6,51695.91,5888.54,11237.47,54213.09,4800.33,5855.91,123099.88,137971.72,120829.86,40530.68,471.61
Boys Swim,Boys,Swim,Ecommerce,2026,Apr,3,true,52395.41,49390.73,7515.81,33839.55,49925.37,7025.89,7595.96,152881.06,109793.62,149009.69,98846.95,209.58
Girls Swim,Girls,Swim,Ecommerce,2024,Apr,3,true,52385.99,53107.47,6321.6,32409.89,57504.27,7401.63,7514.46,129680.93,113341.94,142046.03,88701.25,209.54
Women Tops,Women,Tops,Ecommerce,2026,Apr,3,true,52337.07,52918.64,7581.8,37896.75,51463.32,7708.47,9271.39,159147.59,113632.11,156749.14,103371.92,209.35
Girls Sleepwear,Girls,Sleepwear,Retail Stores,2024,May,4,true,52249.4,52030.05,5272.28,17029.37,57965,4853.21,7048.46,136772.79,169794.22,144652.12,32430.75,470.24
Girls Bottoms,Girls,Bottoms,Wholesale,2025,Jun,5,true,52230.59,51885.59,981.29,38744.27,56043.33,911.25,1044.74,41416.35,22901.71,41249.18,71541.54,52.23
Boys Bottoms,Boys,Bottoms,Ecommerce,2024,Sep,8,true,52161.53,51729.5,7910.23,13501.23,57733.16,6205.81,9032.97,115332.66,140980,121791.19,39387.17,208.65
Girls Bottoms,Girls,Bottoms,Retail Stores,2026,Aug,7,false,52057.94,48434.01,4418.27,24068.85,,5326.44,,,147706.33,142728.03,52874.6,468.52
Baby Rompers,Baby,Rompers,Ecommerce,2024,Feb,1,true,51921.89,51807.29,8022.1,23394.64,49039.38,7892.66,9062.8,145977.68,151011.96,147449.97,56460.25,207.69
Girls Swim,Girls,Swim,Ecommerce,2026,Jul,6,true,51739.89,50855.71,7114.59,24759.09,51164.43,7427.24,7789.89,156123.81,140685.4,156638.47,75327.16,206.96
Girls Sets,Girls,Sets,Wholesale,2025,Mar,2,true,51687.32,49963.9,1137.26,17383.89,51674.78,961.05,1115.07,37453.29,62039.65,38973.19,29633.6,51.69
Baby Sleepwear,Baby,Sleepwear,Ecommerce,2024,Aug,7,true,51650.2,51340.55,7272.26,19290.48,49843.99,7502.24,6483.39,146145.07,135358.96,145876.97,69877.04,206.6
Girls Tops,Girls,Tops,Wholesale,2026,Nov,10,false,51613.87,57823.61,1167.17,13898.17,,1024.29,,,83812.49,50084.25,18961.54,51.61
Boys Bottoms,Boys,Bottoms,Retail Stores,2026,Dec,11,false,51476.67,51940.18,6239.02,10404,,5991.26,,,142805.72,117169.38,32294.88,463.29
Girls Sleepwear,Girls,Sleepwear,Retail Stores,2024,Mar,2,true,51446.35,50598.03,4879.68,28283.05,53664.34,5807.73,5931.95,108498.28,104980.21,113814,66550.89,463.02
Boys Tops,Boys,Tops,Wholesale,2026,Jun,5,true,51441.11,52910.49,1007.82,38002.45,55660.89,1053.11,1185.98,45366.37,20782.5,42709.31,74472.47,51.44
Girls Sets,Girls,Sets,Retail Stores,2025,Mar,2,true,51440.91,49441.5,5956.36,25344.53,53156.7,6125.11,5838.33,117608.1,100063.07,124615.58,82581.5,462.97
Baby Sleepwear,Baby,Sleepwear,Retail Stores,2026,Dec,11,false,51437.18,55650.19,5304.98,13129.9,,4618.25,,,137793.01,122864.02,41589.38,462.93
Girls Swim,Girls,Swim,Ecommerce,2024,May,4,true,51396.35,49056.9,6557.47,18690.24,50257.91,5936.59,7841.61,147322.17,142046.03,153875.23,69367.72,205.59
Girls Tops,Girls,Tops,Retail Stores,2024,Jul,6,true,51372.15,51552.71,5143.03,24459.13,47316.29,5555.59,5042.75,147930.5,131985.94,140065.56,65469.7,462.35
Girls Dresses,Girls,Dresses,Wholesale,2024,Dec,11,true,51197.9,52593.58,1182.09,8676.23,56950.2,1160.74,1330.67,35862.79,71667.85,41921.25,22663.24,51.2
Girls Sets,Girls,Sets,Wholesale,2025,Jun,5,true,51159.7,51885.59,1085.69,39000.75,54170.95,895.61,836.61,34814.69,20617.75,39376.68,70865.39,51.16
Boys Tops,Boys,Tops,Retail Stores,2024,Nov,10,true,51074.13,50916.25,5207.19,32775.13,61288.68,4892.49,5161.1,135152.23,99655.2,141558.6,98329.68,459.67
Baby Sleepwear,Baby,Sleepwear,Ecommerce,2025,Feb,1,true,51054.72,49216.92,6944.24,9461.2,49489.59,7645.31,7603.81,142193.21,180402.28,138803.37,17305.34,204.22
Girls Swim,Girls,Swim,Ecommerce,2025,Oct,9,true,50997.06,51307.22,7491.42,36067.68,49041.65,6114.81,5162.35,134018.51,120302.65,138213.82,75227.03,203.99
Girls Sets,Girls,Sets,Retail Stores,2025,May,4,true,50925.83,50840.79,5652.74,16684.88,54171.23,5485,6559.33,132888.11,149721.35,141502.85,48650.67,458.33
Girls Sleepwear,Girls,Sleepwear,Wholesale,2024,Mar,2,true,50917.62,51132.65,1059.81,15624.07,46675.06,1006.97,897.06,46106.42,58490.4,41352.31,34837.42,50.92
Baby Rompers,Baby,Rompers,Ecommerce,2025,Jan,12,true,50901.37,50281.07,5858.07,0,53619.53,6918.49,6559.93,227518.85,287926.21,229902.75,0,203.61
Boys Tops,Boys,Tops,Wholesale,2025,Feb,1,true,50893.78,51482.27,972.54,45662.25,51997.5,1067.24,1161.26,51824.88,18265.61,52498.62,86244.92,50.89
Baby Rompers,Baby,Rompers,Retail Stores,2025,Nov,10,true,50724.25,52240.08,4828.6,38715.18,44084.66,5396.71,7452.74,138067.38,101510.66,140049.68,95116.5,456.52
Girls Tops,Girls,Tops,Retail Stores,2025,Feb,1,true,50650.77,51773.65,5134.63,7736.5,49127.27,4635.29,4226.92,149169.58,170093.06,142191.91,27840.76,455.86
Women Tops,Women,Tops,Ecommerce,2024,Nov,10,true,50637.89,48006.75,7183.48,35132.21,49334.58,5866.54,5805.68,155406.99,98148.04,152035.37,110594.32,202.55
Boys Sets,Boys,Sets,Ecommerce,2026,Dec,11,false,50624.85,48972.17,7347.19,13546.61,,6223.27,,,135518.65,112023.11,33555.09,202.5
Boys Bottoms,Boys,Bottoms,Ecommerce,2024,Aug,7,true,50623.37,47917.85,6170.45,24534.88,46980.56,7028.62,8859.36,144752.94,137265.53,140980,61568.95,202.49
Women Dresses,Women,Dresses,Ecommerce,2025,Dec,11,true,50543.75,49406.95,5742.11,14097.12,43116.17,6167.03,6640.1,121714.78,139845.28,115330.33,32398.01,202.18
Boys Tops,Boys,Tops,Wholesale,2026,Mar,2,true,50502.32,50950.84,1026.29,14112.35,49930.54,940.36,1229.57,42669.16,61524.91,42096.98,32065.24,50.5
Boys Tops,Boys,Tops,Retail Stores,2026,Mar,2,true,50428.77,50418.12,5820.97,21506.36,49573.09,6018.51,5844.41,119671.42,95244.88,122026.33,83682.6,453.86
Baby Rompers,Baby,Rompers,Wholesale,2026,Jul,6,true,50403.1,50088.6,1063.6,31942.16,46735.88,1013.72,954.49,44192.66,36779.09,48135.19,62823.32,50.4
Baby Accessories,Baby,Accessories,Ecommerce,2026,Dec,11,false,50394.07,51420.78,7887.18,14890.11,,5970.57,,,140783.58,120636.31,36418.94,201.58
Baby Rompers,Baby,Rompers,Retail Stores,2026,Apr,3,true,50318.93,50513.25,5176.03,31197.05,51235.8,4924.13,5699.68,154888.96,102932.75,153203.81,105966.99,452.87
Girls Sets,Girls,Sets,Retail Stores,2026,Aug,7,false,50228.26,48434.01,5192.46,19918.63,,5601.08,,,142346.7,140968.01,54902.69,452.05
Girls Bottoms,Girls,Bottoms,Wholesale,2026,Sep,8,false,50187.94,47619.44,1009.25,29970.85,,976.4,,,34413.16,39230.79,56032.16,50.19
Girls Bottoms,Girls,Bottoms,Retail Stores,2025,Mar,2,true,50085.25,49441.5,5883.08,24481.3,50636.3,5320.16,6500.75,106565.16,107995.09,109211.33,57072.43,450.77
Girls Bottoms,Girls,Bottoms,Wholesale,2025,Mar,2,true,49937.86,49963.9,1026.28,15407.98,57356.89,945.28,856.33,30573.57,60327.06,38556.56,29162.57,49.94
Baby Rompers,Baby,Rompers,Retail Stores,2024,Dec,11,true,49818.07,49643.35,5214.7,12809.23,53677.31,5668.31,6183.78,106540.03,141880.79,110552.2,24606.15,448.36
Baby Sleepwear,Baby,Sleepwear,Ecommerce,2024,Jul,6,true,49698.15,49006.89,6492.68,24603.48,46752.76,7148.68,9354.7,132954.52,142200.49,135358.96,50204.1,198.79
Girls Sets,Girls,Sets,Wholesale,2024,Jul,6,true,49630.21,47873.64,1074.94,32327.24,51127.48,1049.92,1185.84,46631.73,33527.99,49449.72,66651.49,49.63
Girls Swim,Girls,Swim,Ecommerce,2025,Sep,8,true,49572.26,48741.86,6572.76,13384.51,50049.89,7442.38,7485.25,122659.22,123618.99,120302.65,53896.59,198.29
Girls Bottoms,Girls,Bottoms,Retail Stores,2026,Jul,6,true,49086.8,46232.47,5469.89,17784.42,56634.78,5175.49,4865.22,148436.26,135127.04,147706.33,67283.36,441.78
Baby Sets,Baby,Sets,Ecommerce,2026,Dec,11,false,49080.56,48972.17,6216.92,14406.18,,7427.89,,,121902.16,119537.89,54340.5,196.32
Boys Swim,Boys,Swim,Ecommerce,2026,May,4,true,49073.93,45623.64,5418.84,13410.25,46953.71,6321.3,7655.59,138807.87,149009.69,141502.16,48083.99,196.3
Girls Dresses,Girls,Dresses,Wholesale,2024,May,4,true,48959.9,48210.78,916.96,24108.55,49095.23,964.62,964.06,45058.83,53023.73,47140.07,44089.82,48.96
Girls Sets,Girls,Sets,Wholesale,2026,Sep,8,false,48810.13,47619.44,875.33,28535.66,,854.41,,,33448.44,37714.96,53979.87,48.81
Boys Sets,Boys,Sets,Ecommerce,2026,Nov,10,false,48801.96,45205.08,6913.82,34926.44,,7019.36,,,95180.6,135518.65,96354.58,195.21
Girls Sleepwear,Girls,Sleepwear,Retail Stores,2024,Oct,9,true,48689.06,47733.99,4899.05,31134.33,42102.3,5549.04,6285.54,156286.58,102019.42,144091.49,96748.37,438.2
Girls Bottoms,Girls,Bottoms,Wholesale,2024,Jul,6,true,48589.18,47873.64,904.65,32576.16,50256.72,893.38,830.52,38655.03,37537.05,48340.99,60335.09,48.59
Girls Sleepwear,Girls,Sleepwear,Retail Stores,2026,Feb,1,true,48572.93,47516.7,5520.68,9148.79,46926.04,4437.89,3922.97,139694.14,151355.48,141145.57,43238.06,437.16
Girls Sets,Girls,Sets,Retail Stores,2024,Apr,3,true,48497.12,48279.52,5032.65,32546.98,46208.82,4949.63,4857.31,141507.15,104656.53,139113.07,88339.76,436.47
Girls Sets,Girls,Sets,Retail Stores,2025,Oct,9,true,48492.69,46642.92,5298.25,31741.04,49249.35,4703.49,4072.09,137248.11,99384.91,137971.34,92219.04,436.43
Girls Bottoms,Girls,Bottoms,Retail Stores,2024,Apr,3,true,48398.45,48279.52,4464.11,35681.42,54254.92,4751.34,5305.26,122287.55,104365.25,134357.94,83578.08,435.59
Women Tops,Women,Tops,Ecommerce,2026,May,4,true,48351.18,48882.48,6319.09,18550.22,47306.14,7045.61,7397.78,132854.68,156749.14,133246.2,32087.25,193.4
Girls Bottoms,Girls,Bottoms,Retail Stores,2025,Oct,9,true,48336.33,46642.92,4467.2,29692.28,54505.77,4662.85,4123.4,125796.48,99908.12,136439.57,89965.66,435.03
Girls Tops,Girls,Tops,Wholesale,2025,Nov,10,true,48311.91,49003.06,1104.3,9178.99,47122.57,1010.99,990.36,57082.71,78693.28,51003.29,21681.22,48.31
Boys Swim,Boys,Swim,Ecommerce,2024,Dec,11,true,48229.21,48540.16,6652.77,13632.72,43771.59,7175.84,9453.11,101210.91,119317.11,105626.32,41907.17,192.92
Boys Tops,Boys,Tops,Retail Stores,2025,Apr,3,true,48073.92,47564.27,4735.75,34963.25,44268.54,5796.93,7291.62,134300.48,100489.63,139049.67,92863.56,432.67
Girls Swim,Girls,Swim,Ecommerce,2024,Mar,2,true,48034.54,47706.71,5873.15,27468.7,47070.21,7154.04,7159.14,108896.68,94744.29,113341.94,73978.37,192.14
Baby Rompers,Baby,Rompers,Wholesale,2026,Oct,9,false,47913.39,48677.65,975.89,35188.43,,1045.89,,,29205.33,48107.46,67909.33,47.91
Boys Swim,Boys,Swim,Ecommerce,2026,Mar,2,true,47910.11,44367.95,5161.77,22678.47,45554.43,6062.93,6960.08,106998.49,91451.56,109793.62,72506.75,191.64
Girls Sleepwear,Girls,Sleepwear,Retail Stores,2025,Aug,7,true,47880.42,47886.74,5164.41,24245.51,49655.89,5037.48,5228.27,130875,131483.19,137971.72,59837.35,430.92
Baby Sleepwear,Baby,Sleepwear,Retail Stores,2026,Nov,10,false,47751.2,51369.41,4755.52,37681.75,,5629.42,,,94160.48,137793.01,97442.9,429.76
Boys Tops,Boys,Tops,Retail Stores,2026,Jun,5,true,47703.67,47088.62,5475.04,6156.68,49779.6,4851.48,5798.14,106681.23,156018.7,109924.73,6890.52,429.33
Girls Bottoms,Girls,Bottoms,Wholesale,2024,Oct,9,true,47693.2,46525.09,872.19,34379.78,50667.02,1083.63,1487.59,43374.37,27384.45,45889.78,67329.86,47.69
Boys Bottoms,Boys,Bottoms,Retail Stores,2026,Nov,10,false,47680.66,47944.78,4843,35079.16,,5015.99,,,92248.09,142805.72,103683.4,429.13
Girls Sleepwear,Girls,Sleepwear,Retail Stores,2024,Jun,5,true,47618.4,47256.65,5633.45,2623.83,48093.27,5122.47,6450.54,104897.3,144652.12,108090.19,16607.51,428.57
Baby Rompers,Baby,Rompers,Wholesale,2026,Jun,5,true,47597.17,47619.44,851.58,36548.93,46674.83,828.69,943.07,40601.47,18596.63,36779.09,66655.92,47.6
Boys Tops,Boys,Tops,Ecommerce,2024,Jan,12,true,47556.78,49006.89,7182.72,0,40072.83,6642.57,6536.73,233890.52,280730.45,226340.88,0,190.23
Boys Tops,Boys,Tops,Wholesale,2025,Oct,9,true,47430.66,45835.83,903.79,32127.28,46912.92,1022.18,769.92,44183.27,27154.92,45152.76,66498.12,47.43
Girls Sets,Girls,Sets,Retail Stores,2026,Jul,6,true,47400.68,46232.47,5522.9,23414.88,50742.62,5117.55,7455.24,137083.01,130695.52,142346.7,64596.03,426.61
Boys Tops,Boys,Tops,Retail Stores,2026,Oct,9,false,47314.04,47564.27,5511.84,31631.08,,4305.77,,,107688.83,141761.61,86118.42,425.83
Boys Tops,Boys,Tops,Wholesale,2025,Jul,6,true,47169.54,47164.4,851.18,31642.03,51636.25,868.22,995.09,43290.38,34983.12,48189.25,61291.05,47.17
Girls Bottoms,Girls,Bottoms,Retail Stores,2025,Jun,5,true,47167.98,46176.5,4823.58,1902.58,48358.13,4863.71,5409.93,109541.52,143260.55,112236.01,21431.66,424.51
Girls Sets,Girls,Sets,Retail Stores,2025,Jun,5,true,47017.31,46176.5,4488.46,2979.81,51404.23,4547.59,6182,105214.02,141502.85,111767.24,22252.44,423.16
Baby Rompers,Baby,Rompers,Wholesale,2025,Feb,1,true,47000.14,46334.04,1017.6,40303.49,51154.59,838.84,866.12,38515.21,16581.2,47104.3,78409.08,47
Girls Sleepwear,Girls,Sleepwear,Wholesale,2025,Sep,8,true,46972.58,47081.37,943.42,28542.34,53071.91,1026.42,1233.12,24692.35,34247.75,39295.83,53094.05,46.97
Baby Rompers,Baby,Rompers,Retail Stores,2024,Nov,10,true,46955.21,45824.63,4363.03,34846.49,45202.56,4848.34,5326.56,146311.61,94773.26,141880.79,99333.68,422.6
Girls Tops,Girls,Tops,Retail Stores,2026,Jan,12,false,46793.76,52011.53,6126.27,0,,4314.7,,,285692.03,234162.43,0,421.14
Women Tops,Women,Tops,Ecommerce,2026,Mar,2,true,46747.23,47537.09,5928.13,23569.5,49560.62,6718.42,7423.22,112060.88,92535.11,113632.11,74749.64,186.99
Girls Sleepwear,Girls,Sleepwear,Wholesale,2026,Nov,10,false,46721.64,44973.92,983.89,8344.48,,945.87,,,76704.59,48411.37,19421.02,46.72
Baby Rompers,Baby,Rompers,Ecommerce,2024,Jan,12,true,46707.96,44106.2,6437.58,0,45513.8,5773.87,5675.09,195343.33,246729.73,194061.07,0,186.83
Women Dresses,Women,Dresses,Ecommerce,2025,Nov,10,true,46605.51,45606.42,6957.09,33863.43,53101.37,5843.39,4656.59,138076,89802.56,139845.28,102678.04,186.42
Girls Sets,Girls,Sets,Wholesale,2024,Oct,9,true,46568.2,46525.09,1035.17,34624.43,47548.65,1006.61,1285.69,49316.41,29258.12,47296.93,65660.18,46.57
Girls Sets,Girls,Sets,Retail Stores,2024,May,4,true,46429.55,44597.18,5334.39,17166.41,48769.3,4309.72,5045.63,127250.48,139113.07,128931.24,40975.32,417.87
Baby Accessories,Baby,Accessories,Ecommerce,2026,Nov,10,false,46402.69,47465.33,7092.79,36068.82,,7157.4,,,91380.06,140783.58,103149.21,185.61
Girls Sleepwear,Girls,Sleepwear,Retail Stores,2024,Sep,8,true,46230.17,45347.29,5354.48,13199.67,48839.47,5489.4,5321.46,95549.82,123253.84,102019.42,30901.22,416.07
Boys Bottoms,Boys,Bottoms,Ecommerce,2024,Jul,6,true,46181.75,45739.77,6298.46,17551.39,46520.04,5308.48,5090.31,137042.87,125414.5,137265.53,63526,184.73
Girls Tops,Girls,Tops,Retail Stores,2024,Feb,1,true,46132.23,45415.48,5411.8,18447.37,44017.45,4306,3977.01,133182.06,127009.16,129790.98,53635.23,415.19
Baby Sleepwear,Baby,Sleepwear,Retail Stores,2025,Dec,11,true,46050.36,47161.18,4442.02,12340.14,46231.39,4607.81,5191.7,105780.84,118856.61,108278.4,40494.41,414.45
Boys Tops,Boys,Tops,Wholesale,2024,Feb,1,true,46009.99,45159.89,1006.13,24976.65,40305.07,997.55,1080.99,47422.83,47868.49,47177.03,46362.09,46.01
Girls Swim,Girls,Swim,Ecommerce,2024,Jun,5,true,45925.78,44556.27,6537.66,4525.06,51701.79,5563.73,7190.37,95437.67,153875.23,102827.55,625.54,183.7
Girls Sleepwear,Girls,Sleepwear,Retail Stores,2025,Jul,6,true,45908.73,45710.07,4615.26,18539.47,45688.86,4539.05,5286.09,132272.89,121391.56,131483.19,60952.59,413.18
Baby Rompers,Baby,Rompers,Retail Stores,2026,May,4,true,45868.8,46660.55,4800.48,15021.85,35394.52,5367.06,6542.28,141911.79,153203.81,130535.28,28980.15,412.82
Girls Bottoms,Girls,Bottoms,Wholesale,2024,Jun,5,true,45827.54,45513.67,937.04,33680.66,44722.66,938.24,1163.81,21589.86,18711.79,37537.05,65636.87,45.83
Girls Bottoms,Girls,Bottoms,Retail Stores,2025,Sep,8,true,45639.46,44310.78,4546.82,9469.89,46557.46,5004.03,5824.23,99013.48,126271.55,99908.12,24690.82,410.76
Girls Sets,Girls,Sets,Wholesale,2024,Mar,2,true,45619.14,43827.98,892.77,13831.34,45396.25,948.11,989.78,35994.88,53071.08,35484.65,29026.45,45.62
Girls Swim,Girls,Swim,Ecommerce,2025,Aug,7,true,45566.18,45150.35,6616.16,19368.88,42345.71,5639.38,5254.75,134022.69,127977.97,123618.99,47028.83,182.26
Boys Tops,Boys,Tops,Retail Stores,2025,May,4,true,45551.35,43936.48,4591.75,8740.45,42277.45,4144.29,4378.58,139715.28,139049.67,134053.35,45109.28,409.96
Boys Bottoms,Boys,Bottoms,Ecommerce,2025,Feb,1,true,45549.7,45935.79,5866.13,6655.27,50767.64,5875.08,6685.37,120328,158123.44,123417.08,16900.62,182.2
Girls Bottoms,Girls,Bottoms,Wholesale,2024,Mar,2,true,45442.86,43827.98,896.21,13505.58,46980,869.26,1131.91,34720.67,53799.57,36028.89,28586.89,45.44
Boys Tops,Boys,Tops,Retail Stores,2026,Sep,8,false,45419.01,45186.05,5347.95,10388.77,,5126.46,,,115313.14,107688.83,43329.93,408.77
Baby Accessories,Baby,Accessories,Ecommerce,2025,Dec,11,true,45330.07,43576.93,5317.59,14109.81,38312.63,6607.24,7278.93,109189.16,117437.99,102770.72,37451.36,181.32
Baby Rompers,Baby,Rompers,Wholesale,2026,Mar,2,true,45319.85,45855.76,854.15,14431.37,41142.17,839.78,781.12,39732.31,54747.23,37462.43,28920.15,45.32
Women Tops,Women,Tops,Ecommerce,2025,Apr,3,true,45269.02,44846.31,6068.15,28572.81,41215.91,6652.54,4721.04,150712.47,91424.77,134387.27,95065.14,181.08
Girls Bottoms,Girls,Bottoms,Retail Stores,2024,Mar,2,true,45250.69,43369.74,5214.06,20978.69,45717.54,5095.56,6273.36,105776.1,86594.09,104365.25,68524.66,407.26
Boys Bottoms,Boys,Bottoms,Ecommerce,2026,Jan,12,false,45213.75,46146.85,7058.24,0,,6404.43,,,249844.36,198045.33,0,180.85
Girls Tops,Girls,Tops,Retail Stores,2025,Jan,12,true,45201.55,44077.56,4846.98,0,41609.28,5104.95,4134.21,194350.23,240530.27,189816.96,0,406.81
Baby Sleepwear,Baby,Sleepwear,Ecommerce,2026,Jan,12,false,45086.25,49443.05,7615.56,0,,6243.71,,,263787.58,212277.28,0,180.34
Baby Sets,Baby,Sets,Ecommerce,2026,Nov,10,false,45077.65,45205.08,6772.27,32359.88,,5764.52,,,86898.91,121902.16,86025.72,180.31
Boys Swim,Boys,Swim,Ecommerce,2026,Jun,5,true,44971.67,41437.99,4795.72,3258.67,40523.35,6086.82,5640.59,105645.43,141502.16,100267.16,10003.37,179.89
Girls Swim,Girls,Swim,Ecommerce,2024,Oct,9,true,44903.94,45006.33,5708.48,28515.27,45184.17,5909.51,7344.28,123977.18,91843.75,127089.5,86238.81,179.62
Girls Bottoms,Girls,Bottoms,Retail Stores,2024,May,4,true,44898.16,44597.18,4473.18,11748.05,51806.74,4935.1,5943.13,127964.57,134357.94,132929.58,48808.97,404.08
Boys Bottoms,Boys,Bottoms,Retail Stores,2025,Dec,11,true,44828.94,44017.1,4297.92,13375.92,49867.86,4746.43,5393.45,94579.35,119678.48,102330.94,32631.29,403.46
Boys Swim,Boys,Swim,Ecommerce,2026,Oct,9,false,44809.08,41856.55,5486.87,29735.36,,6372.59,,,95883.84,125768.6,81245.68,179.24
Girls Sets,Girls,Sets,Retail Stores,2025,Sep,8,true,44717.17,44310.78,5034.78,12824.46,42519.13,5302.65,5400.76,102504.32,121880.26,99384.91,27926.92,402.45
Boys Tops,Boys,Tops,Wholesale,2025,Jun,5,true,44576.81,44839.4,872.92,33345.23,42313.85,915.33,948.38,36104.02,18744.07,34983.12,61775.78,44.58
Baby Rompers,Baby,Rompers,Retail Stores,2026,Mar,2,true,44574.39,45376.31,5121.11,25420.8,40616.02,5289.16,5147.54,104628.94,85819.35,102932.75,67378.11,401.17
Women Bottoms,Women,Bottoms,Ecommerce,2026,Dec,11,false,44569.88,46640.16,6269.1,14404.97,,5577.09,,,113461.15,105883.21,42747.3,178.28
Girls Swim,Girls,Swim,Ecommerce,2026,Feb,1,true,44535.69,44801.46,5992.12,17338.32,43145.48,5873.46,6290.11,131672.48,146264.64,130703.66,35026.32,178.14
Baby Sleepwear,Baby,Sleepwear,Ecommerce,2024,Feb,1,true,44332.18,43172.74,5788.3,17584.61,37204.13,5553.66,6887.31,139097.75,127828.06,132390.58,54625.69,177.33
Boys Swim,Boys,Swim,Ecommerce,2024,Nov,10,true,43987.89,44806.3,5339.97,29964.95,47370.01,6792.77,8828.3,112704.1,87962.57,119317.11,82311.14,175.95
Girls Sets,Girls,Sets,Retail Stores,2024,Mar,2,true,43947.74,43369.74,4706.46,21637.47,42468.77,4378.27,4901.75,101273.33,86317.9,104656.53,67060.17,395.53
Girls Sets,Girls,Sets,Wholesale,2024,Jun,5,true,43745.74,45513.67,963.82,33001.91,41595.69,830.35,946.22,39872.47,18092.37,33527.99,60055.46,43.75
Baby Sleepwear,Baby,Sleepwear,Retail Stores,2025,Nov,10,true,43685.88,43533.4,4858.23,32582.33,45392.27,4107.52,4974.06,110204.33,87589.9,118856.61,79453.28,393.17
Boys Tops,Boys,Tops,Retail Stores,2025,Mar,2,true,43601.48,42727.22,5065.43,23031.04,47424.72,4974.66,6203.38,95671.59,80835.07,100489.63,68623.11,392.41
Women Tops,Women,Tops,Ecommerce,2026,Oct,9,false,43496.75,44846.31,6902.94,28294.66,,5457.19,,,97817.12,122060.6,73371.41,173.99
Girls Sleepwear,Girls,Sleepwear,Retail Stores,2024,Aug,7,true,43453,42005.91,4615.05,20730.63,37597.9,4332.43,4987.3,122575.41,114552.73,123253.84,56877.61,391.08
Boys Tops,Boys,Tops,Wholesale,2025,Mar,2,true,43290.83,43178.68,767.21,12540.54,38584.06,867.63,943.92,37058.26,52498.62,32807.82,24510.94,43.29
Women Tops,Women,Tops,Ecommerce,2026,Jun,5,true,43225.48,44397.85,6010.13,1390.14,40661.66,6540.32,7177.36,98723.98,133246.2,95998.78,12691.28,172.9
Boys Bottoms,Boys,Bottoms,Wholesale,2026,Feb,1,true,42792.97,42524.36,757.36,36917.6,48710.29,946.37,839.07,36237.64,14409.01,44264.14,73637.27,42.79
Women Dresses,Women,Dresses,Ecommerce,2026,Apr,3,true,42755.9,44098.87,6813.03,32580.22,43891.14,5554.19,7131.89,124847.09,89367.88,126568.56,85681.79,171.02
Boys Sets,Boys,Sets,Ecommerce,2025,Dec,11,true,42731.15,41501.84,6122.53,12601.71,43075.39,5234.63,5416.58,96199.11,114715.34,98246.66,31668.02,170.92
Baby Rompers,Baby,Rompers,Wholesale,2025,Jul,6,true,42674.43,42447.96,844.52,28988.33,35534.92,902.56,1219.72,52765.37,33139.82,40501.02,50980.87,42.67
Baby Rompers,Baby,Rompers,Retail Stores,2025,Apr,3,true,42550.81,42807.84,4112.16,28213.44,41612.59,4594.24,5753.5,124820.05,84682.45,124722.7,87568.27,382.96
Girls Bottoms,Girls,Bottoms,Retail Stores,2026,Feb,1,true,42498.97,40728.6,4252.55,7228.37,43772.01,4939.52,4542.43,127327.22,142914,128944.97,33851.96,382.49
Girls Tops,Girls,Tops,Wholesale,2026,Aug,7,false,42494.87,47619.44,908.65,0,,938.81,,,87467.94,43991.77,0,42.49
Baby Sleepwear,Baby,Sleepwear,Wholesale,2026,Feb,1,true,42465.81,45561.81,911.18,39415.27,38547.59,783.02,810.85,36955.77,16066.09,41064.12,68289.31,42.47
Girls Tops,Girls,Tops,Wholesale,2024,Nov,10,true,42409.21,42985.14,937.56,8278.37,38856.32,794.93,860.63,43436.86,68777.01,40463.55,14933.09,42.41
Girls Swim,Girls,Swim,Ecommerce,2025,Jul,6,true,42387.17,43098.06,5450.77,20013.12,43336.2,6530.05,6503.42,126163.95,114754.99,127977.97,62309.76,169.55
Boys Swim,Boys,Swim,Ecommerce,2025,Apr,3,true,42382.31,41856.55,5374.23,28996.85,48769.11,5691.96,5973.21,110011.36,88760.1,117584.67,77068.37,169.53
Girls Swim,Girls,Swim,Ecommerce,2024,Sep,8,true,42300.74,42756.01,6301.51,10778.27,43770.56,5086.04,5954.77,88497.92,107699.41,91843.75,31700.32,169.2
Women Dresses,Women,Dresses,Ecommerce,2024,Dec,11,true,42257.55,43339.43,6075.55,13279.63,38237.09,6494.46,6833.37,95416.69,108903.41,94461.03,34478.66,169.03
Baby Sleepwear,Baby,Sleepwear,Ecommerce,2025,Jan,12,true,42200.31,41900.89,5145.66,0,43286.05,5163.03,6105.88,212182.62,261779.35,214247.2,0,168.8
Girls Swim,Girls,Swim,Retail Stores,2026,Dec,11,false,42175.11,42930.15,3967.22,8604.19,,5077.25,,,113983.39,99005.84,32654.38,379.58
Girls Sleepwear,Girls,Sleepwear,Wholesale,2024,Sep,8,true,42135.65,41299.45,805.9,23356.47,38998.66,935.8,1271.86,30966.2,29557.63,32216.13,45772.09,42.14
Baby Sets,Baby,Sets,Ecommerce,2025,Dec,11,true,42023.1,41501.84,5300.21,11461.36,42626.56,5274.24,6793.44,92561.54,117171.4,95188.38,25482.42,168.09
Girls Bottoms,Girls,Bottoms,Retail Stores,2025,Aug,7,true,41995.03,41045.77,4803.18,20253.79,43656,4953.93,5333.93,127134.51,111277.12,126271.55,62321.34,377.96
Boys Tops,Boys,Tops,Wholesale,2024,Jul,6,true,41969.65,41372.28,858.84,28108.43,37163.6,746.25,804.35,55525.73,30199.17,44150.54,56709.24,41.97
Women Tops,Women,Tops,Ecommerce,2026,Sep,8,false,41887.43,42603.99,5038.05,13700.15,,6260.08,,,110092.4,97817.12,36039.78,167.55
Boys Swim,Boys,Swim,Ecommerce,2026,Sep,8,false,41860.56,39763.73,4823.47,10446.88,,5266.86,,,116810.9,95883.84,26367.79,167.44
Boys Tops,Boys,Tops,Retail Stores,2025,Jun,5,true,41770.97,39905.61,4029.69,5832.21,40768.67,4331.93,4742.22,91579.2,134053.35,91452.62,3878.12,375.94
Boys Tops,Boys,Tops,Retail Stores,2026,Aug,7,false,41768.86,41856.55,4614.62,21258.03,,4543.16,,,114144.23,115313.14,47856.85,375.92
Baby Rompers,Baby,Rompers,Retail Stores,2026,Oct,9,false,41664.69,42807.84,4628.92,26195.48,,3819.97,,,90127.5,120282,76014.13,374.98
Baby Rompers,Baby,Rompers,Retail Stores,2026,Jun,5,true,41514.06,42379.76,4233.07,6615.87,43198.6,4411.95,4744.84,96448.93,130535.28,98656.83,14421.18,373.63
Women Tops,Women,Tops,Ecommerce,2025,May,4,true,41510.32,41425.83,5307.26,12793.18,44331.57,6134.15,7471.18,113591.11,134387.27,119130.38,32553.62,166.04
Girls Sets,Girls,Sets,Retail Stores,2026,Feb,1,true,41509.69,40728.6,4670.75,7039.26,40097.71,4074.45,5181.09,116726.25,129698.4,114342.2,30601.53,373.59
Girls Tops,Girls,Tops,Wholesale,2025,Aug,7,true,41433.43,40355.46,857.08,0,46286.1,709.71,900.24,35799.69,76141.11,40699.36,6742.83,41.43
Girls Sleepwear,Girls,Sleepwear,Retail Stores,2026,Jan,12,false,41400.75,40453.41,4204.15,0,,3757.93,,,250808.28,205277,0,372.61
Girls Sets,Girls,Sets,Retail Stores,2024,Oct,9,true,41388.58,40914.85,4149.53,24417.89,43469.47,4535.14,3615.67,112826.39,86995.83,115478.67,74779.05,372.5
Baby Rompers,Baby,Rompers,Wholesale,2025,Jun,5,true,41375.12,40355.46,884.96,29936.24,40178.46,825.26,1020.38,32876.46,17650.36,33139.82,57731.21,41.38
Boys Tops,Boys,Tops,Retail Stores,2024,Apr,3,true,41182.79,41723.04,4231.56,26783.73,44231.5,3818.06,4533.8,98486.75,83567.99,121686.81,83490.32,370.65
Boys Tops,Boys,Tops,Wholesale,2026,Sep,8,false,40903.71,41152.6,722.31,22583.78,,782.86,,,27572.49,33740.51,47895.49,40.9
Baby Sleepwear,Baby,Sleepwear,Retail Stores,2024,Dec,11,true,40875.7,41369.46,4329.99,7714.44,37895.54,4034.48,3671.32,97597.23,109422.89,96248.58,32103.75,367.88
Girls Sets,Girls,Sets,Retail Stores,2024,Jun,5,true,40778.69,40505.7,3656.7,3020.88,38240.46,4358.7,5459.02,92756.94,128931.24,92106.34,8679.5,367.01
Women Bottoms,Women,Bottoms,Ecommerce,2026,Nov,10,false,40773.04,43052.46,5122.09,30678.76,,5797.23,,,83120.75,113461.15,77073.76,163.09
Girls Sets,Girls,Sets,Retail Stores,2025,Aug,7,true,40769.96,41045.77,4954.79,19225.31,40938.9,3685.18,3596.02,120538.23,106040,121880.26,60662.33,366.93
Girls Bottoms,Girls,Bottoms,Retail Stores,2024,Jun,5,true,40761.76,40505.7,3762.95,2614.9,46817.14,4014.18,4622.87,82269.38,132929.58,89003.39,1216.61,366.86
Girls Bottoms,Girls,Bottoms,Wholesale,2026,Nov,10,false,40749.21,38549.07,805.41,9270.2,,698.77,,,66761.42,40956.74,15684.05,40.75
Baby Rompers,Baby,Rompers,Wholesale,2025,Oct,9,true,40652.67,41252.25,800.17,31383.77,43196.27,876.94,886.37,37976.03,25839,41382.4,57113.67,40.65
Women Dresses,Women,Dresses,Ecommerce,2026,May,4,true,40564.76,40735.4,5401.35,11631.71,42289.27,5029.11,5431.41,120215.49,126568.56,122265.92,41453.49,162.26
Boys Tops,Boys,Tops,Retail Stores,2025,Oct,9,true,40438.15,40308.7,4734.54,25447.82,42007.51,3771.37,4664.44,118295.79,86883.38,122230.11,79920.19,363.94
Women Bottoms,Women,Bottoms,Ecommerce,2025,Dec,11,true,40429.37,39525.56,5890.34,9235.62,36471.82,5590.55,5225.24,93639.87,111280.91,88017.45,22918.18,161.72
Girls Sets,Girls,Sets,Wholesale,2025,Sep,8,true,40380.17,40355.46,913.09,24237.3,40822.32,713.4,713.93,38306.48,27298.82,32347.01,46182.14,40.38
Baby Rompers,Baby,Rompers,Wholesale,2024,Feb,1,true,40318.84,40643.9,809.07,21302.35,41781.26,820.25,655.16,47923.49,43246,41969.73,39903.14,40.32
Girls Sleepwear,Girls,Sleepwear,Retail Stores,2024,Jul,6,true,40201.73,40096.55,4245.66,16898.34,41114.6,4652.1,5556.21,117593.43,108090.19,114552.73,51678.19,361.82
Baby Rompers,Baby,Rompers,Retail Stores,2025,May,4,true,40184.74,39542.83,3964.95,13738.08,40883.98,3599,4321.69,108287.91,124722.7,110400.04,29822.74,361.66
Girls Sleepwear,Girls,Sleepwear,Retail Stores,2025,Feb,1,true,40167.2,40268.39,4632.98,10596.63,39347.57,3979.33,4963.5,117927.02,139626.02,116619.7,21501.71,361.5
Women Tops,Women,Tops,Ecommerce,2025,Mar,2,true,40097.38,40285.67,6187.24,21031.14,38125.9,4805.23,5469.46,93469.01,84719.24,91424.77,51768.52,160.39
Women Tops,Women,Tops,Ecommerce,2024,Apr,3,true,40096.78,39338.87,5001.86,26138.75,40374.59,6098.6,6453.35,108831.74,79936.66,111890.99,78310.1,160.39
Baby Rompers,Baby,Rompers,Retail Stores,2026,Sep,8,false,40073.69,40667.45,4010.17,12577.48,,4534.26,,,107731.56,90127.5,27364.56,360.66
Girls Bottoms,Girls,Bottoms,Retail Stores,2024,Oct,9,true,40070.63,40914.85,4671.61,29190.69,37384.08,4167.98,4475.19,111855.34,86767.4,108300.4,66132.24,360.64
Boys Bottoms,Boys,Bottoms,Ecommerce,2024,Feb,1,true,40030.04,40294.56,5765.84,16012.59,43433.94,5336.91,6598.36,117274.99,123350.28,119955.46,42132.25,160.12
Boys Tops,Boys,Tops,Retail Stores,2026,Jul,6,true,39988.56,39953.98,4422.51,16240.81,39935.99,4567.29,6287.32,109538.17,109924.73,114144.23,49135.25,359.9
Women Dresses,Women,Dresses,Ecommerce,2024,Nov,10,true,39747.4,40005.63,4918.23,30343.32,39846.78,5807.1,5750.71,108239.28,76567.76,108903.41,78049.14,158.99
Girls Swim,Girls,Swim,Ecommerce,2025,Feb,1,true,39708.5,37967.34,4501.73,10698.28,34012.74,5779.25,6654.95,118606.14,137758.15,114360.11,22248.55,158.83
Boys Tops,Boys,Tops,Wholesale,2024,Oct,9,true,39707.59,40206.87,798.22,28723.83,41204.95,864.56,1002.19,36013.6,25242.55,40562,55931.31,39.71
Boys Swim,Boys,Swim,Ecommerce,2026,Aug,7,false,39672.42,36833.77,5111.63,16337.39,,5722.81,,,103355.65,116810.9,59009.18,158.69
Baby Accessories,Baby,Accessories,Ecommerce,2025,Nov,10,true,39632.1,40224.86,4905.28,27723.76,35659.98,5086.41,4306.86,127012.11,83292.64,117437.99,79022.39,158.53
Boys Tops,Boys,Tops,Wholesale,2024,Jun,5,true,39592.72,39332.81,850.53,28506.77,43169.76,868.81,1015.63,25790.56,16428.41,30199.17,54271.89,39.59
Boys Swim,Boys,Swim,Ecommerce,2025,May,4,true,39525.07,38664.11,5470.23,15555.23,42339.08,5761.04,4946.44,113588.4,117584.67,119521.22,47380.76,158.1
Girls Swim,Girls,Swim,Retail Stores,2026,Nov,10,false,39477.2,39627.83,4283.07,30583.42,,3631.77,,,78520.42,113983.39,78927.23,355.29
Girls Bottoms,Girls,Bottoms,Wholesale,2025,Sep,8,true,39474.02,40355.46,882.45,24618.36,38736.92,867.65,1126.34,36412.45,27568.98,32900.32,45712.49,39.47
Boys Bottoms,Boys,Bottoms,Retail Stores,2024,Dec,11,true,39456.49,38611.49,3591.04,9138.67,44689.59,4274.06,3965.96,88926.84,103802.28,94232.59,34515.96,355.11
Girls Swim,Girls,Swim,Ecommerce,2024,Aug,7,true,39441.53,39605.57,5231.73,17728.78,40741.95,5234.26,5668.94,102517.96,115534.74,107699.41,36998.23,157.77
Boys Sets,Boys,Sets,Ecommerce,2025,Nov,10,true,39390.91,38309.39,4644.69,25367.9,41482.48,5452.36,5115.17,124813.14,75369.49,114715.34,84346.68,157.56
Boys Bottoms,Boys,Bottoms,Retail Stores,2026,Apr,3,true,39381.6,39288.08,4066.07,27623.98,42788.44,4374.48,4831.6,114665.47,82224.71,117384.02,79269.82,354.43
Women Dresses,Women,Dresses,Ecommerce,2026,Mar,2,true,39356.79,39614.24,5742.22,21781.71,38583.36,5957.56,5309.62,87342.06,77358.47,89367.88,57481.19,157.43
Baby Sets,Baby,Sets,Ecommerce,2025,Nov,10,true,39324.13,38309.39,4950.35,26414.75,38345.53,5831.76,7035.56,108963.9,74277.13,117171.4,88207.46,157.3
Boys Tops,Boys,Tops,Retail Stores,2024,May,4,true,39292.3,38540.77,3531.03,13715.73,40169.71,3873.92,5587.77,113693.74,121686.81,115180.21,37013.25,353.63
Boys Bottoms,Boys,Bottoms,Retail Stores,2025,Nov,10,true,39286.21,40631.17,3865.55,26929.22,35643.29,4593.25,4473.69,125283.21,83628.4,119678.48,80283.11,353.58
Girls Sets,Girls,Sets,Wholesale,2026,Nov,10,false,39171.78,38549.07,812.76,7298.47,,781.35,,,67576.77,40962.98,13378.5,39.17
Baby Rompers,Baby,Rompers,Wholesale,2025,Mar,2,true,39138.53,38860.81,661.65,13069.16,41634.33,897.68,1035.74,28548.66,47104.3,31062.35,24033.4,39.14
Baby Sleepwear,Baby,Sleepwear,Retail Stores,2026,Apr,3,true,39126.13,42094.38,4495.52,28319.59,42165.79,4660.46,4944.64,115005.27,76759.6,116933.56,84312.68,352.14
Boys Bottoms,Boys,Bottoms,Wholesale,2026,Jul,6,true,39115.49,38957.8,823.43,25683.88,40959.64,746.2,884.37,30062.97,28387.34,37466.41,48979.87,39.12
Boys Tops,Boys,Tops,Retail Stores,2025,Sep,8,true,38960.34,38293.27,4279.98,7531.93,43061.89,4468.23,4671.05,83127.2,106571.09,86883.38,24091.51,350.64
Girls Tops,Girls,Tops,Retail Stores,2024,Jan,12,true,38952.52,38664.53,3873.8,0,28470.98,3477.63,4487.9,179664.78,212873.78,170093.06,0,350.57
Boys Sets,Boys,Sets,Ecommerce,2026,Apr,3,true,38794.69,37043.05,4495.34,26728.27,41160.67,5300.54,5712.71,95046.57,79064,111442.76,76629.17,155.18
Women Tops,Women,Tops,Ecommerce,2026,Aug,7,false,38769.31,39464.75,4690.64,17426.69,,5311.29,,,111346.2,110092.4,42981.88,155.08
Girls Tops,Girls,Tops,Wholesale,2026,Jan,12,false,38723.15,42857.5,968.18,28669.58,,668.9,,,28174,38423.64,49680.41,38.72
Boys Tops,Boys,Tops,Wholesale,2024,Mar,2,true,38687.91,37876.03,815.37,11710.81,40870.65,668.53,757.83,26317.72,47177.03,29379.19,21597.28,38.69
Baby Sleepwear,Baby,Sleepwear,Wholesale,2025,Feb,1,true,38649.56,38611.7,681.83,32902.46,37083.24,854.6,895.35,40197.02,12913.7,38663.72,65292.83,38.65
Boys Bottoms,Boys,Bottoms,Ecommerce,2025,Jan,12,true,38610.52,39107.5,5557.29,0,38586.8,4570.38,5264.29,174782.47,218807.25,175471.91,0,154.44
Girls Bottoms,Girls,Bottoms,Retail Stores,2024,Sep,8,true,38585.88,38869.1,4127.41,8034.34,42503.08,3802.63,5016.07,81790.63,113024.99,86767.4,16478.2,347.27
Girls Bottoms,Girls,Bottoms,Retail Stores,2025,Jul,6,true,38582.9,39180.06,4139.72,18411.07,38659.6,4284.36,4367.6,111952.99,112236.01,111277.12,42255.61,347.25
Baby Sleepwear,Baby,Sleepwear,Wholesale,2026,Jul,6,true,38554.56,41740.5,957.83,27366.34,41843.3,764.46,793.06,32787.38,27584.79,36325.67,48098.45,38.55
Women Tops,Women,Tops,Ecommerce,2025,Jun,5,true,38522.76,37625.29,5053.94,4715.7,42251.05,5979.54,7422.04,77864.99,119130.38,83573.33,9099.33,154.09
Girls Sleepwear,Girls,Sleepwear,Wholesale,2025,Nov,10,true,38510.45,38113.49,666.08,9775.12,40749.24,789.91,880.53,34405.68,65811.09,36584.3,10112.08,38.51
Girls Sets,Girls,Sets,Retail Stores,2024,Sep,8,true,38501.67,38869.1,4327.12,12660.78,33994.03,4400.72,4115.12,91599.23,109333.77,86995.83,20910.96,346.52
Baby Sleepwear,Baby,Sleepwear,Retail Stores,2024,Nov,10,true,38486.21,38187.19,4069.47,28643.26,36766.35,3830.8,4357.9,113113.9,80998.55,109422.89,71087.71,346.38
Baby Rompers,Baby,Rompers,Retail Stores,2024,Apr,3,true,38480.36,37550.74,4201.79,25618.84,35926.13,4049.69,4880.85,107367.85,74716.31,110179.49,78339.55,346.32
Girls Tops,Girls,Tops,Wholesale,2026,Apr,3,true,38421.45,42177.22,734.51,7551.51,39455.58,842.23,1059.79,35568.18,68025.75,37666.93,8943.27,38.42
Boys Swim,Boys,Swim,Ecommerce,2025,Mar,2,true,38364.99,37599.96,5501.76,20372.72,35881.07,5202.58,7477.87,85766.26,75383.13,88760.1,57098,153.46
Baby Rompers,Baby,Rompers,Retail Stores,2025,Jun,5,true,38339.46,35915.05,3581.46,3847.32,34599.34,4214.72,4368.5,94298.24,110400.04,90229.56,22728.76,345.06
Baby Rompers,Baby,Rompers,Wholesale,2024,Jul,6,true,38234.65,37235.06,776.28,24295.96,40245.26,704.9,1074.12,37437.71,29467.15,36753.01,46263.65,38.23
Baby Rompers,Baby,Rompers,Retail Stores,2025,Mar,2,true,38170.04,38454.5,3500.29,19180.24,36962.2,3564.49,4077.16,81216.54,76264.13,84682.45,50496.39,343.53
Women Dresses,Women,Dresses,Ecommerce,2025,Apr,3,true,38102.01,37371.92,4967.83,26832.8,37120.03,5708.85,6195.45,102209.86,78593.89,103917.07,69286.44,152.41
Boys Tops,Boys,Tops,Retail Stores,2024,Mar,2,true,38056.29,37480.02,4096.51,18635.03,43306.53,4019.02,3138.66,75636.5,76107.22,83567.99,49878.6,342.51
Girls Swim,Girls,Swim,Ecommerce,2024,Jul,6,true,38041.67,37805.32,5397.93,20524.39,41011.05,5612.75,7126.38,102906.91,102827.55,115534.74,56513.77,152.17
Baby Accessories,Baby,Accessories,Ecommerce,2024,Dec,11,true,38037.82,38225.38,5869.89,12269.85,32170.16,4422.67,4080.22,95573.47,99672.33,89264.61,32204.92,152.15
Boys Swim,Boys,Swim,Ecommerce,2026,Jul,6,true,37993.3,35159.51,4651,18484.13,39495.28,5060.26,6674.4,96667.53,100267.16,103355.65,46294.02,151.97
Baby Sleepwear,Baby,Sleepwear,Ecommerce,2024,Jan,12,true,37936.78,36755.17,4994.24,0,31640.91,5768.11,4640.99,187817.16,224258.91,180402.28,0,151.75
Baby Sleepwear,Baby,Sleepwear,Wholesale,2026,Oct,9,false,37921.97,40564.71,851.91,28489.98,,806.78,,,23684.5,37549.31,52631.48,37.92
Girls Swim,Girls,Swim,Ecommerce,2026,Jan,12,false,37884.35,38141.79,4532.63,0,,5723.1,,,212843.42,169084.44,0,151.54
Girls Sets,Girls,Sets,Retail Stores,2025,Jul,6,true,37875.87,39180.06,4566.01,18469.85,38996.29,4436.12,3919.73,104515.84,111767.24,106040,36925.64,340.88
Baby Accessories,Baby,Accessories,Ecommerce,2026,Apr,3,true,37837.34,38895.2,5790.91,30916.39,37995.79,5384.82,6569.98,110292.55,75853.93,110560.67,78080.25,151.35
Women Bottoms,Women,Bottoms,Ecommerce,2025,Nov,10,true,37547.04,36485.13,4640.25,26766.3,38146.27,4551.66,5135.75,98021.89,72541.6,111280.91,80988.2,150.19
Girls Sleepwear,Girls,Sleepwear,Wholesale,2026,Aug,7,false,37532.72,37037.34,805.69,674.35,,670.53,,,73522.35,38276.69,2995.12,37.53
Baby Sets,Baby,Sets,Ecommerce,2026,Apr,3,true,37475.54,37043.05,5499.56,27436.07,36547.71,5306.8,5530.65,98993.87,78377.48,102720.44,67275.21,149.9
Boys Bottoms,Boys,Bottoms,Wholesale,2025,Feb,1,true,37430.66,36037.59,714.83,30860.68,43874.22,804.13,870.11,35549.93,12303.49,36342.2,62310.94,37.43
Baby Rompers,Baby,Rompers,Retail Stores,2026,Aug,7,false,37395.57,37670.9,4031.08,14069.18,,4031.57,,,109723.51,107731.56,39771.76,336.56
Boys Swim,Boys,Swim,Ecommerce,2024,Apr,3,true,37371.18,36716.28,4865.05,27119.01,45391.61,4830.02,4929.7,94418.42,78794.15,105793.92,69350.46,149.48
Women Tops,Women,Tops,Ecommerce,2025,Oct,9,true,37310.6,38005.35,5647.13,26979.18,29822.66,5355.29,7064.91,107681.91,81913.71,103134.34,64035.77,149.24
Girls Bottoms,Girls,Bottoms,Retail Stores,2024,Aug,7,true,37262.08,36005.06,4260.84,16482.75,39632.72,3776.02,3750.2,106667.92,104342.23,113024.99,50056.23,335.36
Baby Sleepwear,Baby,Sleepwear,Retail Stores,2025,Apr,3,true,37217.18,35673.2,3320.02,23726.05,32867.56,4283.49,3183.61,115482.08,74381.21,110284.94,77739.35,334.95
Women Tops,Women,Tops,Ecommerce,2024,May,4,true,37193.3,36338.44,5163.47,14684.13,40698.17,4855.72,5609.6,97318.78,111890.99,101567.39,31874.19,148.77
Girls Swim,Girls,Swim,Retail Stores,2025,Dec,11,true,37132.66,36381.48,3555.03,13021.56,32170.41,4251.32,3165.41,88768.17,102323.09,84980.96,24376.05,334.19
Baby Rompers,Baby,Rompers,Retail Stores,2025,Oct,9,true,37078.38,36277.83,3725.36,21022.95,41129.23,3944.47,4079.73,92446.85,77606.46,101510.66,65260.75,333.71
Women Dresses,Women,Dresses,Ecommerce,2026,Oct,9,false,37078.18,37371.92,4593.79,22507.75,,4306.02,,,79863.43,102073.07,63742.16,148.31
Baby Rompers,Baby,Rompers,Wholesale,2026,Sep,8,false,36943.81,37037.34,724.56,20791.56,,718.64,,,25413.93,29205.33,41490.78,36.94
Women Tops,Women,Tops,Ecommerce,2026,Jul,6,true,36904.88,37670.9,4620.33,18391.94,38510.71,4624.38,4202.11,105682.73,95998.78,111346.2,57024.3,147.62
Boys Swim,Boys,Swim,Ecommerce,2025,Jun,5,true,36772.08,35116.94,5205.62,2014.78,36457.61,4910.76,4384.24,82356.71,119521.22,81782.11,4090.82,147.09
Girls Bottoms,Girls,Bottoms,Retail Stores,2026,Jan,12,false,36747.11,34674.35,4174.07,0,,3372.26,,,211636.56,171186.47,0,330.72
Girls Tops,Girls,Tops,Wholesale,2026,Dec,11,false,36615.41,40816.66,796.74,9289.87,,632.34,,,50084.25,28174,15374.11,36.62
Boys Bottoms,Boys,Bottoms,Wholesale,2026,Oct,9,false,36582.53,37860.39,839.97,28187.54,,776.93,,,21631.52,36846.19,52610.71,36.58
Girls Sets,Girls,Sets,Retail Stores,2024,Aug,7,true,36579.3,36005.06,3887.18,13649.2,39547.8,3323.94,2607.55,108195.45,102929.9,109333.77,46636.33,329.21
Baby Sleepwear,Baby,Sleepwear,Wholesale,2025,Jul,6,true,36550.06,35373.3,697.41,23129.72,32220.66,736.07,792.73,37517.51,27966.03,36701.34,46057.99,36.55
Boys Bottoms,Boys,Bottoms,Wholesale,2026,Jun,5,true,36520.24,37037.34,762.28,27212.94,32573.29,625.14,698.16,34922.33,15786.6,28387.34,49782.63,36.52
Baby Sleepwear,Baby,Sleepwear,Wholesale,2026,Jun,5,true,36449.34,39682.87,755.66,28293.5,38690.65,732.67,700.68,24623.98,15649.87,27584.79,49153.37,36.45
Boys Sets,Boys,Sets,Ecommerce,2026,May,4,true,36318.55,34217.73,4604.56,10614.99,36453.49,4291.97,4468.25,106577.91,111442.76,106589.5,35902.53,145.27
Baby Rompers,Baby,Rompers,Retail Stores,2026,Jul,6,true,36268.14,35958.59,3463.46,16319.06,36288.53,3373.34,3288.68,106880.26,98656.83,109723.51,51034.58,326.41
Women Tops,Women,Tops,Ecommerce,2024,Mar,2,true,36248.05,35338.3,4792.94,17150.74,34376.19,4964.38,6111.65,74217.28,68882.45,79936.66,52411.63,144.99
Boys Sets,Boys,Sets,Ecommerce,2024,Dec,11,true,36219.47,36405.12,5122.85,9971.4,35557.85,4588.04,5363.46,86520.69,99101.95,88071.36,29921.8,144.88
Girls Bottoms,Girls,Bottoms,Wholesale,2024,Sep,8,true,36219.12,35399.52,769.43,20357.23,36368.58,648.12,682.76,26996.86,24162.29,27384.45,40125.62,36.22
Boys Swim,Boys,Swim,Ecommerce,2025,Oct,9,true,36199.78,35471.66,4788.12,22748.5,39785.14,4515,5681,92559.68,72680.81,104630.21,72808.98,144.8
Girls Tops,Girls,Tops,Wholesale,2025,Apr,3,true,36197.25,35743.41,812.05,7539.78,39686.44,770.45,871.65,31302.74,65105.85,35432.56,7330.61,36.2
Baby Rompers,Baby,Rompers,Wholesale,2024,Oct,9,true,36165.46,36186.18,699.37,28070.43,38289.54,733.5,841.82,35608.79,23087.25,34593.98,48441.85,36.17
Girls Sleepwear,Girls,Sleepwear,Retail Stores,2024,Feb,1,true,36155.9,35323.15,3785.75,12730.02,34231.3,3500.45,3958.86,103055.82,101340,104980.21,43621.96,325.4
Baby Sleepwear,Baby,Sleepwear,Retail Stores,2026,May,4,true,35977.11,38883.79,4354.96,13697.28,31687.43,3481.96,3137.77,100933.74,116933.56,101321.52,24170.83,323.79
Baby Sets,Baby,Sets,Ecommerce,2024,Dec,11,true,35970.95,36405.12,4363.99,10556.42,37008.9,5427.09,8416.34,74077.46,96712.99,78266.23,23095.16,143.88
Women Dresses,Women,Dresses,Ecommerce,2026,Jun,5,true,35871.66,36998.2,5702.84,1586,39059.71,5298.77,6467.62,76774.24,122265.92,81143.82,191.82,143.49
Girls Tops,Girls,Tops,Wholesale,2025,Jan,12,true,35822.13,36319.91,681.4,22459.85,37452.83,723.55,912.18,31309.4,26163.36,33684.16,44102.3,35.82
Baby Sleepwear,Baby,Sleepwear,Wholesale,2026,Mar,2,true,35792.32,38213.13,852.95,12470.6,31346.27,660.21,641.12,29658.24,41064.12,27101.09,22525.3,35.79
Boys Tops,Boys,Tops,Retail Stores,2024,Sep,8,true,35791.62,33590.58,3136.48,9162.25,34633.28,3426.27,2827,82046.82,86591.4,83075.05,36023.66,322.12
Boys Tops,Boys,Tops,Wholesale,2025,Sep,8,true,35762.31,34875.09,720.51,20837.99,39868.43,728.31,955.79,16652.47,23683.37,27154.92,39997.92,35.76
Girls Bottoms,Girls,Bottoms,Retail Stores,2025,Feb,1,true,35672.03,34515.76,3977.81,4891.56,34882.9,3688.57,2671.18,110253.13,120045.56,107995.09,27631.18,321.05
Girls Sets,Girls,Sets,Retail Stores,2026,Jan,12,false,35618.29,34674.35,3502.1,0,,3999.63,,,194948.69,155010.21,0,320.56
Girls Sets,Girls,Sets,Wholesale,2024,Sep,8,true,35601.53,35399.52,663.45,20837.55,33724.12,787.54,904.88,29091.59,25277.27,29258.12,40405.53,35.6
Girls Swim,Girls,Swim,Wholesale,2026,Feb,1,true,35592.39,35147.68,647.17,29702.55,39271.64,673.28,600.06,33354.18,11975.56,36260.8,60586.51,35.59
Women Tops,Women,Tops,Ecommerce,2025,Sep,8,true,35579.53,36105.08,4600.08,10089.96,32988.63,4270.19,4603.77,84274.19,91906.22,81913.71,29999.52,142.32
Boys Tops,Boys,Tops,Retail Stores,2025,Aug,7,true,35571.14,35471.66,3864.33,17020.22,37385.28,3598.93,3681.46,107262.07,99807.22,106571.09,46254.07,320.14
Baby Accessories,Baby,Accessories,Ecommerce,2026,May,4,true,35550.43,35928.62,5517.28,11946.29,35453.21,4891.5,4608.04,99615.48,110560.67,99320.21,29343.68,142.2
Baby Rompers,Baby,Rompers,Retail Stores,2024,May,4,true,35427.66,34686.7,3346.15,8660.92,34919.09,4179.15,4210.91,103187.12,110179.49,102545.08,32291.25,318.85
Boys Sets,Boys,Sets,Ecommerce,2026,Mar,2,true,35424.39,33275.96,4704.3,17828.27,32349.87,4552.97,4025.7,85823.41,72518.93,79064,46664.13,141.7
Baby Rompers,Baby,Rompers,Wholesale,2024,Jun,5,true,35393.93,35399.52,736.53,26626.27,36960.24,626.22,582.69,28672.67,14720.13,29467.15,50802.56,35.39
Boys Bottoms,Boys,Bottoms,Retail Stores,2026,Mar,2,true,35391.49,35292.69,3417.62,19755.08,39092.05,3984.67,4120.93,75547.37,74060.97,82224.71,47858.42,318.52
Women Bottoms,Women,Bottoms,Ecommerce,2024,Dec,11,true,35383.88,34671.54,4368.49,7980.43,34484.6,4885.89,6369.99,80542.48,95931.19,84033.56,28513.67,141.54
Boys Tops,Boys,Tops,Retail Stores,2024,Jun,5,true,35373.02,35004.92,3274.4,4153.63,33900.93,4199.23,5416.08,83265.73,115180.21,83765.02,8475.41,318.36
Boys Bottoms,Boys,Bottoms,Retail Stores,2026,May,4,true,35254.18,36291.54,3639.04,7818.61,32181.08,3582.48,4363.62,98897.07,117384.02,96908.73,18678.67,317.29
Boys Tops,Boys,Tops,Retail Stores,2024,Oct,9,true,35103.76,35358.51,3765.05,24045.86,34513.24,3728.44,4005.51,94609.08,83075.05,99655.2,55728.29,315.93
Boys Bottoms,Boys,Bottoms,Retail Stores,2024,Nov,10,true,35066.3,35641.38,3848.99,26585.02,37783.51,3326.8,4954.57,103512.58,68925.95,103802.28,73585.03,315.6
Boys Bottoms,Boys,Bottoms,Wholesale,2026,Mar,2,true,35060.96,35665.59,641.95,12073.91,35044.73,803.67,753.19,28239.05,44264.14,27430.67,19066.22,35.06
Baby Accessories,Baby,Accessories,Ecommerce,2024,Nov,10,true,35046.67,35284.96,4236.63,26378.54,37618.84,4429.5,5413.37,95337.81,69173.39,99672.33,70115.31,140.19
Boys Sleepwear,Boys,Sleepwear,Ecommerce,2026,Dec,11,false,35046.43,32648.11,4930.7,7832.83,,4510.93,,,88676.61,83262.28,34283.22,140.19
Boys Tops,Boys,Tops,Retail Stores,2026,Feb,1,true,34939.02,35197.56,4224.87,8422.74,32377.74,3410.13,3548.58,96963.88,115893.94,95244.88,18014.54,314.45
Women Dresses,Women,Dresses,Ecommerce,2025,May,4,true,34932.55,34521.52,4078.9,12189.73,37508,4220.3,4605.22,93965.81,103917.07,98208.89,33584.39,139.73
Girls Tops,Girls,Tops,Wholesale,2024,Aug,7,true,34904.11,35399.52,675.02,1623.59,33117.23,602.55,662.86,37649.77,67529.2,35757.3,3769.67,34.9
Women Dresses,Women,Dresses,Ecommerce,2026,Sep,8,false,34867.1,35503.33,5146.2,11933.15,,4816.31,,,90744.92,79863.43,28941.39,139.47
Baby Rompers,Baby,Rompers,Retail Stores,2025,Sep,8,true,34817.44,34463.94,3212.8,9929.27,34097.9,3756.13,4124.86,78683.93,90692.46,77606.46,25800.93,313.36
Girls Bottoms,Girls,Bottoms,Retail Stores,2024,Jul,6,true,34802.38,34368.47,3221.41,17684.17,33723.15,3896.09,3556.89,99907.59,89003.39,104342.23,54350.54,313.22
Girls Sets,Girls,Sets,Retail Stores,2025,Feb,1,true,34761.72,34515.76,3193.14,4643.43,33827.47,4188.6,4984.86,100416.74,123518.53,100063.07,15807.72,312.86
Baby Accessories,Baby,Accessories,Ecommerce,2025,Apr,3,true,34672.66,32962.04,5034.09,24479.76,32784.14,5273.35,6192.73,97414.16,71392.01,100365.77,69058.46,138.69
Girls Swim,Girls,Swim,Retail Stores,2025,Nov,10,true,34495.85,33582.91,3760.16,23718.51,37923.44,4070.32,4626.12,103446.08,72698.79,102323.09,68500.93,310.46
Baby Sets,Baby,Sets,Ecommerce,2026,May,4,true,34491.15,34217.73,5193.76,11739.92,35495.3,5061.95,5002.75,99106.13,102720.44,100198.75,37169.37,137.96
Baby Sleepwear,Baby,Sleepwear,Retail Stores,2026,Mar,2,true,34487.91,37813.59,4528.23,17142.09,38902.41,3848.34,4519.64,69847.93,72620.78,76759.6,42785.47,310.39
Boys Swim,Boys,Swim,Ecommerce,2024,May,4,true,34466.41,33915.88,4029.45,8024.13,38966.06,4383.16,4480.36,90471.99,105793.92,94110.45,27303.96,137.87
Baby Sleepwear,Baby,Sleepwear,Wholesale,2025,Oct,9,true,34437.28,34376.87,603.51,24322.42,32351.96,701.59,597.06,33765.6,21731.94,33550.72,46992.08,34.44
Baby Sleepwear,Baby,Sleepwear,Wholesale,2024,Feb,1,true,34429.18,33869.92,593.34,18414.47,37732.1,621.14,722.71,29343.89,31833.74,33310.91,36561.91,34.43
Girls Sets,Girls,Sets,Retail Stores,2024,Jul,6,true,34392.28,34368.47,3382.41,17958.4,35352.13,4103.47,4071.65,102510.46,92106.34,102929.9,49628.83,309.53
Girls Sleepwear,Girls,Sleepwear,Retail Stores,2025,Jan,12,true,34387.32,34282.55,3793.12,0,35312.33,3458.36,3960.64,149944.81,189510.64,151355.48,0,309.49
Baby Sets,Baby,Sets,Ecommerce,2024,Nov,10,true,34380.26,33604.73,3940.42,24984.29,37275.51,4570.12,4537.67,103124.64,65225.39,96712.99,70575.5,137.52
Boys Tops,Boys,Tops,Retail Stores,2025,Jul,6,true,34302.5,33859.31,4082.98,16695.55,35371.96,3368.06,3106.06,99653.34,91452.62,99807.22,46333.88,308.72
Women Sleepwear,Women,Sleepwear,Ecommerce,2026,Dec,11,false,34240.38,34980.12,4236.91,12489.61,,4522.65,,,92704.16,79506.08,25701.91,136.96
Girls Sleepwear,Girls,Sleepwear,Wholesale,2026,Jan,12,false,34141.47,33333.61,744.63,21078.89,,733.5,,,25706.55,34933.72,44136.28,34.14
Women Bottoms,Women,Bottoms,Ecommerce,2026,Apr,3,true,34127.67,35279.1,5018.11,23528.2,32388.32,4589,5224.84,99274.51,65044.13,92908.06,66717.11,136.51
Baby Accessories,Baby,Accessories,Ecommerce,2026,Mar,2,true,34052.32,34939.76,4887.82,17549.49,34969.26,4712.47,5574.21,76332.67,69644.69,75853.93,45110.23,136.21
Boys Tops,Boys,Tops,Wholesale,2026,Nov,10,false,34019.87,33314.01,757.46,6865.15,,723.96,,,56854.31,35342.24,13265.77,34.02
Women Dresses,Women,Dresses,Ecommerce,2025,Mar,2,true,33988.64,33571.39,4616.85,17748.51,39079.05,4829.94,7104.77,69449.49,71848.71,78593.89,45699.71,135.95
Girls Tops,Girls,Tops,Wholesale,2025,Dec,11,true,33939.49,34590.39,621.24,8160.05,30250.49,601.43,578.32,29133.29,51003.29,26163.36,9734.92,33.94
Baby Rompers,Baby,Rompers,Retail Stores,2024,Mar,2,true,33867.34,33732.02,3023.2,19315.2,36763.41,3414.06,4174.8,70656.58,70186.35,74716.31,42116.17,304.81
Baby Sleepwear,Baby,Sleepwear,Wholesale,2025,Jun,5,true,33831.17,33629.55,693.9,24925.99,34637.73,716.64,861.66,26353.48,14015.02,27966.03,48532.65,33.83
Women Tops,Women,Tops,Ecommerce,2024,Oct,9,true,33806.2,33338.02,4937.15,21812.78,36020.51,4596.49,4720.2,90280.35,75701.6,98148.04,60984.35,135.22
Boys Sets,Boys,Sets,Ecommerce,2026,Oct,9,false,33770.08,31392.42,4737.12,22449.78,,4832.55,,,74688.01,95180.6,59230.29,135.08
Women Tops,Women,Tops,Ecommerce,2025,Aug,7,true,33712.37,33444.7,4724.95,13173.07,35443.85,4675.15,4893.81,88430.45,86067.26,91906.22,44361.33,134.85
Women Dresses,Women,Dresses,Ecommerce,2024,Apr,3,true,33677.05,32782.39,3951.96,25056.81,35646.87,5064.71,4961.2,93516.43,68450.72,95786.48,66212.22,134.71
Girls Tops,Girls,Tops,Wholesale,2026,May,4,true,33606.42,37415.27,735.24,16580.74,34315.2,630.48,706.92,33865.39,37666.93,34111.93,30715.51,33.61
Girls Sleepwear,Girls,Sleepwear,Wholesale,2024,Nov,10,true,33514.43,33432.88,568.73,4927.32,31481.84,599.4,577.52,35301.76,52878.51,32488.28,13757.1,33.51
Girls Sleepwear,Girls,Sleepwear,Wholesale,2026,Apr,3,true,33448.41,32804.5,661.98,5353.16,35514.89,650.3,800.73,32733.88,58242.74,34361.67,10251.09,33.45
Boys Bottoms,Boys,Bottoms,Retail Stores,2025,Apr,3,true,33433.82,33294.99,3580.99,24238.68,36487.16,3237.12,2725.44,91415.03,69612.54,95286.04,62645.34,300.9
Women Tops,Women,Tops,Ecommerce,2024,Jun,5,true,33404.9,33004.64,4359.67,3865.29,32518.86,5116.94,4165.77,80211.7,101567.39,79377.16,16465.24,133.62
Boys Bottoms,Boys,Bottoms,Wholesale,2025,Jul,6,true,33399.27,33015.08,689.56,20244.59,39244.78,661.92,730.71,22764.47,24604.06,32332.2,41822.73,33.4
Boys Sets,Boys,Sets,Ecommerce,2026,Jun,5,true,33392.36,31078.49,4401.98,1328.63,30922.93,4614.96,5128.49,81387.88,106589.5,79796.55,11347.93,133.57
Boys Bottoms,Boys,Bottoms,Ecommerce,2024,Jan,12,true,33387.19,34304.83,4045.89,0,32230.54,4156.69,4551.45,158885.56,195800.88,158123.44,0,133.55
Boys Sets,Boys,Sets,Ecommerce,2024,Nov,10,true,33355.49,33604.73,4340.55,23561.29,29874.03,4764.28,5540.95,96461.18,73338.3,99101.95,64016.85,133.42
Baby Sleepwear,Baby,Sleepwear,Retail Stores,2025,May,4,true,33303.95,32952.36,3117.37,11789.03,38145.17,3885.88,5268.07,82553.43,110284.94,90158.23,17362.85,299.74
Baby Sets,Baby,Sets,Ecommerce,2026,Mar,2,true,33277.67,33275.96,5001.79,15066.06,34369.72,3874.76,3730.44,82758.06,65098.48,78377.48,50564.54,133.11
Boys Bottoms,Boys,Bottoms,Retail Stores,2026,Oct,9,false,33227.56,33294.99,3319.04,23204.43,,3745.29,,,69216.08,92248.09,60303.91,299.05
Boys Swim,Boys,Swim,Ecommerce,2024,Mar,2,true,33118.79,32982.42,4445.84,16509.68,33865.36,4740.15,4545.77,76876.57,70831.01,78794.15,45954.55,132.48
Boys Swim,Boys,Swim,Ecommerce,2025,Sep,8,true,33107.22,33698.07,4455.17,10510.55,31129.93,4760.61,4704.88,74472,93308.86,72680.81,17372.21,132.43
Boys Swim,Boys,Swim,Ecommerce,2026,Feb,1,true,33040.2,30973.85,3871.58,11301.82,34265.68,4112.67,3668.57,88623.65,103156.67,91451.56,25579.92,132.16
Girls Swim,Girls,Swim,Ecommerce,2024,Feb,1,true,33010.61,33304.68,4181.04,13409.15,31116.16,4062.21,3704.33,98543.38,92511.45,94744.29,39437.7,132.04
Girls Bottoms,Girls,Bottoms,Wholesale,2026,Aug,7,false,33006.86,31746.29,685.4,577.89,,619.09,,,66372.82,34413.16,1699.29,33.01
Baby Sleepwear,Baby,Sleepwear,Retail Stores,2026,Jun,5,true,32959.84,35316.47,3344.67,2738.01,30258.04,3473.99,4420.82,81844.83,101321.52,79120.4,14529.34,296.64
Baby Rompers,Baby,Rompers,Wholesale,2024,Mar,2,true,32891.47,34088.43,748.94,12105.54,26934.14,682.35,611.07,31223.01,41969.73,26916,18552.98,32.89
Girls Tops,Girls,Tops,Wholesale,2024,Jan,12,true,32850.61,31859.57,731.32,21977.61,28950.86,644.94,522.08,35497.37,25183.11,34187.89,42533.19,32.85
Girls Swim,Girls,Swim,Retail Stores,2026,Apr,3,true,32764.08,32472.8,3814.62,22615.86,34956.59,3091.04,2740.2,93414.51,64144.7,92083.3,64088.6,294.88
Girls Sleepwear,Girls,Sleepwear,Wholesale,2026,Dec,11,false,32702.08,31746.29,601.42,7756.41,,572.68,,,48411.37,25706.55,10602.63,32.7
Women Dresses,Women,Dresses,Ecommerce,2026,Aug,7,false,32691.42,32887.29,4245.15,13154.78,,3841.89,,,91366.52,90744.92,36042.47,130.77
Baby Sleepwear,Baby,Sleepwear,Wholesale,2025,Mar,2,true,32686.61,32384.01,635.68,11177.35,28060.27,625.18,670.28,33521.12,38663.72,26229.59,20910.35,32.69
Baby Sleepwear,Baby,Sleepwear,Retail Stores,2026,Oct,9,false,32545.25,35673.2,3612.12,20590.14,,3219.61,,,74357.59,94160.48,55860.66,292.91
Boys Bottoms,Boys,Bottoms,Wholesale,2025,Jun,5,true,32535.71,31387.58,690.11,23745.72,35489.94,728.73,806.55,16964.68,12803.64,24604.06,45097.38,32.54
Girls Swim,Girls,Swim,Ecommerce,2025,Jan,12,true,32500.77,32323.55,4687.91,0,33386.37,4438.35,5440.55,144391.93,183333.76,146264.64,0,130
Girls Swim,Girls,Swim,Retail Stores,2024,Dec,11,true,32339.4,31913.58,3609.67,8953.83,36880.96,3770.59,4678.16,67596.4,86271.5,73047.3,23176.84,291.05
Women Bottoms,Women,Bottoms,Ecommerce,2024,Nov,10,true,32314.21,32004.5,4963.83,24835.64,28335.25,4157.06,4537.44,100907.49,66018.81,95931.19,66512.91,129.26
Girls Sets,Girls,Sets,Wholesale,2025,Nov,10,true,32309.2,32668.7,683.77,8063.8,38246.19,661.57,731.68,28167.36,52688.19,33171.37,13486.25,32.31
Girls Sleepwear,Girls,Sleepwear,Wholesale,2025,Aug,7,true,32261.71,31387.58,683.74,1611.96,28956.11,618.07,624.68,37541.64,67159.8,34247.75,0,32.26
Boys Bottoms,Boys,Bottoms,Retail Stores,2026,Jun,5,true,32246.21,32962.04,3240.54,4697.71,34292.73,2948.67,3457.78,74606.89,96908.73,76025.3,14601.66,290.22
Boys Bottoms,Boys,Bottoms,Wholesale,2025,Oct,9,true,32242.4,32085.08,592.92,24066.63,32005.7,654.3,851.55,30996.27,19945.27,31135.17,44118.85,32.24
Girls Swim,Girls,Swim,Wholesale,2026,Jul,6,true,32225.09,32199.81,721.27,20524.61,34043.25,691.95,672.09,25850.44,25956.89,31742.22,38734.6,32.23
Girls Bottoms,Girls,Bottoms,Wholesale,2025,Nov,10,true,32134.26,32668.7,614.42,6580.84,32606.77,607.81,668.06,29931.96,52585.46,30631.31,10820.06,32.13
Boys Sleepwear,Boys,Sleepwear,Ecommerce,2026,Nov,10,false,31998.07,30136.72,4676.92,21857.36,,4532.56,,,67438.48,88676.61,57896.74,127.99
Women Tops,Women,Tops,Ecommerce,2026,Feb,1,true,31972.18,33186.27,4875.38,8691.49,31854.33,4802.88,4501.74,90913.74,115978.33,92535.11,13459.73,127.89
Boys Swim,Boys,Swim,Ecommerce,2024,Oct,9,true,31911.71,31115.49,3673.28,20760.56,34233.94,4295.52,6144.24,78567.85,65732.62,87962.57,58564.83,127.65
Baby Rompers,Baby,Rompers,Retail Stores,2024,Oct,9,true,31866.18,31822.66,2917.88,19212.96,31127.36,3105.59,4032.97,87139.23,67497.81,94773.26,62534.02,286.8
Women Sleepwear,Women,Sleepwear,Ecommerce,2026,Nov,10,false,31849.63,32289.34,4382.52,23616.68,,3738.68,,,61506.25,92704.16,66913.62,127.4
Baby Rompers,Baby,Rompers,Retail Stores,2024,Jun,5,true,31847.4,31504.43,3335.72,2861.82,33507.23,2978.81,2976.17,74149.28,102545.08,77166.43,9734.18,286.63
Girls Sets,Girls,Sets,Wholesale,2026,Aug,7,false,31837.21,31746.29,701.29,1804.45,,624.36,,,65941.85,33448.44,0,31.84
Baby Sleepwear,Baby,Sleepwear,Retail Stores,2024,Apr,3,true,31812.95,31292.28,3054.64,21418.2,31917.11,3336.51,2902.76,90590.98,61920.55,87774.26,61289.48,286.32
Baby Accessories,Baby,Accessories,Ecommerce,2026,Oct,9,false,31798.89,32962.04,4147.23,22243.9,,3760.94,,,69020.32,91380.06,58046.77,127.2
Baby Sleepwear,Baby,Sleepwear,Retail Stores,2025,Mar,2,true,31794.26,32045.42,2932.52,15661.62,31438.71,3561.64,4236.11,70759.68,60111.08,74381.21,49912.17,286.15
Boys Tops,Boys,Tops,Retail Stores,2024,Aug,7,true,31782.66,31115.49,3321.79,13855.08,32497.5,3296.53,3305.96,83568.18,90688.23,86591.4,31268.41,286.04
Women Tops,Women,Tops,Ecommerce,2024,Sep,8,true,31733.25,31671.12,4815.71,8998.55,29737.4,4195.95,5141.81,75476.28,83159.64,75701.6,28598.09,126.93
Baby Sets,Baby,Sets,Ecommerce,2026,Oct,9,false,31649.94,31392.42,3687.47,18823.73,,4117.72,,,65570.08,86898.91,57223.1,126.6
Women Bottoms,Women,Bottoms,Ecommerce,2026,May,4,true,31637.65,32588.32,4712.08,12152.25,31953.16,4897.45,4009.36,87370.59,92908.06,89360.37,33113.96,126.55
Boys Sets,Boys,Sets,Ecommerce,2026,Sep,8,false,31615.44,29822.79,3448.55,6885.5,,4442.92,,,87601.75,74688.01,23271.08,126.46
Girls Swim,Girls,Swim,Wholesale,2025,Feb,1,true,31611.49,29786.17,521.1,25306.73,29888.04,684.09,580.01,34719.61,11271.99,33136.7,54191.91,31.61
Women Tops,Women,Tops,Ecommerce,2025,Jul,6,true,31580.23,31924.49,3726.43,17093.48,30955.47,4014.63,4585.28,88306.44,83573.33,86067.26,38215.12,126.32
Baby Accessories,Baby,Accessories,Ecommerce,2025,May,4,true,31558.27,30447.98,4253.76,9844.97,30902.36,4215.51,4926.24,87246.82,100365.77,87494.05,23028.29,126.23
Women Dresses,Women,Dresses,Ecommerce,2025,Jun,5,true,31554.5,31354.41,4858.82,1716.35,33983.83,4481.54,3568.63,66451.62,98208.89,68331.07,6284.45,126.22
Baby Accessories,Baby,Accessories,Ecommerce,2026,Jun,5,true,31550.39,32632.42,4985.18,2072.73,31756.3,4304.3,5791.32,67488.53,99320.21,69520.06,6180.74,126.2
Baby Sleepwear,Baby,Sleepwear,Retail Stores,2026,Sep,8,false,31532.54,33889.54,3747,10963.98,,3261.13,,,83737.41,74357.59,25697.64,283.79
Girls Bottoms,Girls,Bottoms,Retail Stores,2024,Feb,1,true,31518.34,30276.99,3052.94,10816.35,26654.67,3725.11,5048.29,93736.91,82733.09,86594.09,39388.12,283.67
Women Dresses,Women,Dresses,Ecommerce,2025,Oct,9,true,31502.67,31671.12,3791.9,22236.14,33837.93,4672.36,5790.78,84874.71,66930.9,89802.56,59172.69,126.01
Girls Sets,Girls,Sets,Retail Stores,2024,Feb,1,true,31435.51,30276.99,3059.66,11476.44,27447.57,3071.86,3560.07,90192.41,82167.56,86317.9,38940.62,282.92
Girls Tops,Girls,Tops,Wholesale,2024,Apr,3,true,31422.65,31353.86,657.53,7075.1,27714.73,677.98,877.31,37512.95,53824.58,33301.03,11608.5,31.42
Baby Rompers,Baby,Rompers,Wholesale,2025,Sep,8,true,31398.38,31387.58,713.88,17522.5,28862.24,637.59,772.56,25895.88,22253.27,25839,35653.09,31.4
Baby Sets,Baby,Sets,Ecommerce,2025,Apr,3,true,31335.59,31392.42,4433.84,21947.78,30562.99,3986.58,4210.74,80939.64,63494.46,86094.94,58047.99,125.34
Baby Sleepwear,Baby,Sleepwear,Wholesale,2024,Jul,6,true,31297.92,31029.21,637.34,19978.52,28056.33,715.87,717.31,38699.64,24154.36,32478.48,40369.2,31.3
Women Dresses,Women,Dresses,Ecommerce,2026,Jul,6,true,31280.77,31392.42,3901.4,17568.4,30039.5,4400.22,4209.78,93394.57,81143.82,91366.52,46028.81,125.12
Women Tops,Women,Tops,Retail Stores,2026,Dec,11,false,31258.9,31800.11,3508.32,6440.1,,3327.79,,,83354.49,70639.46,22152.98,281.33
Girls Swim,Girls,Swim,Wholesale,2026,Jun,5,true,31216.55,30612.5,528.24,22794.41,33551.07,703.13,530.1,16984.41,11699.43,25956.89,46208.35,31.22
Baby Rompers,Baby,Rompers,Retail Stores,2026,Feb,1,true,31183.75,31677.8,3126,6980.4,29150.85,2838.94,2993.85,88620.01,104408.27,85819.35,15714.42,280.65
Boys Swim,Boys,Swim,Ecommerce,2025,Aug,7,true,31149.39,31215.06,4026.19,12947.39,30764.63,4228.28,4423.54,90857.74,91864.42,93308.86,36946.71,124.6
Boys Tops,Boys,Tops,Wholesale,2024,Sep,8,true,31143.22,30592.18,525.03,18626.78,37999.54,630.38,526.56,23360.06,23743.23,25242.55,33304.06,31.14
Girls Tops,Girls,Tops,Wholesale,2025,May,4,true,31097.3,31707.86,545.68,16103.14,30104.36,600.28,678.99,35483.98,35432.56,32230.79,28526.9,31.1
Boys Swim,Boys,Swim,Ecommerce,2024,Jun,5,true,31073.85,30804.33,4460.27,5494.46,34001.14,3998.75,5104.46,62895.83,94110.45,67683.43,8769.87,124.3
Baby Sets,Baby,Sets,Ecommerce,2026,Jun,5,true,31020.01,31078.49,4032.65,3025.34,29954.47,3811.98,4015.77,73040.28,100198.75,72093.05,6850.37,124.08
Boys Swim,Boys,Swim,Retail Stores,2026,Dec,11,false,31013.41,29680.1,2818.3,7741.33,,2875.1,,,84683.62,69996.19,19480.2,279.12
Boys Bottoms,Boys,Bottoms,Wholesale,2024,Feb,1,true,31005.36,31611.92,545.26,16136.52,34389.88,622.12,707.88,29780.7,30602.06,31482.21,32538.65,31.01
Girls Sleepwear,Girls,Sleepwear,Retail Stores,2024,Jan,12,true,30987.8,30072.41,2710.34,0,34327.19,3278.57,4134.05,135452.54,174171.28,139626.02,0,278.89
Girls Swim,Girls,Swim,Wholesale,2026,Oct,9,false,30980.83,31292.78,715.63,24151.04,,532.67,,,18469.42,32680.01,45755.08,30.98
Boys Sets,Boys,Sets,Ecommerce,2025,Apr,3,true,30962.59,31392.42,4569.69,19343.42,33308.03,4152.31,4132.41,78572.54,63898.99,90668.11,62007.87,123.85
Boys Bottoms,Boys,Bottoms,Retail Stores,2025,May,4,true,30961.93,30755.54,3119.05,8691.89,31532.88,2856.52,2964.99,80996.67,95286.04,83982.26,22793.33,278.66
Boys Swim,Boys,Swim,Ecommerce,2025,Jul,6,true,30926.94,29796.19,3837.1,14865.62,31633.26,3609.8,3739.09,89748.14,81782.11,91864.42,44742.75,123.71
Boys Bottoms,Boys,Bottoms,Wholesale,2025,Mar,2,true,30777.7,30225.08,563.99,10463.83,32626.14,649.73,621.46,21926.98,36342.2,23939.71,19055.72,30.78
Baby Rompers,Baby,Rompers,Retail Stores,2025,Aug,7,true,30727.3,31924.49,3475.06,13669.91,32006.96,3131.52,3112.59,84159.94,87596.3,90692.46,37231.52,276.55
Baby Sleepwear,Baby,Sleepwear,Retail Stores,2025,Oct,9,true,30683.33,30231.53,3546.42,18927.16,28006.8,3526.55,2599.41,88168.1,67596.22,87589.9,54479.71,276.15
Baby Sleepwear,Baby,Sleepwear,Wholesale,2024,Oct,9,true,30642.58,30155.15,525.59,22606.24,30041.24,666.13,804.79,34821.34,17892.5,31436.02,44882.87,30.64
Girls Swim,Girls,Swim,Retail Stores,2026,May,4,true,30625.49,29996.06,2886.63,9014.28,29537.01,3106.67,3886.49,83334.19,92083.3,84929.47,26853.96,275.63
Baby Accessories,Baby,Accessories,Ecommerce,2026,Sep,8,false,30587.58,31313.93,3990.31,8118.55,,3736.21,,,84238.52,69020.32,19227.95,122.35
Boys Bottoms,Boys,Bottoms,Retail Stores,2026,Sep,8,false,30569.68,31630.24,3211.51,7141.13,,3351.63,,,88500.64,69216.08,14911.87,275.13
Baby Rompers,Baby,Rompers,Retail Stores,2024,Sep,8,true,30567.31,30231.53,2711.06,7165.48,30738.89,3525.38,3758.15,64568.05,85380.17,67497.81,16485.43,275.11
Baby Rompers,Baby,Rompers,Retail Stores,2025,Jul,6,true,30566,30473.38,3205.12,14079.05,26790.18,2859.08,2837.16,88358.9,90229.56,87596.3,31066.92,275.09
Girls Tops,Girls,Tops,Wholesale,2024,Dec,11,true,30545.51,30342.45,566.51,5037.44,26467.04,535.87,476.22,27665.36,40463.55,25183.11,15831.48,30.55
Baby Sleepwear,Baby,Sleepwear,Wholesale,2024,Jun,5,true,30531.35,29499.6,589.97,20967.68,25918.6,634.12,718.57,24500.13,11785.49,24154.36,43564.87,30.53
Women Dresses,Women,Dresses,Ecommerce,2024,May,4,true,30367.46,30282.04,4266.23,9845.67,29246.2,3577.42,4215.92,90407.09,95786.48,89397.32,27677.2,121.47
Women Dresses,Women,Dresses,Ecommerce,2025,Sep,8,true,30345.06,30087.57,3805.6,8826.58,32163.78,3745.55,4287.39,64916.87,78339.47,66930.9,22803.43,121.38
Women Tops,Women,Tops,Ecommerce,2024,Aug,7,true,30298.87,29337.46,4375.64,13490.7,29343.8,4114.1,4675.1,82550.8,79267.44,83159.64,38426.37,121.2
Girls Bottoms,Girls,Bottoms,Wholesale,2026,Jan,12,false,30266.5,28571.66,490.01,18280.04,,522.48,,,23463.9,30292.3,37647.64,30.27
Boys Tops,Boys,Tops,Retail Stores,2024,Jul,6,true,30197.89,29701.15,3190.52,13989.42,25478.78,3606.3,3598.5,94906.87,83765.02,90688.23,40999.19,271.78
Boys Sets,Boys,Sets,Ecommerce,2025,May,4,true,30113,28998.08,3912.81,11331.99,31376.93,4000.17,3864.88,86880.65,90668.11,86277.21,29842.72,120.45
Women Bottoms,Women,Bottoms,Ecommerce,2025,Apr,3,true,30070.07,29897.54,4058.63,23007.82,32316.4,4229.46,5033.56,87465.93,60500.68,90373.25,64292.37,120.28
Boys Bottoms,Boys,Bottoms,Retail Stores,2025,Mar,2,true,30041.16,29909.06,3359.37,13279.72,32200.89,3347.84,4587.94,63303.36,64018.8,69612.54,39253.1,270.37
Baby Sets,Baby,Sets,Ecommerce,2026,Sep,8,false,30024.81,29822.79,4498.51,7460.77,,3685.8,,,76277.06,65570.08,23123.72,120.1
Women Bottoms,Women,Bottoms,Ecommerce,2026,Mar,2,true,30016.6,31691.39,4297.29,14725.84,28823.23,3904.24,4842.35,64106.7,60490.24,65044.13,38594.79,120.07
Girls Sleepwear,Girls,Sleepwear,Wholesale,2026,May,4,true,29952.1,29100.77,665.8,13195.15,30321.97,636.51,798.77,29455.54,34361.67,29998.12,26255.01,29.95
Boys Tops,Boys,Tops,Retail Stores,2026,Jan,12,false,29893.7,29965.49,3016.38,0,,3555.83,,,172507.23,138788.65,0,269.04
Baby Sleepwear,Baby,Sleepwear,Retail Stores,2025,Jun,5,true,29875.61,29929.21,3010.74,1117.48,25668.84,3328.24,3466.47,77703.65,90158.23,71676.91,14991.42,268.88
Boys Bottoms,Boys,Bottoms,Wholesale,2024,Jul,6,true,29846.04,28960.6,545.49,19882.34,25403.86,544.98,481.96,35961.93,22096.67,28399.71,36723.9,29.85
Girls Bottoms,Girls,Bottoms,Wholesale,2026,Apr,3,true,29777.97,28118.15,608.1,5678.74,31759.68,540.56,497.75,28803.96,48883.28,31416.79,12881.82,29.78
Boys Swim,Boys,Swim,Retail Stores,2026,Nov,10,false,29723.37,27397.02,2499.84,19605.05,,2938.26,,,57706.82,84683.62,59905.94,267.51
Baby Accessories,Baby,Accessories,Ecommerce,2025,Mar,2,true,29720.18,29609.96,4412.77,15971.09,30869.29,3894.19,2526.28,71885,57727.21,71392.01,47398.06,118.88
Baby Accessories,Baby,Accessories,Ecommerce,2024,Apr,3,true,29662.21,28914.07,4457.4,21495.39,29915.05,4137.03,3952.57,81829.45,57135.09,81750.41,58533.21,118.65
Girls Outerwear,Girls,Outerwear,Ecommerce,2026,Dec,11,false,29622.17,31482.11,3752.68,11267.97,,3489.12,,,81722.99,71463.32,22970.1,118.49
Girls Swim,Girls,Swim,Wholesale,2026,Mar,2,true,29620.99,29478.7,597.58,9849.71,26638.36,676.25,913.03,27031.88,36260.8,24206.04,18272.11,29.62
Boys Swim,Boys,Swim,Ecommerce,2024,Sep,8,true,29573.22,29559.71,4358.61,9872.03,29113.97,4429.36,5321.49,65031.24,76768.62,65732.62,23084.87,118.29
Baby Sets,Baby,Sets,Ecommerce,2025,May,4,true,29540.64,28998.08,4193,9021.32,28029.15,4197.19,5133.56,87649.71,86094.94,88758.89,36519.94,118.16
Baby Rompers,Baby,Rompers,Wholesale,2026,Nov,10,false,29509.7,29982.61,510.64,7066.53,,609.29,,,48107.46,29938.03,11979.07,29.51
Girls Swim,Girls,Swim,Retail Stores,2024,Nov,10,true,29462.3,29458.69,2917.81,22568.63,31614.08,3361.82,4806.07,80767.22,56600.22,86271.5,62760.56,265.16
Boys Bottoms,Boys,Bottoms,Retail Stores,2024,Apr,3,true,29455.42,29206.13,3388.13,21406.44,31698.56,3090.44,2727.82,76341.24,57441.55,81706.94,57076.35,265.1
Girls Sets,Girls,Sets,Wholesale,2026,Jan,12,false,29310.52,28571.66,562.76,17774.23,,518.33,,,23477.03,28968.48,35349.61,29.31
Boys Sets,Boys,Sets,Ecommerce,2026,Aug,7,false,29286.26,27625.33,4238.49,12940.08,,4285.2,,,82765.64,87601.75,38524.71,117.15
Women Sleepwear,Women,Sleepwear,Ecommerce,2025,Dec,11,true,29250.99,29644.17,3492.4,5511.96,31342.21,3435.86,4772.82,66550.8,74338.08,70219.63,28685.4,117
Girls Sets,Girls,Sets,Retail Stores,2025,Jan,12,true,29229.67,29385.04,3319.48,0,27517.84,2742.76,2078.88,132081.95,161933.9,129698.4,0,263.07
Baby Sleepwear,Baby,Sleepwear,Retail Stores,2024,May,4,true,29208.79,28905.58,2984.72,8747.02,27799.68,3353.46,3261.72,86687.09,87774.26,84525.01,29575.88,262.88
Women Bottoms,Women,Bottoms,Ecommerce,2026,Oct,9,false,29197.27,29897.54,4527.02,18336.52,,3669.81,,,63100.14,83120.75,53004.48,116.79
Girls Bottoms,Girls,Bottoms,Wholesale,2026,Dec,11,false,29136.5,27211.11,594.4,5024.39,,530.95,,,40956.74,23463.9,12203.75,29.14
Boys Bottoms,Boys,Bottoms,Retail Stores,2026,Aug,7,false,29084.92,29299.59,2770.25,12233.73,,2773.19,,,76804.36,88500.64,43816.16,261.76
Girls Bottoms,Girls,Bottoms,Retail Stores,2025,Jan,12,true,29082.11,29385.04,2991.53,0,31230.59,3183.11,3071.1,140909.59,175440.95,142914,0,261.74
Girls Swim,Girls,Swim,Retail Stores,2026,Mar,2,true,29038.36,29170.48,3103.72,13186.92,30524.19,2627.46,2448.9,65489.68,57314.56,64144.7,38757.32,261.35
Boys Bottoms,Boys,Bottoms,Retail Stores,2025,Oct,9,true,28998.51,28216.09,3121.62,18583.1,32584.63,2901.35,3137.23,76364.64,61825.04,83628.4,53964.21,260.99
Girls Sets,Girls,Sets,Wholesale,2024,Nov,10,true,28991.11,28656.76,562.86,5215.92,26815.83,520.4,582.54,30372.17,47296.93,27850.48,10094.05,28.99
Baby Sleepwear,Baby,Sleepwear,Wholesale,2024,Mar,2,true,28903.73,28407.03,628.95,9294.36,29426.93,492.91,466.77,20235.24,33310.91,23988.28,20102.91,28.9
Girls Bottoms,Girls,Bottoms,Wholesale,2024,Nov,10,true,28897.71,28656.76,488.31,5353.7,33413.44,593.32,616.02,22854.26,45889.78,28166.06,11796.21,28.9
Baby Accessories,Baby,Accessories,Ecommerce,2025,Oct,9,true,28879.98,27933.93,4131.34,18293.08,28837.33,3512.8,4893.55,79045.91,66020.39,83292.64,49780.57,115.52
Girls Sleepwear,Girls,Sleepwear,Wholesale,2025,Apr,3,true,28816.64,27800.43,616.15,5443.39,25003.35,523.38,585.38,32867.76,45207.23,29563.69,13725.31,28.82
Women Tops,Women,Tops,Ecommerce,2025,Feb,1,true,28765.34,28123.96,3352.2,6046.33,29158.8,4111.59,4181.25,83267.18,102809.45,84719.24,14901.78,115.06
Women Dresses,Women,Dresses,Ecommerce,2024,Mar,2,true,28681.61,29448.59,4156.6,14045.32,26014.54,3691.77,3888.3,68702.02,63684.73,68450.72,37254.09,114.73
Boys Tops,Boys,Tops,Retail Stores,2025,Feb,1,true,28645.14,29828.44,3331.01,6839.52,29774.6,2679.98,2675.48,78648.42,100232.75,80835.07,12185.25,257.81
Boys Bottoms,Boys,Bottoms,Wholesale,2026,Sep,8,false,28572.23,28806.82,586.56,17126.86,,495.22,,,20194.71,21631.52,30532.83,28.57
Baby Sleepwear,Baby,Sleepwear,Retail Stores,2026,Aug,7,false,28544.35,31392.42,3649.54,12408.22,,2733.04,,,78443.14,83737.41,36828.56,256.9
Boys Bottoms,Boys,Bottoms,Wholesale,2024,Oct,9,true,28525.26,28144.81,561.62,21005.89,28996.97,568.13,582.28,26351.88,17377.98,27677.9,39421.84,28.53
Boys Sets,Boys,Sets,Ecommerce,2026,Jul,6,true,28424.85,26369.63,4019.8,13580.78,34162.63,3819.65,4395.83,75098.6,79796.55,82765.64,35327.3,113.7
Boys Sleepwear,Boys,Sleepwear,Ecommerce,2025,Dec,11,true,28411.8,27667.89,3530.29,7893.18,30669.02,4272.15,5029.11,61117.45,68349.05,67970.79,32419.33,113.65
Girls Swim,Girls,Swim,Ecommerce,2024,Jan,12,true,28396.89,28353.99,3794.76,0,26279.21,3579.99,2757.82,140690.74,169848.62,137758.15,0,113.59
Boys Tops,Boys,Tops,Wholesale,2025,Nov,10,true,28375.62,28232.21,562.1,6655.07,27240.36,605.35,627.91,29303.12,45152.76,29768.29,13624.88,28.38
Baby Sleepwear,Baby,Sleepwear,Wholesale,2026,Sep,8,false,28357.82,30864.45,613.38,18528.38,,488.68,,,17856.87,23684.5,34702.5,28.36
Boys Swim,Boys,Swim,Ecommerce,2026,Jan,12,false,28294.19,26369.63,4030.65,0,,4108.96,,,170096.64,137580.32,0,113.18
Baby Rompers,Baby,Rompers,Retail Stores,2024,Aug,7,true,28292.02,28003.94,2545.57,12420.32,31474.05,3207.42,3366.23,82031.41,75794.8,85380.17,41339.45,254.63
Women Bottoms,Women,Bottoms,Ecommerce,2026,Jun,5,true,28274.72,29598.56,4519.63,2196.41,27541.34,3575.86,3743.08,63742.9,89360.37,62791.23,5394.54,113.1
Girls Sleepwear,Girls,Sleepwear,Wholesale,2024,Aug,7,true,28240.92,27532.96,604.43,397.17,28978.63,595.81,494.77,28922.12,58422.59,29557.63,0,28.24
Baby Sleepwear,Baby,Sleepwear,Retail Stores,2024,Mar,2,true,28207.28,28110.01,2719.3,12057.36,27416.62,2917.43,2859.44,60451.2,61372.5,61920.55,31926.64,253.87
Girls Sets,Girls,Sets,Wholesale,2026,Dec,11,false,28150.56,27211.11,591.23,7275.39,,538.58,,,40962.98,23477.03,11231.34,28.15
Women Tops,Women,Tops,Retail Stores,2026,Nov,10,false,28126.01,29353.95,3329.6,21655.5,,2655.66,,,59312.79,83354.49,55076.51,253.13
Women Tops,Women,Tops,Ecommerce,2026,Jan,12,false,28078.79,28253.17,4160.46,0,,4352.64,,,161495.16,128951.41,0,112.32
Boys Swim,Boys,Swim,Ecommerce,2024,Aug,7,true,28050.79,27381.63,3280.53,10687.86,31831.32,4054.79,3828.84,72852.35,74779.04,76768.62,34207.37,112.2
Girls Sets,Girls,Sets,Wholesale,2026,Apr,3,true,28044.78,28118.15,593.77,6073.28,22506.82,478.38,537.46,32987.86,49647.34,28013.38,6917.25,28.04
Girls Sleepwear,Girls,Sleepwear,Wholesale,2025,Jan,12,true,28013.79,28248.82,559.22,18248.45,28415,523.19,452.23,30088.13,21062.96,29634.77,37136.81,28.01
Boys Sets,Boys,Sets,Ecommerce,2025,Mar,2,true,27961.11,28199.97,3878.65,16806.8,30121.83,4273.16,5445.76,59347.23,61089.29,63898.99,35155.81,111.84
Baby Accessories,Baby,Accessories,Ecommerce,2026,Aug,7,false,27952.04,29006.59,4379.41,14734.47,,3414.42,,,78918.86,84238.52,36797.93,111.81
Baby Rompers,Baby,Rompers,Retail Stores,2025,Feb,1,true,27893.77,26845.59,3117.31,5643.99,24271.25,3064.04,3606.76,79278.93,88773.63,76264.13,18699.36,251.04
Baby Sets,Baby,Sets,Ecommerce,2026,Aug,7,false,27847.2,27625.33,3901.74,12901.28,,4081.2,,,77044.55,76277.06,31272.3,111.39
Boys Bottoms,Boys,Bottoms,Retail Stores,2024,May,4,true,27843.66,26978.54,2592.81,7165.67,28995.17,2509.98,2895.72,75194.77,81706.94,76170.94,25068.24,250.59
Baby Rompers,Baby,Rompers,Wholesale,2024,Sep,8,true,27817.7,27532.96,523.71,15199.92,28283.8,563.42,424.37,20420.02,18138.83,23087.25,33357.36,27.82
Baby Sets,Baby,Sets,Ecommerce,2024,Apr,3,true,27808.56,27537.21,3738.47,19756.44,25540.66,3488.76,3884.3,79015.7,59256.08,77643.95,49796.44,111.23
Girls Swim,Girls,Swim,Wholesale,2025,Jul,6,true,27800.65,27287.98,534.4,17906.88,31276.55,628.79,601.3,23305.2,20760.35,26880.56,34577.46,27.8
Girls Sleepwear,Girls,Sleepwear,Wholesale,2025,Dec,11,true,27788.7,26903.64,508.86,4830.12,26105.4,634.37,496.9,21823.52,36584.3,21062.96,12929.52,27.79
Baby Sleepwear,Baby,Sleepwear,Retail Stores,2025,Sep,8,true,27745.11,28719.95,2689.88,6773.38,25142.64,2984.38,2322.3,71612.92,79045.44,67596.22,19529.97,249.71
Baby Sleepwear,Baby,Sleepwear,Retail Stores,2025,Aug,7,true,27737.08,26603.74,2617.72,12151.05,30609.01,3298.8,3494.81,76214.61,78386.59,79045.44,31944.37,249.63
Baby Sets,Baby,Sets,Ecommerce,2025,Mar,2,true,27725.03,28199.97,4198.5,14117.66,29226.29,4096.45,5420.57,55620.49,57733.89,63494.46,37692.96,110.9
Baby Sleepwear,Baby,Sleepwear,Retail Stores,2024,Jun,5,true,27713.51,26253.69,2652.65,3398.29,31251.61,2626.6,2941.44,58328.77,84525.01,62710.93,8775.46,249.42
Women Dresses,Women,Dresses,Ecommerce,2025,Aug,7,true,27690.24,27870.59,3244.08,10472.54,33410.28,3201.52,3363.06,71413.21,78815.99,78339.47,30526,110.76
Baby Accessories,Baby,Accessories,Ecommerce,2025,Jun,5,true,27684.45,27654.59,3865.99,2022.69,26166.67,3424.82,2975.1,63722.11,87494.05,61799.46,5525.42,110.74
Women Tops,Women,Tops,Retail Stores,2025,Dec,11,true,27603.96,26949.25,2685.89,8934.46,27386.09,3213.83,2825.62,63590.26,72629.11,64054.23,22491.35,248.44
Women Tops,Women,Tops,Ecommerce,2024,Jul,6,true,27601.42,28003.94,3936.14,10378.97,24401.95,3585.85,4618.66,78945.93,79377.16,79267.44,31187.96,110.41
Baby Accessories,Baby,Accessories,Ecommerce,2025,Sep,8,true,27592.99,26537.23,3442.55,8563.67,25431.61,3688.81,3531.3,66883.97,69382.86,66020.39,28029.69,110.37
Women Dresses,Women,Dresses,Ecommerce,2024,Oct,9,true,27540.32,27781.69,3743.16,17270.66,25533.16,3785.09,5171.57,73035.44,65362.49,76567.76,42640.84,110.16
Girls Tops,Girls,Tops,Wholesale,2024,May,4,true,27539.15,27813.91,578.99,11827.3,28108.81,548.97,515.39,29470.65,33301.03,28366.6,23181.22,27.54
Boys Sets,Boys,Sets,Ecommerce,2024,Apr,3,true,27525.09,27537.21,3673.83,18019.83,26302.72,4079.07,5131.07,75137.53,55821.83,78284.51,54176.94,110.1
Women Bottoms,Women,Bottoms,Ecommerce,2025,May,4,true,27512.29,27617.22,4029.51,6713.74,27046.05,3709.92,4291.21,74644.68,90373.25,76844.54,17803.56,110.05
Women Dresses,Women,Dresses,Ecommerce,2024,Jun,5,true,27478.04,27503.87,3736.73,2826.93,26104.2,4018.09,4866.77,62865.41,89397.32,62806.03,5014.74,109.91
Baby Sets,Baby,Sets,Ecommerce,2025,Jun,5,true,27447.64,26337.7,3233.42,3795.38,28727.84,3606.77,3860.25,58236.5,88758.89,60108.42,2513.73,109.79
Women Sleepwear,Women,Sleepwear,Ecommerce,2025,Nov,10,true,27399.31,27363.85,3986.22,22143.66,25845.12,3752.48,4290.53,74665.81,56002.92,74338.08,49596.55,109.6
Girls Sets,Girls,Sets,Wholesale,2025,Aug,7,true,27388.42,26903.64,546.78,803.69,26522.73,555.63,571.19,28146.66,54786.64,27298.82,483.62,27.39
Boys Tops,Boys,Tops,Wholesale,2026,Aug,7,false,27382.88,27435.07,623.18,0,,495.22,,,55477.97,27572.49,0,27.38
Girls Swim,Girls,Swim,Retail Stores,2025,Apr,3,true,27380.51,27519.33,2740.5,18615.09,28168.96,2695.97,2940.17,84323.55,58316.52,83112.11,55118.49,246.42
Boys Bottoms,Boys,Bottoms,Retail Stores,2026,Jul,6,true,27361.88,27967.79,2982.35,14754.19,29649.19,2677.76,2752.97,73243.1,76025.3,76804.36,31064.95,246.26
Boys Swim,Boys,Swim,Ecommerce,2025,Feb,1,true,27243.41,26249.03,3495.56,5993.04,29565.12,3884.72,4256.99,73145.22,82468.83,75383.13,24151.4,108.97
Girls Swim,Girls,Swim,Retail Stores,2026,Jun,5,true,27229.5,27244.13,3211.18,4503.72,26127.75,2668.22,2665.97,59946.25,84929.47,58906.48,4119.79,245.07
Girls Swim,Girls,Swim,Retail Stores,2026,Oct,9,false,27202.59,27519.33,2888.5,18068.03,,2911.59,,,62056.95,78520.42,46822.47,244.82
Women Bottoms,Women,Bottoms,Ecommerce,2026,Sep,8,false,27195.47,28402.66,3357.1,8082.61,,3662.87,,,73106.86,63100.14,20960.39,108.78
Boys Bottoms,Boys,Bottoms,Retail Stores,2025,Jun,5,true,27169.91,27933.93,3130.86,3731.38,26430.32,2874.65,2902.97,60258.24,83982.26,60446.29,6753.12,244.53
Girls Bottoms,Girls,Bottoms,Wholesale,2026,May,4,true,27166.97,24943.52,430.97,12403.77,29452.45,562.6,524.8,22390.05,31416.79,26527.61,22867.56,27.17
Women Dresses,Women,Dresses,Ecommerce,2024,Sep,8,true,27163.51,26392.6,3131.1,8308.89,29151.11,3760.87,3733.91,60168.67,73301.26,65362.49,23094.26,108.65
Baby Accessories,Baby,Accessories,Ecommerce,2024,May,4,true,27151.74,26708.76,3697.51,7785.44,25575.19,3867.86,4636.49,80482.74,81750.41,78189.63,27567.42,108.61
Girls Bottoms,Girls,Bottoms,Wholesale,2025,Aug,7,true,27122.04,26903.64,547.28,1728.82,27940.26,587.15,563.05,26812.69,53695.74,27568.98,1609.55,27.12
Women Dresses,Women,Dresses,Ecommerce,2026,Feb,1,true,27011.79,27655.22,4166.31,5466.47,23263.82,3574.91,3189.79,81943.1,92855.35,77358.47,15197.86,108.05
Girls Outerwear,Girls,Outerwear,Ecommerce,2025,Dec,11,true,27004.51,26679.75,4017.13,6469.42,29386.51,3788.35,4487.98,61207.34,75513.16,65358.17,20745.89,108.02
Girls Outerwear,Girls,Outerwear,Ecommerce,2026,Nov,10,false,26979.89,29060.41,4174.78,19303.19,,3219.34,,,52956.09,81722.99,59074.05,107.92
Boys Sets,Boys,Sets,Ecommerce,2025,Oct,9,true,26971.88,26603.74,3346.69,17196.99,26843.69,3874.3,3978.36,75057.24,60224.43,75369.49,46099.13,107.89
Baby Sleepwear,Baby,Sleepwear,Wholesale,2025,Sep,8,true,26947.83,26156.32,589.99,15848.83,24250.65,588.43,474.24,23046.41,19208.87,21731.94,30086.28,26.95
Baby Sleepwear,Baby,Sleepwear,Retail Stores,2026,Jul,6,true,26947.05,29965.49,2904.46,16308.71,23308.82,2639.83,2432.85,81893.55,79120.4,78443.14,29152.14,242.52
Women Bottoms,Women,Bottoms,Ecommerce,2025,Mar,2,true,26866.63,26857.11,3828.21,14150.39,25472.5,3274.56,3865.58,60305.25,54133.23,60500.68,36616.11,107.47
Baby Sleepwear,Baby,Sleepwear,Retail Stores,2024,Oct,9,true,26825.21,26518.88,2572.39,18372.21,24295.82,2703.67,2631.02,85755.21,61552.29,80998.55,49216.57,241.43
Baby Accessories,Baby,Accessories,Ecommerce,2026,Jul,6,true,26809.03,27688.11,4038.04,11920.28,28103.5,3308.86,4092.86,72926.63,69520.06,78918.86,39623.93,107.24
Boys Sets,Boys,Sets,Ecommerce,2025,Jun,5,true,26792.33,26337.7,3898.96,1979.93,28948.42,4029.87,4904.03,54862.74,86277.21,58019.09,2671.25,107.17
Baby Rompers,Baby,Rompers,Retail Stores,2026,Jan,12,false,26786.65,26968.94,2709.46,0,,3030.59,,,147381.22,117322.9,0,241.08
Boys Bottoms,Boys,Bottoms,Retail Stores,2025,Sep,8,true,26774.62,26805.29,3015.1,6446.25,25493.78,2563.3,2160.8,65245.82,68670.58,61825.04,22733.34,240.97
Women Bottoms,Women,Bottoms,Ecommerce,2024,Apr,3,true,26712.08,26225.91,3322.27,18259.58,24636.14,4056.37,4866.22,74969.5,58779.89,75515.98,47611.38,106.85
Boys Bottoms,Boys,Bottoms,Wholesale,2024,Jun,5,true,26654.58,27532.96,534.22,19834.83,25051.93,474.63,619.95,20785.18,11784.36,22096.67,37468.17,26.65
Girls Swim,Girls,Swim,Wholesale,2024,Feb,1,true,26544.84,26128.22,572.47,14564.91,29243.43,607.61,805.49,23148.3,28556.07,27503.54,26126.45,26.54
Baby Rompers,Baby,Rompers,Retail Stores,2024,Jul,6,true,26432.79,26731.03,3195.73,13759.15,29974.29,2952.74,3893.27,73878.13,77166.43,75794.8,28251.8,237.9
Baby Sets,Baby,Sets,Ecommerce,2026,Jul,6,true,26429.55,26369.63,3550.46,12689.28,29231.23,3909.91,3098.24,72402.29,72093.05,77044.55,35396.67,105.72
Women Dresses,Women,Dresses,Ecommerce,2025,Jul,6,true,26375.68,26603.74,3964.09,14110.09,26999.45,3317.44,3156.94,76759.4,68331.07,78815.99,40283.54,105.5
Girls Swim,Girls,Swim,Wholesale,2025,Oct,9,true,26369.92,26519.3,469.79,20326.25,26310.27,533.05,678.07,20096.99,15984.9,25635.54,36579.98,26.37
Women Dresses,Women,Dresses,Retail Stores,2026,Dec,11,false,26351.3,26500.09,2693.59,7675.7,,2565.67,,,67005.22,60256.86,22405.76,237.16
Girls Swim,Girls,Swim,Wholesale,2025,Jun,5,true,26273.53,25942.79,504.37,19446.08,26107.33,521.42,503.52,15848.06,10442.9,20760.35,37138.67,26.27
Boys Sleepwear,Boys,Sleepwear,Ecommerce,2026,Apr,3,true,26212.48,24695.37,3509.49,16529.61,26037.65,3863.28,4038.72,73699.7,56143.94,73050.09,47086.76,104.85
Baby Sets,Baby,Sets,Ecommerce,2025,Oct,9,true,26197.7,26603.74,3082.6,17187.53,24552.16,4009.17,4192.37,72584.75,57996.9,74277.13,46591.9,104.79
Boys Tops,Boys,Tops,Retail Stores,2024,Feb,1,true,26197.51,26165.3,2577.77,9997.22,24524.68,3035.6,3698.56,74760.5,78199.92,76107.22,27376.19,235.78
Baby Accessories,Baby,Accessories,Ecommerce,2024,Mar,2,true,26095,25973.65,3374.84,14512.95,24064.28,4045.5,3909.74,56798.17,54423.33,57135.09,32956.64,104.38
Baby Sets,Baby,Sets,Ecommerce,2025,Sep,8,true,26023.77,25273.55,3069.89,7685.92,29227.03,3734.93,5098.78,56548.38,69329.41,57996.9,18530.27,104.1
Boys Bottoms,Boys,Bottoms,Wholesale,2024,Mar,2,true,26011.83,26513.22,561.39,8072.3,27906.77,486.12,663.41,19848.68,31482.21,21582.65,16624.4,26.01
Baby Rompers,Baby,Rompers,Wholesale,2025,Nov,10,true,25968.09,25408.99,506.51,4627.7,23268.47,518.98,573.16,26103.53,41382.4,24737.77,9868.4,25.97
Boys Swim,Boys,Swim,Wholesale,2026,Feb,1,true,25928.48,24299.63,445.85,21517.22,31877.16,511.4,455.57,15970.36,8257.33,25451.25,43659.72,25.93
Boys Swim,Boys,Swim,Ecommerce,2024,Jul,6,true,25906.33,26137.01,3459.92,12088.95,29976.71,3741.92,2890.1,72415.94,67683.43,74779.04,36847.48,103.63
Girls Sets,Girls,Sets,Wholesale,2026,May,4,true,25881.54,24943.52,480.54,11114.44,28030.72,468.45,580.25,23007.81,28013.38,25591.45,23953.93,25.88
Women Sleepwear,Women,Sleepwear,Ecommerce,2026,Apr,3,true,25846.77,26459.32,4056.5,18698.85,25224.78,3235.34,3724.88,73630.17,52144.36,76419.88,53461.01,103.39
Boys Tops,Boys,Tops,Retail Stores,2025,Jan,12,true,25830.6,25394.48,2363.35,0,23582.36,2493.78,2840.36,117819.37,144450.79,115893.94,0,232.48
Women Tops,Women,Tops,Wholesale,2026,Feb,1,true,25815.03,26035.32,525.23,23143.55,26384.8,507.22,475.01,26523.18,8396.72,27161.74,45113.09,25.82
Baby Sleepwear,Baby,Sleepwear,Retail Stores,2025,Jul,6,true,25792.21,25394.48,2436.62,13021.14,21775.48,2917.1,3673.97,80337.66,71676.91,78386.59,35651.11,232.13
Boys Sets,Boys,Sets,Ecommerce,2024,May,4,true,25776.27,25436.91,3744.48,8957.51,23862.21,3175.17,3622.03,74829.91,78284.51,73207.94,23977.97,103.11
Baby Sleepwear,Baby,Sleepwear,Retail Stores,2024,Sep,8,true,25737.27,25192.94,2806.01,5191.52,24508.96,2609.71,3725.65,61051.3,62668.54,61552.29,27462.36,231.64
Women Bottoms,Women,Bottoms,Ecommerce,2025,Oct,9,true,25731.27,25336.9,3386.07,17135.68,24005.54,3236.74,3152.21,72527.71,59301.24,72541.6,42311.3,102.93
Girls Sleepwear,Girls,Sleepwear,Wholesale,2025,May,4,true,25727.85,24661.67,511.83,10384.73,28145.81,537.61,533.03,20318.3,29563.69,25369.5,22096.99,25.73
Girls Swim,Girls,Swim,Retail Stores,2026,Sep,8,false,25721.27,26143.36,2996.52,6769.41,,3006.21,,,73066.57,62056.95,17949.35,231.49
Boys Bottoms,Boys,Bottoms,Retail Stores,2024,Mar,2,true,25688.2,26236.01,2866.59,12965.67,21670.63,2511.82,3443.56,57236.46,53101.23,57441.55,32771.54,231.19
Girls Sets,Girls,Sets,Retail Stores,2024,Jan,12,true,25624.93,25776.35,2376.57,0,27256.27,2910.39,2270.04,122524.08,152284.48,123518.53,0,230.62
Baby Sets,Baby,Sets,Ecommerce,2024,May,4,true,25604.03,25436.91,3460.15,9935.9,23922.32,3882.9,4345.02,77356.42,77643.95,76970.51,28915.9,102.42
Women Sleepwear,Women,Sleepwear,Ecommerce,2024,Dec,11,true,25571.41,26003.66,3316.06,7188.18,27259.89,3713.33,4583.12,52991.97,68360.47,56319.06,17345.63,102.29
Women Bottoms,Women,Bottoms,Ecommerce,2025,Jun,5,true,25407.79,25083.53,2894.69,2214.65,25943.96,3608.74,3674.12,61786.43,76844.54,61723.46,13997.09,101.63
Baby Sets,Baby,Sets,Ecommerce,2024,Mar,2,true,25401.28,24736.81,3594.18,12434.44,23023.12,3148.42,2656.95,67226.46,51724.19,59256.08,36183.19,101.61
Girls Bottoms,Girls,Bottoms,Retail Stores,2024,Jan,12,true,25330.45,25776.35,3073.69,0,28378.27,2508.65,2521.21,116971.12,148112.63,120045.56,0,227.97
Boys Tops,Boys,Tops,Wholesale,2024,Nov,10,true,25320.35,24765.1,564.2,5580.68,23156.65,431.04,561.13,28080.97,40562,26634.97,11849.68,25.32
Girls Swim,Girls,Swim,Retail Stores,2025,May,4,true,25295.58,25420.39,2645.67,8912.99,28103.99,3050.43,3515.16,70234.34,83112.11,72222.44,17683.99,227.66
Girls Swim,Girls,Swim,Wholesale,2025,Mar,2,true,25263.95,24981.95,440.82,8375.68,22466.54,494.26,488.35,22602.8,33136.7,19470.45,12117.22,25.26
Girls Bottoms,Girls,Bottoms,Wholesale,2025,Jan,12,true,25258.48,24213.27,553.41,15524.66,23784.27,444.76,309.6,28434.02,17464.9,26519.91,34783.51,25.26
Boys Bottoms,Boys,Bottoms,Retail Stores,2024,Jun,5,true,25248.9,24503.45,2502.9,2491.76,24529.36,2374.92,2137.63,60764.99,76170.94,59849.36,11529.48,227.24
Boys Sleepwear,Boys,Sleepwear,Ecommerce,2025,Nov,10,true,25230.61,25539.59,3139.43,18212,27157.73,3439.56,2785.82,68504.79,52989.02,68349.05,44131.12,100.92
Boys Bottoms,Boys,Bottoms,Wholesale,2025,Sep,8,true,25213.32,24412.56,458.13,13950.36,23974.72,524.07,559.9,21115.46,16850.6,19945.27,28857.26,25.21
Boys Bottoms,Boys,Bottoms,Retail Stores,2025,Aug,7,true,25207.91,24830.16,2909.92,13333.54,22067.27,2576.87,2614.15,71460.78,64168.07,68670.58,32514.16,226.87
Women Bottoms,Women,Bottoms,Ecommerce,2026,Aug,7,false,25169.96,26309.83,3870.66,12044.17,,3746.73,,,69143.69,73106.86,32980.54,100.68
Women Sleepwear,Women,Sleepwear,Ecommerce,2024,Nov,10,true,25155.67,24003.38,3030.01,18388.22,23724.88,3684.61,5228.56,61007.07,49819.05,68360.47,47482.31,100.62
Girls Outerwear,Girls,Outerwear,Ecommerce,2025,Nov,10,true,25100.61,24627.46,3068.88,19312.35,22965.24,3313.11,4614.76,75903.55,50392.68,75513.16,53634.61,100.4
Women Dresses,Women,Dresses,Ecommerce,2024,Aug,7,true,25084.57,24447.88,2891.03,10127.72,20361.11,3813.54,4671.59,80097.22,70513.88,73301.26,31785.83,100.34
Boys Swim,Boys,Swim,Retail Stores,2025,Dec,11,true,25050.95,25152.63,2501.8,5980.06,22814.49,2922.64,3367.76,55865.9,66406.21,55300.7,17093.54,225.46
Boys Bottoms,Boys,Bottoms,Retail Stores,2024,Oct,9,true,24997.36,24750.96,2249.7,17822.68,23341.46,2299.25,2205.52,66933.93,53156.63,68925.95,43290.91,224.98
Baby Sleepwear,Baby,Sleepwear,Retail Stores,2026,Feb,1,true,24985.66,26398.17,3186.52,7517.08,24979.27,2666.72,3166.68,71295.59,86806.22,72620.78,13691.81,224.87
Boys Sets,Boys,Sets,Ecommerce,2025,Sep,8,true,24970.41,25273.55,3491.86,7589.96,25218.06,3010.57,3670.36,57812.4,67806.16,60224.43,20499.13,99.88
Girls Sleepwear,Girls,Sleepwear,Wholesale,2024,Jan,12,true,24969.82,24779.67,527.53,16229.5,29146.22,561.23,704.1,22994.73,19895.67,24830.5,30490.85,24.97
Women Tops,Women,Tops,Ecommerce,2024,Feb,1,true,24951.77,24670.14,3415.75,10002.39,27553.39,3264.59,3742.27,65526.12,72254.52,68882.45,24944.1,99.81
Girls Sleepwear,Girls,Sleepwear,Wholesale,2024,Apr,3,true,24944.59,24386.34,421.48,3229.07,28392.58,517.89,523.26,20075.61,41352.31,23835.16,7970.28,24.94
Girls Sets,Girls,Sets,Wholesale,2025,Jan,12,true,24937.37,24213.27,412.81,16388.89,26034.04,530.18,582.51,21093.99,19354.21,25845.18,31983.45,24.94
Women Bottoms,Women,Bottoms,Ecommerce,2025,Sep,8,true,24832.65,24070.05,3002.97,7691.98,19960.74,3089.43,3023.77,62674.56,62075.3,59301.24,25247.35,99.33
Women Sleepwear,Women,Sleepwear,Ecommerce,2026,May,4,true,24770.42,24441.24,3750.11,7026.98,25302.66,3795.15,4652.39,71434.29,76419.88,73546.22,25790.99,99.08
Boys Sets,Boys,Sets,Ecommerce,2026,Feb,1,true,24689.57,23230.39,3006.48,6710.92,24518.32,3782.97,4530.8,73050.29,77858.57,72518.93,23231.66,98.76
Boys Sleepwear,Boys,Sleepwear,Ecommerce,2026,May,4,true,24672.71,22811.82,2860.29,6507,22488.33,3249.19,3640.41,73135.02,73050.09,69527.74,24498.25,98.69
Boys Bottoms,Boys,Bottoms,Retail Stores,2026,Feb,1,true,24646.3,24638.29,2588.82,4986.41,26640.46,2598.17,2594.23,71922.94,82456.11,74060.97,19071.14,221.82
Women Tops,Women,Tops,Retail Stores,2025,Nov,10,true,24629.08,24876.23,2960.87,15890.98,25587.1,2930.45,3222.1,65883.66,49911.96,72629.11,50498.35,221.66
Women Tops,Women,Tops,Ecommerce,2025,Jan,12,true,24612.51,23943.37,3512.13,0,24610.01,3278.43,3864.4,115408.5,143967.73,115978.33,0,98.45
Girls Swim,Girls,Swim,Retail Stores,2025,Mar,2,true,24599.58,24720.75,2513.86,13565.01,20904.21,2626.74,2595.93,60121.38,48290.55,58316.52,37473.7,221.4
Boys Tops,Boys,Tops,Wholesale,2026,Jan,12,false,24560.01,24691.56,557.2,16241.93,,469.03,,,18620.12,25001.74,31435.23,24.56
Boys Tops,Boys,Tops,Wholesale,2026,Apr,3,true,24504.65,24299.63,503.98,4722.27,23402.57,417.95,496.08,26619.58,42096.98,25462.77,8312.9,24.5
Boys Sets,Boys,Sets,Ecommerce,2025,Aug,7,true,24472.31,23411.29,3490.39,12208.96,22722.41,3014.36,3873.86,69050.11,66943.42,67806.16,28447.3,97.89
Boys Sets,Boys,Sets,Ecommerce,2024,Mar,2,true,24464.54,24736.81,3327.51,13667.41,23259.99,3249.94,3345.04,53350.81,50341.65,55821.83,33292.52,97.86
Boys Sleepwear,Boys,Sleepwear,Ecommerce,2024,Dec,11,true,24409.56,24270.08,3131.32,6347.09,24513.71,3658.94,4392.65,51364.72,67568.02,52987.69,13585.81,97.64
Women Bottoms,Women,Bottoms,Ecommerce,2024,May,4,true,24384.34,24225.63,3148.09,8042.43,22564.83,3724.98,4650.96,69820.36,75515.98,68535.41,21226.29,97.54
Girls Swim,Girls,Swim,Retail Stores,2026,Aug,7,false,24352.28,24217.01,2386.64,12573.42,,2359.88,,,70743.11,73066.57,29254.79,219.17
Baby Rompers,Baby,Rompers,Wholesale,2026,Aug,7,false,24346.46,24691.56,551.02,456.46,,551.91,,,48135.19,25413.93,2201.47,24.35
Baby Accessories,Baby,Accessories,Ecommerce,2025,Aug,7,true,24311.61,24581.86,3645.5,10772.89,25922.16,3486.53,3103.93,65080.81,63664.53,69382.86,33613.73,97.25
Girls Sleepwear,Girls,Sleepwear,Wholesale,2024,Dec,11,true,24295.83,23599.68,461.61,5132.06,21599.18,530.08,604.55,23312.81,32488.28,19895.67,12257.6,24.3
Women Bottoms,Women,Bottoms,Ecommerce,2024,Mar,2,true,24255.32,23558.87,3260.9,12975.82,24722.57,3349.89,2699.28,61274.7,44945.08,58779.89,41537.05,97.02
Girls Swim,Girls,Swim,Retail Stores,2025,Oct,9,true,24239.76,23321.46,2579.27,14836.36,24472.09,2551.22,3624.01,69212.8,52240.88,72698.79,47467.05,218.16
Women Bottoms,Women,Bottoms,Ecommerce,2026,Jul,6,true,24227.78,25113.93,3684.45,14237.26,27485.19,3705.93,3712.57,65991.81,62791.23,69143.69,34383.08,96.91
Baby Sets,Baby,Sets,Ecommerce,2024,Jun,5,true,24165.96,23103.25,3403.93,1510.67,21869.27,3319.32,4344.32,53602.9,76970.51,52331.52,2942.96,96.66
Girls Sets,Girls,Sets,Wholesale,2025,Apr,3,true,24151.71,23828.94,541.12,5281.55,26181.12,481.95,598.93,21611.76,38973.19,23589.35,9273.97,24.15
Boys Sets,Boys,Sets,Ecommerce,2024,Oct,9,true,24124.61,23336.62,3272.78,16079.3,27463.38,3229.88,2867.45,73364.24,52924.53,73338.3,47864.76,96.5
Baby Accessories,Baby,Accessories,Ecommerce,2024,Oct,9,true,24059.32,24503.45,3578.46,15338.03,23788.51,3604.72,4189.05,68986.64,52267.54,69173.39,44666.13,96.24
Boys Swim,Boys,Swim,Retail Stores,2026,Apr,3,true,24056.83,22450.33,2558.84,17957.33,23194.96,2409.9,2237.67,68612.2,50913.35,65593.04,41362.94,216.51
Boys Tops,Boys,Tops,Wholesale,2025,Aug,7,true,24033.15,23250.06,523.65,0,18898.74,448.69,472.48,28794.3,48189.25,23683.37,0,24.03
Girls Bottoms,Girls,Bottoms,Wholesale,2025,Apr,3,true,24027.53,23828.94,470.16,5473.74,23442,526.56,519.87,23389.97,38556.56,22611.05,8632.61,24.03
Women Dresses,Women,Dresses,Retail Stores,2026,Nov,10,false,23976.91,24461.62,2396.78,16590.1,,2294.68,,,47306.86,67005.22,46185.75,215.79
Girls Swim,Girls,Swim,Wholesale,2024,Jul,6,true,23903.82,23936.82,414.08,16121.03,24335.39,484.68,384.91,24689.79,19519.66,24990.84,29883.59,23.9
Girls Swim,Girls,Swim,Wholesale,2026,Sep,8,false,23882.38,23809.72,512.78,13794.82,,498.54,,,15831.59,18469.42,27042.64,23.88
Baby Accessories,Baby,Accessories,Ecommerce,2026,Feb,1,true,23878.61,24391.91,3121.05,5001.47,24128.22,3158.65,2746.84,68815.44,82854.15,69644.69,13923.32,95.51
Women Dresses,Women,Dresses,Ecommerce,2024,Jul,6,true,23858.07,23336.62,3061.55,10184.8,22935.26,2882.32,3149.13,69095.77,62806.03,70513.88,34543.67,95.43
Boys Swim,Boys,Swim,Wholesale,2026,Jul,6,true,23853.14,22261.6,379.03,13575.42,23886.71,509.52,602.53,19860.19,18723.85,22973.08,28635.74,23.85
Boys Sets,Boys,Sets,Retail Stores,2026,Dec,11,false,23843,22260.08,2498.69,6034.46,,2665.99,,,63317.23,53141.23,16547.57,214.59
Baby Accessories,Baby,Accessories,Ecommerce,2024,Jun,5,true,23811.31,24258.41,3095.81,935.38,22335.22,3479.55,3604.37,58985.95,78189.63,57552.6,6749.08,95.25
Women Dresses,Women,Dresses,Ecommerce,2025,Feb,1,true,23791.39,23436.63,2729.53,1752.54,26149.82,3484.02,3757.52,70807.19,73969.12,71848.71,25250.17,95.17
Baby Rompers,Baby,Rompers,Retail Stores,2024,Feb,1,true,23785.17,23548.77,2536.98,8900.14,25457.17,2724.74,3259.88,69038.35,70673.86,70186.35,26236.47,214.07
Boys Tops,Boys,Tops,Wholesale,2026,Dec,11,false,23770.64,23515.77,526.65,4859.24,,444.97,,,35342.24,18620.12,7517.26,23.77
Women Tops,Women,Tops,Retail Stores,2024,Dec,11,true,23766.75,23639.69,2759.05,8358.64,20454.03,2485.76,2358.04,57884.68,64395.44,54704.14,16775.11,213.9
Boys Sleepwear,Boys,Sleepwear,Ecommerce,2026,Mar,2,true,23713.98,22183.97,3171.77,11585.02,23406.73,3444.28,3411.91,53919.32,49577.54,56143.94,33819.51,94.86
Girls Sets,Girls,Sets,Wholesale,2024,Aug,7,true,23665.15,23599.68,501.67,0,22145.69,483.63,518.5,26757.83,49449.72,25277.27,0,23.67
Girls Bottoms,Girls,Bottoms,Wholesale,2024,Aug,7,true,23661.82,23599.68,522.67,0,25984.11,493.22,469.4,21859.99,48340.99,24162.29,0,23.66
Baby Sets,Baby,Sets,Ecommerce,2024,Oct,9,true,23658.59,23336.62,2935.98,14241.36,24750.53,3191.9,3554.37,62514.42,51733.07,65225.39,40437.44,94.63
Boys Bottoms,Boys,Bottoms,Retail Stores,2024,Sep,8,true,23657.5,23513.41,2195.9,4873.82,18925.53,2621.35,2991.21,59470.07,60794.47,53156.63,18853.93,212.92
Boys Swim,Boys,Swim,Ecommerce,2024,Feb,1,true,23649.37,23025.46,3128.29,8461.81,25774.33,3030.36,3742.78,67147,71285.27,70831.01,26320.06,94.6
Girls Swim,Girls,Swim,Retail Stores,2024,Apr,3,true,23604.99,24139.76,2260.57,17921.39,21377.88,2846.63,3630.11,64239.65,50753.7,68897.96,44808.33,212.44
Baby Accessories,Baby,Accessories,Ecommerce,2024,Sep,8,true,23586.01,23278.27,2781.58,6323.2,26290.71,3196.82,3472.01,48826.09,60549.87,52267.54,18594.85,94.34
Boys Bottoms,Boys,Bottoms,Retail Stores,2025,Jul,6,true,23562.76,23701.52,2770.77,9869.78,20456.43,2250.41,2723.22,63915.85,60446.29,64168.07,29747.01,212.06
Baby Accessories,Baby,Accessories,Ecommerce,2025,Jul,6,true,23503.42,23464.5,3125.13,9545.1,22504,3428.75,3270.05,65220.15,61799.46,63664.53,28891.24,94.01
Women Tops,Women,Tops,Retail Stores,2026,Apr,3,true,23498.28,24053.93,2524.27,16394.71,26075.33,2195.83,3238.18,61016.54,47557.05,65027.33,43375.88,211.48
Girls Outerwear,Girls,Outerwear,Ecommerce,2024,Dec,11,true,23457.27,23403.29,2877.25,5228.08,21747.58,2795.04,2585.11,55421.24,60585.2,53580.09,19341.03,93.83
Girls Swim,Girls,Swim,Retail Stores,2026,Jul,6,true,23350.35,23116.23,2164.35,8212.83,21276.31,2662.58,2342.17,74882.05,58906.48,70743.11,38059.71,210.15
Women Sleepwear,Women,Sleepwear,Ecommerce,2026,Mar,2,true,23265.85,23768.54,2914.32,13310.73,24629.39,2670.35,2752.55,54642.53,49108.29,52144.36,29065.34,93.06
Girls Swim,Girls,Swim,Wholesale,2024,Oct,9,true,23262.5,23262.54,529.05,16917.14,22279.5,499.02,457.15,22966.61,13657.23,23968.87,34096.43,23.26
Girls Sets,Girls,Sets,Wholesale,2025,Dec,11,true,23242.53,23060.26,418.63,4194.41,26033.32,487.09,671.78,16471.65,33171.37,19354.21,9935.7,23.24
Girls Swim,Girls,Swim,Retail Stores,2025,Jun,5,true,23237.93,23088.25,2348.31,0,25497.54,2232.94,2949.89,47911.88,72222.44,51467.42,4925,209.14
Women Tops,Women,Tops,Wholesale,2026,Jul,6,true,23225.7,23851.71,445.4,15312.77,21638.92,427.32,467.51,26174.85,16977.73,23425.03,30123.55,23.23
Boys Sets,Boys,Sets,Ecommerce,2024,Jun,5,true,23222.71,23103.25,3118.55,2641.75,24690.27,2856.77,3296.73,52924.82,73207.94,54800.51,7764.95,92.89
Women Sleepwear,Women,Sleepwear,Ecommerce,2025,Apr,3,true,23221.95,22423.15,3252.77,16714.18,21468.13,3421.66,4217.27,71593.49,43267.3,69004.89,52474.09,92.89
Baby Sets,Baby,Sets,Ecommerce,2026,Feb,1,true,23126.68,23230.39,3231.77,7418.35,26686.16,2659.9,3001.05,60503.44,75766.38,65098.48,15211.18,92.51
Boys Swim,Boys,Swim,Retail Stores,2025,Nov,10,true,23109.76,23217.81,2376.19,16548.8,21338.09,2176.67,1487,67134.54,48882.13,66406.21,43018.5,207.99
Baby Rompers,Baby,Rompers,Wholesale,2024,Nov,10,true,23109.52,22288.59,455.87,4043.25,25077.27,405.7,447,20823.59,34593.98,22866.2,11810.56,23.11
Boys Swim,Boys,Swim,Wholesale,2026,Oct,9,false,23107.32,21634.51,391.36,16160.75,,424.72,,,14586.93,22598.69,31566.9,23.11
Baby Sleepwear,Baby,Sleepwear,Retail Stores,2024,Aug,7,true,23100.24,23336.62,2459.65,12005.42,19577.31,2359.32,2892.42,65638.1,63005.51,62668.54,25330.5,207.9
Girls Swim,Girls,Swim,Wholesale,2024,Jun,5,true,23099.07,22756.84,434.03,16720.04,23381,430.75,367.37,22262.58,9787.17,19519.66,33285.4,23.1
Boys Swim,Boys,Swim,Wholesale,2026,Jun,5,true,23076.01,21164.2,426.19,15898.03,24029.81,496.71,552.92,14310.08,9139.63,18723.85,33180.01,23.08
Baby Accessories,Baby,Accessories,Retail Stores,2026,Dec,11,false,23052.87,23373.08,2435.58,7527.24,,2615.75,,,61494.33,55488.61,19870.37,207.48
Baby Sleepwear,Baby,Sleepwear,Wholesale,2024,Sep,8,true,23034.49,22944.14,452.82,13872.49,24401.36,490.5,529.55,17718.58,17018.87,17892.5,24421.66,23.03
Baby Rompers,Baby,Rompers,Retail Stores,2025,Jan,12,true,23013.43,22855.03,2459.63,0,22375.9,2289.55,2516.62,104787.46,129918.37,104408.27,0,207.12
Boys Bottoms,Boys,Bottoms,Wholesale,2026,Nov,10,false,22919.08,23319.81,531.4,3588.28,,456.52,,,36846.19,23849.75,10402.08,22.92
Baby Sleepwear,Baby,Sleepwear,Wholesale,2026,Nov,10,false,22901.11,24985.51,535.56,5916.51,,506.1,,,37549.31,21779.39,7660.19,22.9
Baby Sets,Baby,Sets,Ecommerce,2025,Aug,7,true,22897.25,23411.29,3206.25,10645.67,22825.17,3547.81,3942.17,66057.93,60940.01,69329.41,34926.06,91.59
Women Dresses,Women,Dresses,Ecommerce,2026,Jan,12,false,22846.86,23544.31,3282.11,0,,2812.55,,,124056.36,98305.56,0,91.39
Boys Swim,Boys,Swim,Ecommerce,2025,Jan,12,true,22846.71,22347.14,2975.55,0,23013.54,2833.8,3825.03,101999.42,128928.58,103156.67,0,91.39
Women Tops,Women,Tops,Wholesale,2026,Oct,9,false,22728.11,23179.83,404.84,17189.22,,477.54,,,14226.22,23539.16,32541.32,22.73
Girls Swim,Girls,Swim,Retail Stores,2024,Mar,2,true,22637.49,21684.87,2255.32,9716.42,22755.45,2609.26,2447.93,49673.3,44512.48,50753.7,31691.7,203.74
Girls Swim,Girls,Swim,Wholesale,2024,Mar,2,true,22634.36,21913.99,444.39,7810.2,18734.18,429.92,496.49,18841.03,27503.54,17284.48,12867.86,22.63
Boys Sets,Boys,Sets,Ecommerce,2024,Sep,8,true,22579.83,22169.79,3080.58,6768.02,22213.58,3030.54,2872.2,54996.64,64965.79,52924.53,13659.43,90.32
Girls Bottoms,Girls,Bottoms,Wholesale,2024,Apr,3,true,22474.36,20902.58,437.92,3800.61,28486.84,473.88,484.82,14503.82,36028.89,21226.94,8168.77,22.47
Boys Sets,Boys,Sets,Ecommerce,2025,Jul,6,true,22456.44,22347.14,2600.8,9546.69,26834.22,3463.78,3104.39,59379.01,58019.09,66943.42,34934.38,89.83
Girls Bottoms,Girls,Bottoms,Wholesale,2025,Dec,11,true,22394.73,23060.26,462.26,5703.85,17854.1,476.7,451.41,22556.34,30631.31,17464.9,9727.42,22.39
Women Sleepwear,Women,Sleepwear,Ecommerce,2026,Oct,9,false,22381.67,22423.15,2592.83,13856.09,,2667.35,,,45436.61,61506.25,41208.18,89.53
Baby Sleepwear,Baby,Sleepwear,Retail Stores,2024,Jul,6,true,22377.91,22275.86,2235.57,10415.9,20872.19,2634.16,2673.71,65118.94,62710.93,63005.51,25508.05,201.4
Girls Bottoms,Girls,Bottoms,Wholesale,2025,May,4,true,22359.15,21138.57,466.03,9964.74,20802.02,511.19,655.82,24552.65,22611.05,22901.71,23183.36,22.36
Boys Sleepwear,Boys,Sleepwear,Ecommerce,2024,Nov,10,true,22356.42,22403.15,3397.9,16884.47,22024.32,2784.09,3275.58,63877.27,43669.78,67568.02,49128.17,89.43
Baby Sets,Baby,Sets,Retail Stores,2026,Dec,11,false,22349.18,22260.08,2132.64,5896.27,,2529.78,,,61630.14,50731.63,14181.59,201.14
Women Bottoms,Women,Bottoms,Ecommerce,2024,Oct,9,true,22269.15,22225.35,2676.29,14541.67,21079.38,3385.71,3473.12,69814.42,49634.63,66018.81,42128.12,89.08
Baby Accessories,Baby,Accessories,Ecommerce,2024,Aug,7,true,22256.25,21563.03,2645.87,9985.87,23906.35,3022.72,3364.22,56499.66,58916.56,60549.87,27001.3,89.02
Girls Outerwear,Girls,Outerwear,Ecommerce,2026,Apr,3,true,22246.22,23813.39,3490.19,17388.57,21947.22,3149.66,3708.71,62528.53,45508.88,62907.74,42883.72,88.98
Baby Sleepwear,Baby,Sleepwear,Retail Stores,2025,Feb,1,true,22218.59,22371.33,2516.92,6237.72,20558.44,2552.43,2494.57,62701.07,77014.9,60111.08,8067.16,199.97
Boys Sleepwear,Boys,Sleepwear,Ecommerce,2026,Oct,9,false,22191.5,20928.28,3122.12,13634.29,,2741.24,,,48357.35,67438.48,44102.64,88.77
Boys Swim,Boys,Swim,Retail Stores,2026,Mar,2,true,22173.26,20167.25,2103.79,9988.61,23542.79,2254.1,2671.95,48568.22,43343.59,50913.35,32196.68,199.56
Girls Bottoms,Girls,Bottoms,Wholesale,2024,Jan,12,true,22112.19,21239.71,482.24,13276.83,24161.34,407.17,452.64,21183.57,15778.88,21968.29,28730.89,22.11
Baby Sets,Baby,Sets,Ecommerce,2024,Sep,8,true,22085.13,22169.79,2807.25,5912.32,23885.04,3330.41,4110.2,47788.68,56760.44,51733.07,20476.51,88.34
Girls Swim,Girls,Swim,Retail Stores,2024,May,4,true,22083.63,22298.59,2566.53,7505.24,22511.23,2120.15,2527.8,63870.51,68897.96,65114.7,20619.27,198.75
Boys Tops,Boys,Tops,Retail Stores,2024,Jan,12,true,22074.47,22275.86,2278.52,0,18492.24,2474.08,3443.08,102853.95,124979.96,100232.75,0,198.67
Women Bottoms,Women,Bottoms,Ecommerce,2024,Jun,5,true,21992.25,22003.09,3304.62,1169.44,23554.35,3244.31,4089.06,45737.25,68535.41,48141.74,4930.87,87.97
Boys Swim,Boys,Swim,Retail Stores,2026,May,4,true,21978.96,20738.02,2496.59,5240.33,23187.49,2462.61,3663.12,58477.14,65593.04,60524.28,19570.63,197.81
Girls Swim,Girls,Swim,Retail Stores,2025,Sep,8,true,21972.42,22155.39,1985.67,4340.52,23254.88,2193.81,2425.81,48440.3,60162.7,52240.88,16442.17,197.75
Women Tops,Women,Tops,Retail Stores,2024,Nov,10,true,21966.38,21821.25,2413.49,15269.39,24133.4,2009.75,1926.26,63310.81,43715.02,64395.44,44854.24,197.7
Women Bottoms,Women,Bottoms,Ecommerce,2025,Aug,7,true,21935.59,22296.47,3332.77,9617.08,25852.86,3392.44,3564.29,59231.31,57130.46,62075.3,30360.62,87.74
Women Tops,Women,Tops,Retail Stores,2026,May,4,true,21932.39,22219.31,2615.75,7341.59,20790.84,2494.45,2211.68,64554.62,65027.33,61906.33,21503.22,197.39
Girls Outerwear,Girls,Outerwear,Ecommerce,2024,Nov,10,true,21911.63,21603.04,3027.1,16421.59,23649.35,2863.47,3341.09,58599.37,45407.85,60585.2,40040.1,87.65
Boys Bottoms,Boys,Bottoms,Retail Stores,2024,Aug,7,true,21905.9,21780.84,2309.2,9036.3,18317.05,2140.46,2094.12,60398.15,63931.03,60794.47,21106.94,197.15
Women Sleepwear,Women,Sleepwear,Ecommerce,2026,Jun,5,true,21895.15,22198.92,3237.13,2734.87,20086.22,3293.1,4002.87,50524.11,73546.22,49432.69,1162.31,87.58
Boys Tops,Boys,Tops,Wholesale,2026,May,4,true,21890.83,21556.13,377.12,11229.63,17803.76,422.72,407.54,24684.56,25462.77,20782.5,17655.17,21.89
Boys Sleepwear,Boys,Sleepwear,Ecommerce,2026,Jun,5,true,21883.63,20718.99,2427.93,3461.36,20142.77,3323.69,4347.4,52476.04,69527.74,51661.73,7428.84,87.53
Women Dresses,Women,Dresses,Retail Stores,2025,Dec,11,true,21865.66,22457.7,2107.54,4499.57,22279.01,2336.53,2628.53,52276.77,57523.26,53164.5,20040.22,196.79
Women Tops,Women,Tops,Wholesale,2025,Feb,1,true,21861.65,22063.83,426.2,18561.24,20628.5,452.62,374.28,24440.64,7788.96,21322.8,35869.97,21.86
Women Tops,Women,Tops,Wholesale,2026,Jun,5,true,21855.29,22675.92,474.61,16166.58,20642.75,418.21,481.74,15372,9374.24,16977.73,29898.84,21.86
Baby Sets,Baby,Sets,Ecommerce,2025,Jul,6,true,21835.7,22347.14,3306.58,10460.31,19279.6,3079.74,2865.81,62467.51,60108.42,60940.01,25834.37,87.34
Boys Sets,Boys,Sets,Retail Stores,2026,Nov,10,false,21820.6,20547.76,1982.09,13418.68,,2183.84,,,43451.09,63317.23,44066.97,196.39
Boys Tops,Boys,Tops,Wholesale,2025,Jan,12,true,21803.47,20925.05,480.15,13136.61,21606.25,435.67,456.82,17602.4,15753.91,21125.8,27632.83,21.8
Boys Swim,Boys,Swim,Wholesale,2026,Mar,2,true,21784.91,20380.34,396.25,6672.93,21629.95,399.75,347.1,16939.5,25451.25,17164.22,13919.43,21.78
Baby Rompers,Baby,Rompers,Wholesale,2026,Apr,3,true,21749.01,21869.67,479.69,3161.36,20656.63,476.58,488.35,23910.55,37462.43,22210.35,6995.25,21.75
Boys Swim,Boys,Swim,Retail Stores,2024,Dec,11,true,21660.6,22063.71,2345.34,5735.91,21437.99,2178.54,2149.46,47111.12,60080.13,47455.22,11409.19,194.95
Girls Sleepwear,Girls,Sleepwear,Wholesale,2024,May,4,true,21624.05,21633.04,399.17,10707.8,21490.25,450.71,436.04,21056.44,23835.16,20990.91,19252.14,21.62
Baby Rompers,Baby,Rompers,Wholesale,2026,Jan,12,false,21545.77,22222.41,397.68,14749.19,,450.83,,,15840,22097.53,28275.68,21.55
Women Dresses,Women,Dresses,Wholesale,2026,Feb,1,true,21476.55,21696.1,422.18,19387.09,20234.75,390.38,553.22,20763.15,7408.18,22763.07,37243.29,21.48
Girls Sets,Girls,Sets,Wholesale,2024,Apr,3,true,21462.83,20902.58,442.33,2941.06,18575.01,433.62,477.67,23591.01,35484.65,22125.49,8558.75,21.46
Boys Sleepwear,Boys,Sleepwear,Ecommerce,2026,Sep,8,false,21408.36,19881.86,2356.85,6861.61,,3175.52,,,55098.42,48357.35,17928.45,85.63
Boys Sets,Boys,Sets,Ecommerce,2024,Aug,7,true,21405.84,20536.22,2391.85,9228.55,20712.96,2536.12,2820.86,62975.54,55763.18,64965.79,33230.2,85.62
Baby Sleepwear,Baby,Sleepwear,Wholesale,2025,Nov,10,true,21314.78,21174.16,386.16,5883.83,19186.51,364.91,438.17,22663.77,33550.72,20822.14,8972.43,21.31
Girls Sets,Girls,Sets,Wholesale,2024,Jan,12,true,21293.35,21239.71,385.14,13730.92,23366.99,375.5,382.25,23549.2,17491.27,21445.09,25643.97,21.29
Baby Rompers,Baby,Rompers,Wholesale,2025,Aug,7,true,21290.49,20925.05,436.92,0,21257.24,422.45,427.67,21928.93,40501.02,22253.27,3486.49,21.29
Women Tops,Women,Tops,Ecommerce,2024,Jan,12,true,21270.12,21002.95,2979.83,0,19701.64,3157.67,2783.9,104756.78,127322.32,102809.45,0,85.08
Boys Bottoms,Boys,Bottoms,Retail Stores,2025,Feb,1,true,21234.5,20879.91,2274.79,4917.98,22111.71,2003.82,2066.18,62412.25,76860.11,64018.8,10588.13,191.11
Women Dresses,Women,Dresses,Ecommerce,2024,Feb,1,true,21197.54,20558.45,3071.6,7858.41,21102.33,2808.26,3082.98,62759.3,62254.58,63684.73,25520.75,84.79
Women Tops,Women,Tops,Wholesale,2026,Mar,2,true,21196.6,21836.08,380.58,6311.19,20420.23,393.3,382.53,16297.21,27161.74,16205.99,10655.36,21.2
Boys Bottoms,Boys,Bottoms,Retail Stores,2024,Jul,6,true,21124.63,20790.8,2020.9,9902.61,20998.32,2496.77,3261.81,62605.21,59849.36,63931.03,27893.19,190.12
Women Bottoms,Women,Bottoms,Ecommerce,2025,Jul,6,true,21122.35,21282.99,3086.53,11288.7,21682.83,2670.58,3271.14,55737.16,61723.46,57130.46,19284.41,84.49
Baby Accessories,Baby,Accessories,Retail Stores,2026,Nov,10,false,21077.8,21575.15,2025.51,15033.07,,2099.18,,,43339.6,61494.33,41521.42,189.7
Boys Sleepwear,Boys,Sleepwear,Ecommerce,2025,Apr,3,true,21061.24,20928.28,2883.85,14329.87,18237.96,3002.11,3452.06,63657.94,41384.64,63107.36,45870.31,84.24
Women Bottoms,Women,Bottoms,Ecommerce,2026,Feb,1,true,21054.77,22124.18,3291.19,7363.82,19438.55,2560.1,3383.65,60376.09,69606.06,60490.24,14583.27,84.22
Girls Swim,Girls,Swim,Retail Stores,2024,Jun,5,true,21020.22,20252.85,2277.64,671.73,21380.83,2487.98,2743.05,45482.01,65114.7,45900.28,4482.97,189.18
Girls Sets,Girls,Sets,Wholesale,2025,May,4,true,20994.93,21138.57,398.23,8629.65,23938.92,403.54,310.57,16773.15,23589.35,20617.75,18447.86,20.99
Girls Swim,Girls,Swim,Retail Stores,2025,Aug,7,true,20981.65,20522.89,2320.89,10291.91,21316.82,1914.07,2429.26,59929.24,52352.77,60162.7,30894.48,188.83
Women Sleepwear,Women,Sleepwear,Ecommerce,2026,Sep,8,false,20924.79,21302,3199.32,4919.46,,2819.07,,,56832.85,45436.61,12431.32,83.7
Women Tops,Women,Tops,Retail Stores,2026,Mar,2,true,20887.65,21607.77,2196.17,11745.43,18900.03,2206.06,2434.48,46833.33,41037.38,47557.05,29801.37,187.99
Women Sleepwear,Women,Sleepwear,Ecommerce,2025,May,4,true,20876.01,20712.91,2869.93,5112.62,22889.53,2567.95,2328.36,58776.81,69004.89,61340.97,15863.55,83.5
Boys Bottoms,Boys,Bottoms,Retail Stores,2026,Jan,12,false,20845.19,20975.84,2529.93,0,,2016.78,,,117169.38,94119.81,0,187.61
Baby Rompers,Baby,Rompers,Wholesale,2026,Dec,11,false,20822.4,21164.2,485.61,4755.1,,384.29,,,29938.03,15840,7129.49,20.82
Baby Sleepwear,Baby,Sleepwear,Retail Stores,2026,Jan,12,false,20808.37,22474.12,2161.07,0,,2352.93,,,122864.02,99515.45,0,187.28
Women Bottoms,Women,Bottoms,Ecommerce,2024,Sep,8,true,20802.33,21114.08,2442.33,4226.58,21791.68,2478.5,2438.83,48551.37,59200.16,49634.63,13798.5,83.21
Boys Sets,Boys,Sets,Ecommerce,2026,Jan,12,false,20771.8,19777.22,2884.03,0,,2768.76,,,112023.11,88399.47,0,83.09
Boys Bottoms,Boys,Bottoms,Wholesale,2024,Sep,8,true,20735,21414.53,465.94,12149.73,17755,426.7,336.73,17145.99,15091.7,17377.98,23468.71,20.74
Girls Swim,Girls,Swim,Retail Stores,2026,Feb,1,true,20712.16,20364.3,1979.25,4585.32,19142.87,2227.04,2144.33,58473.96,68712.43,57314.56,11727.74,186.41
Girls Sets,Girls,Sets,Wholesale,2024,Dec,11,true,20710.92,20228.3,442.74,4494.39,18452.19,449.39,608.47,21253.4,27850.48,17491.27,10821.81,20.71
Baby Accessories,Baby,Accessories,Ecommerce,2025,Feb,1,true,20665.29,20671.11,2728.58,2919.15,19650.42,3004.15,2622.1,58870.19,71780,57727.21,9699.32,82.66
Baby Sets,Baby,Sets,Retail Stores,2026,Nov,10,false,20665.25,20547.76,2414.26,16081.21,,2099.16,,,41667.58,61630.14,42912.96,185.99
Boys Swim,Boys,Swim,Retail Stores,2024,Nov,10,true,20664.85,20366.5,2263.79,15429.77,17664.96,2326.9,2267.1,62293.81,41294.24,60080.13,41963.62,185.98
Girls Outerwear,Girls,Outerwear,Ecommerce,2025,Apr,3,true,20573.84,20180.84,3119.22,14947.81,18201.23,3112.17,3454.02,59174.92,40779.62,62383.14,45371.83,82.3
Girls Bottoms,Girls,Bottoms,Wholesale,2024,Dec,11,true,20554.2,20228.3,425.79,4207.75,20150.23,375.27,421.3,16202.24,28166.06,15778.88,8562.85,20.55
Boys Tops,Boys,Tops,Wholesale,2025,Dec,11,true,20531.83,19928.62,455.04,4539.83,20979.95,416.58,431.77,15263.68,29768.29,15753.91,6954.55,20.53
Baby Accessories,Baby,Accessories,Ecommerce,2024,Jul,6,true,20495.25,20582.9,3167.85,10412.81,20521.17,2403.11,2498.77,57018.95,57552.6,58916.56,24344.31,81.98
Baby Sets,Baby,Sets,Ecommerce,2024,Aug,7,true,20484.55,20536.22,2411.94,9468.47,19932.39,2792.19,2986.32,57221.83,55591.72,56760.44,24527.41,81.94
Girls Swim,Girls,Swim,Retail Stores,2024,Oct,9,true,20467.72,20457.42,2279.66,12793.77,21572.89,1908.05,2701.71,50629.33,42229.9,56600.22,36930.3,184.21
Women Dresses,Women,Dresses,Retail Stores,2025,Nov,10,true,20419.12,20730.19,2500.73,16791,19340.85,2278.56,2428.83,59033.55,38739.2,57523.26,41665.51,183.77
Baby Accessories,Baby,Accessories,Ecommerce,2026,Jan,12,false,20397.17,20766.08,2605.02,0,,2517.79,,,120636.31,97639.76,0,81.59
Boys Tops,Boys,Tops,Wholesale,2025,Apr,3,true,20394.92,20592.91,406.17,3568.9,23493.21,422.47,397.22,18480.06,32807.82,21419.97,9449.94,20.39
Boys Sets,Boys,Sets,Ecommerce,2025,Feb,1,true,20391.63,19686.77,2580,2918.7,20965.35,2701.92,2518.57,59152.2,70605.94,61089.29,13658.46,81.57
Women Tops,Women,Tops,Wholesale,2024,Feb,1,true,20384.1,19354.24,356.68,10055.68,21032.05,448.68,436.42,18112.83,19267.41,19952.54,21538.29,20.38
Girls Swim,Girls,Swim,Wholesale,2025,Sep,8,true,20367.33,20177.73,452.2,11640.44,21335.73,404.12,415.1,13668.82,13703.94,15984.9,23072.77,20.37
Boys Swim,Boys,Swim,Wholesale,2025,Feb,1,true,20327.57,20592.91,371.41,17091.5,21044.12,439.06,502.44,20674.26,7251.62,21275.64,34810.96,20.33
Boys Swim,Boys,Swim,Retail Stores,2026,Oct,9,false,20322.05,19025.71,1888.89,12267.39,,1846.12,,,43833.51,57706.82,36224.38,182.9
Boys Sets,Boys,Sets,Ecommerce,2024,Jul,6,true,20265.14,19602.76,2528.95,8734.41,18784.81,3024.62,3470.83,54181.46,54800.51,55763.18,24333.49,81.06
Baby Accessories,Baby,Accessories,Retail Stores,2025,Dec,11,true,20245.25,19807.7,2310.32,5270.86,18003.17,2237.94,2200.27,47612.68,50199,48420.21,20886.61,182.21
Boys Swim,Boys,Swim,Ecommerce,2024,Jan,12,true,20240.85,19602.76,3012.63,0,19509.45,2835.67,2371.98,83675.22,105626.32,82468.83,0,80.96
Baby Sleepwear,Baby,Sleepwear,Retail Stores,2024,Feb,1,true,20231.44,19623.97,1829.35,7088.92,20903.65,1978.39,1691.32,62539.69,59800.76,61372.5,23963.65,182.08
Girls Outerwear,Girls,Outerwear,Ecommerce,2026,May,4,true,20183.71,21997.11,2642.96,7356.38,18716.14,2981.46,3052.92,61485.78,62907.74,61332.66,21670.83,80.73
Baby Sets,Baby,Sets,Ecommerce,2025,Feb,1,true,20171.08,19686.77,2568.53,3796.98,24014.44,2819.6,2140.2,54084.8,61654.43,57733.89,19150.81,80.68
Women Tops,Women,Tops,Retail Stores,2026,Oct,9,false,20099.94,20384.69,2038.2,14531.51,,2340.19,,,44527.17,59312.79,37406.65,180.9
Women Dresses,Women,Dresses,Ecommerce,2025,Jan,12,true,20076.71,19952.81,2444.95,0,20998.96,2317.96,2590.27,91654.92,115330.33,92855.35,0,80.31
Women Bottoms,Women,Bottoms,Retail Stores,2026,Dec,11,false,20069.87,21200.07,2500.86,7212.45,,2420.78,,,53409.95,44539.28,13800.61,180.63
Women Bottoms,Women,Bottoms,Ecommerce,2024,Aug,7,true,20041.29,19558.31,2680.36,10314.25,20161.87,3056.07,2916.84,58180.94,57222.58,59200.16,25155.11,80.17
Boys Tops,Boys,Tops,Wholesale,2024,Aug,7,true,20030.5,20394.79,379.8,46.89,17119.18,356.78,405.41,26602.86,44150.54,23743.23,0,20.03
Women Tops,Women,Tops,Wholesale,2025,Jul,6,true,20017.32,20213.32,381.21,12860.19,18858.51,444.62,446.38,21864.27,15912.14,20551.95,25121.77,20.02
Boys Swim,Boys,Swim,Retail Stores,2026,Jun,5,true,19983.13,18835.45,1827.54,2613.62,19676.65,2292.28,2159.24,45576.46,60524.28,45262.42,7193.4,179.85
Women Tops,Women,Tops,Retail Stores,2025,Apr,3,true,19973.04,20384.69,2228.07,13192.66,17228.72,1893.18,1878.75,58006.95,39859.04,56780.82,38967.76,179.76
Baby Sets,Baby,Sets,Ecommerce,2024,Jul,6,true,19934.75,19602.76,2893.84,9422.49,19951.82,2845.73,3129.04,58064.36,52331.52,55591.72,26120.42,79.74
Boys Swim,Boys,Swim,Wholesale,2025,Jul,6,true,19865.78,18865.76,326.63,11908.91,20195.07,415.88,556.1,17503.96,15177.33,19185.92,24310.11,19.87
Girls Outerwear,Girls,Outerwear,Ecommerce,2026,Mar,2,true,19857.2,21391.69,2940.25,9328.26,21217.75,2860.2,2986.43,48240.43,37796.54,45508.88,30509.16,79.43
Baby Sets,Baby,Sets,Ecommerce,2026,Jan,12,false,19764.33,19777.22,2684.26,0,,2516.87,,,119537.89,97177.62,0,79.06
Women Tops,Women,Tops,Wholesale,2025,Oct,9,true,19741.08,19643.93,343.42,13949.98,20846.22,401.73,398.3,20092.71,12592.71,20550.75,28120.59,19.74
Boys Bottoms,Boys,Bottoms,Wholesale,2025,Nov,10,true,19632.12,19762.55,354.51,4465.86,19525.06,350.26,422.21,20038.09,31135.17,19228.85,8095.69,19.63
Boys Sets,Boys,Sets,Wholesale,2026,Feb,1,true,19602.37,18224.72,347.3,16115.16,20616.81,363.23,374.42,17787.65,5943.4,20695.42,34737.22,19.6
Women Dresses,Women,Dresses,Retail Stores,2024,Dec,11,true,19578.2,19699.74,1994.14,5052.25,22311.06,2267.04,2935.93,41105.42,53846.88,43721.44,11896.01,176.2
Women Dresses,Women,Dresses,Retail Stores,2026,Apr,3,true,19566.32,20044.94,2342.38,13511.19,17844.35,2346.88,2634.01,58530.04,38216.31,56225.87,40098.86,176.1
Women Sleepwear,Women,Sleepwear,Ecommerce,2025,Mar,2,true,19515.84,20142.83,2506.72,10711.99,20988.82,2442.61,2005.8,44211.85,41207.11,43267.3,24096.7,78.06
Women Sleepwear,Women,Sleepwear,Ecommerce,2026,Aug,7,false,19472.54,19732.38,2771.05,8786.19,,2268.96,,,54210.69,56832.85,24441.56,77.89
Women Bottoms,Women,Bottoms,Ecommerce,2025,Feb,1,true,19444.58,18749.3,2568.56,4224.22,21640.3,2658.08,2971.38,50578.16,68094.3,54133.23,8219.36,77.78
Women Dresses,Women,Dresses,Wholesale,2026,Jul,6,true,19442.01,19876.43,402.23,13408.7,18184.72,391.31,319.57,21450.86,14964.25,18639.41,23527.92,19.44
Boys Tops,Boys,Tops,Wholesale,2024,Jan,12,true,19418.88,18355.31,321.61,12568.96,18143.55,353.14,398.01,16727.44,14855.14,18265.61,23201.9,19.42
Baby Rompers,Baby,Rompers,Retail Stores,2024,Jan,12,true,19395.76,20048.27,2004.6,0,19096.84,2208.26,2771.31,88488.43,110552.2,88773.63,0,174.56
Women Tops,Women,Tops,Retail Stores,2025,May,4,true,19360.83,18829.92,1700.75,6156.23,19293.14,2023.57,1896.35,57908.84,56780.82,56297.36,21075.19,174.25
Women Tops,Women,Tops,Retail Stores,2026,Jun,5,true,19333.02,20180.84,1898.85,763.95,18319.42,1795.96,2288.37,47079.66,61906.33,46452.01,5848.66,174
Girls Swim,Girls,Swim,Retail Stores,2024,Sep,8,true,19326.77,19434.55,1839.57,4845.7,23043.23,2202.3,1995.79,37865.79,50562.69,42229.9,13370.22,173.94
Baby Sleepwear,Baby,Sleepwear,Retail Stores,2025,Jan,12,true,19304.82,19045.86,2093.69,0,20192.04,1993.61,2338.44,85601,108278.4,86806.22,0,173.74
Boys Sleepwear,Boys,Sleepwear,Ecommerce,2026,Aug,7,false,19288.92,18416.88,2728.01,7285.07,,2332.71,,,56464.99,55098.42,20332.21,77.16
Women Bottoms,Women,Bottoms,Ecommerce,2024,Jul,6,true,19262.77,18669.29,2380.31,9406.91,18431.6,2264.2,2613.01,57223.01,48141.74,57222.58,30684.85,77.05
Girls Swim,Girls,Swim,Retail Stores,2025,Jul,6,true,19262.19,19590.03,1775.05,8880.95,20187.15,2209.8,2576.73,51988.48,51467.42,52352.77,22530.7,173.36
Baby Rompers,Baby,Rompers,Wholesale,2026,May,4,true,19215.49,19400.51,344.37,8209.53,19410.25,404.52,457,17415.47,22210.35,18596.63,16025.5,19.22
Women Sleepwear,Women,Sleepwear,Ecommerce,2024,Apr,3,true,19179.32,19669.43,2816.56,13561.57,18989.49,2704.38,2820.38,58274.25,40807.21,55837.96,36991.16,76.72
Boys Swim,Boys,Swim,Retail Stores,2025,Apr,3,true,19145.95,19025.71,2286.19,12958.44,21101.31,2135.32,2168.4,52726.12,42143.3,55620.06,34930.34,172.31
Women Dresses,Women,Dresses,Wholesale,2025,Feb,1,true,19123.07,18386.53,382.72,16403.33,20198.87,423.29,403.94,14845.4,6372.61,18312.82,31505.69,19.12
Baby Rompers,Baby,Rompers,Wholesale,2025,Apr,3,true,19120.22,18533.62,425.13,2539.06,17733.75,398.99,281.46,19943.13,31062.35,18399.67,6875.65,19.12
Women Tops,Women,Tops,Wholesale,2025,Jun,5,true,19116.46,19216.88,438.2,14363.87,18572.13,407.03,375.03,15129.6,7484.08,15912.14,27970.66,19.12
Boys Sleepwear,Boys,Sleepwear,Ecommerce,2025,Mar,2,true,19108.34,18799.98,2727.43,9582.81,20096.48,2548.27,2909.1,37452.09,38900.5,41384.64,24217.18,76.43
Boys Swim,Boys,Swim,Retail Stores,2026,Sep,8,false,19092.16,18074.42,2148.12,4602.69,,2196.8,,,49304.65,43833.51,15989.66,171.83
Boys Bottoms,Boys,Bottoms,Wholesale,2026,Aug,7,false,19080.65,19204.55,412.46,281.22,,425.62,,,37466.41,20194.71,2253.64,19.08
Baby Rompers,Baby,Rompers,Wholesale,2025,Jan,12,true,19065.97,18832.55,416.54,11612.2,19986.08,398.27,498.42,16608.24,15089.72,19505.88,23899.46,19.07
Women Tops,Women,Tops,Retail Stores,2026,Sep,8,false,19039.41,19365.45,1912.87,5116.13,,2052.93,,,51237.55,44527.17,14553.31,171.35
Girls Sets,Girls,Sets,Wholesale,2024,May,4,true,19005.02,18542.61,407.04,9049.93,23185.86,424.22,518.81,13584.68,22125.49,18092.37,15415.13,19.01
Girls Swim,Girls,Swim,Wholesale,2026,Nov,10,false,18963.99,19274.54,438.73,2979.95,,416.04,,,32680.01,19226.84,5945.82,18.96
Baby Accessories,Baby,Accessories,Wholesale,2026,Feb,1,true,18931.94,19135.96,439.18,16613.4,20000.1,421.52,481.41,17229.63,6357.6,19096.79,32111.58,18.93
Baby Sets,Baby,Sets,Retail Stores,2025,Dec,11,true,18925.31,18864.47,1805.84,4760.65,18805.67,1700.84,1868.23,42532.93,50633.54,42199.35,12362.28,170.33
Boys Sleepwear,Boys,Sleepwear,Ecommerce,2026,Jul,6,true,18906.41,17579.75,2406.7,7922.26,19537.45,2425.94,2361.35,55926.18,51661.73,56464.99,26211.23,75.63
Boys Sleepwear,Boys,Sleepwear,Ecommerce,2025,May,4,true,18817.38,19332.05,2988.93,6213.07,19155.47,2376.15,2516.16,54194.18,63107.36,53565.81,11727.24,75.27
Women Sleepwear,Women,Sleepwear,Ecommerce,2025,Oct,9,true,18806.61,19002.67,2730.51,12143.42,17225.14,2276.94,2600.12,54634.55,43150.02,56002.92,34011.67,75.23
Boys Tops,Boys,Tops,Wholesale,2025,May,4,true,18775.26,18267.9,370.52,8424.08,22005.52,343.77,325.3,13676.7,21419.97,18744.07,16461.9,18.78
Girls Outerwear,Girls,Outerwear,Ecommerce,2026,Oct,9,false,18769.66,20180.84,3060.83,14281.9,,2673.38,,,39096.3,52956.09,35377.9,75.08
Boys Sets,Boys,Sets,Retail Stores,2025,Dec,11,true,18765.28,18864.47,1858.9,3739.6,16937.39,2152.78,1947.48,46199.33,49115.08,44658.91,16630.77,168.89
Women Bottoms,Women,Bottoms,Retail Stores,2026,Nov,10,false,18745.26,19569.3,2093.71,13109.21,,2262.27,,,36777.63,53409.95,37808.56,168.71
Baby Accessories,Baby,Accessories,Ecommerce,2024,Feb,1,true,18734.65,18132.55,2191.28,7369.47,20985.48,2247.2,1987.34,51873.97,56442.76,54423.33,19037.36,74.94
Women Sleepwear,Women,Sleepwear,Ecommerce,2025,Jun,5,true,18675.09,18812.65,2603.93,2666.66,18437.04,2370.06,2068.43,43856.52,61340.97,43465.68,3244.56,74.7
Women Sleepwear,Women,Sleepwear,Ecommerce,2026,Jul,6,true,18658.23,18835.45,2774.31,9377.27,21179.37,2498.58,3067.38,53487.39,49432.69,54210.69,26009.44,74.63
Women Dresses,Women,Dresses,Wholesale,2026,Jun,5,true,18626.06,18896.6,347.28,13912.06,17969.74,422.63,477.04,16231.63,7944.25,14964.25,26087.31,18.63
Baby Sleepwear,Baby,Sleepwear,Wholesale,2026,Aug,7,false,18624.14,20576.3,453.31,909.58,,417.82,,,36325.67,17856.87,591.78,18.62
Women Dresses,Women,Dresses,Wholesale,2026,Oct,9,false,18619.37,19316.53,403.05,13941.52,,333.11,,,12032.38,18226.96,25165.68,18.62
Women Dresses,Women,Dresses,Retail Stores,2024,Nov,10,true,18612.59,18184.38,2045.03,13348.36,19647.6,1683.33,2112.88,50321.7,38830.9,53846.88,35479.42,167.51
Girls Outerwear,Girls,Outerwear,Ecommerce,2026,Jun,5,true,18580.73,19979.03,2399.83,1573.59,18065.89,2211.04,2271.14,44362.39,61332.66,43449.03,2982.46,74.32
Boys Swim,Boys,Swim,Wholesale,2025,Oct,9,true,18569.45,18334.33,315.98,13282.77,19129.54,359.99,288.99,17484.45,10910.78,19543.85,27581.08,18.57
Baby Sleepwear,Baby,Sleepwear,Wholesale,2024,Nov,10,true,18527.46,18573.82,423.23,3942.16,15983.28,360.92,423.4,20500.53,31436.02,18808.55,6279.44,18.53
Women Sleepwear,Women,Sleepwear,Ecommerce,2024,May,4,true,18505.5,18169.22,2476.53,6175.96,16915.3,2127.29,2324.89,53199.2,55837.96,54032.35,18901.21,74.02
Boys Tops,Boys,Tops,Wholesale,2024,Apr,3,true,18448.9,18063.96,410,3252.38,20607.26,370.48,385.67,17645.95,29379.19,19172.21,8630.85,18.45
Women Tops,Women,Tops,Retail Stores,2024,Apr,3,true,18380.33,17881.3,1945.28,11116.78,18699.76,2040.48,2387.65,44312.95,39409.71,49970.85,31147.36,165.42
Boys Bottoms,Boys,Bottoms,Retail Stores,2024,Feb,1,true,18368.95,18315.71,2196.63,7017.45,21339.81,1999.11,2902.88,47581.45,53587.79,53101.23,20046.82,165.32
Boys Swim,Boys,Swim,Wholesale,2024,Feb,1,true,18365.5,18063.96,414.27,9399.55,19779.37,372.55,417.47,17512.11,18230.18,17993.7,18519.93,18.37
Women Dresses,Women,Dresses,Retail Stores,2026,May,4,true,18365.12,18516.09,2128.74,5328.32,17589.59,2105.45,2493.07,55846.86,56225.87,55511.15,19921.14,165.29
Women Tops,Women,Tops,Retail Stores,2025,Mar,2,true,18327.94,18311.67,1700.47,9641.41,15925.07,1738.55,2001.23,39768.2,36866.35,39859.04,23224.13,164.95
Boys Swim,Boys,Swim,Wholesale,2025,Jun,5,true,18324.14,17935.76,368.8,12846.23,18361.36,340.51,346.54,13072.01,7670.57,15177.33,26189.74,18.32
Girls Outerwear,Girls,Outerwear,Ecommerce,2025,May,4,true,18290.2,18641.62,2210.14,5520.31,18710.55,2493.81,2546.95,51836.7,62383.14,51769.6,10243.63,73.16
Girls Bottoms,Girls,Bottoms,Wholesale,2024,May,4,true,18281.76,18542.61,325.46,8375.69,17323.04,401.94,415.26,21832.94,21226.94,18711.79,16186.84,18.28
Boys Sleepwear,Boys,Sleepwear,Ecommerce,2025,Oct,9,true,18280.89,17735.83,2332.57,11750.85,19539.44,2535.37,2255.96,50105.67,38126.94,52989.02,35751.47,73.12
Women Bottoms,Women,Bottoms,Retail Stores,2025,Dec,11,true,18230.29,17966.16,1930.29,5405.62,15715.6,1835.44,1501.04,46012,50360.56,43738.72,13607.96,164.07
Baby Sets,Baby,Sets,Wholesale,2026,Feb,1,true,18225.54,18224.72,347.34,15281.3,17629.63,365.44,444.22,20081.62,6366.47,18819.34,31062.09,18.23
Girls Swim,Girls,Swim,Retail Stores,2024,Aug,7,true,18217.41,18002.53,1972.4,8102.09,18833.62,1636.42,1589.67,51742.41,52382.57,50562.69,18197.9,163.96
Baby Rompers,Baby,Rompers,Wholesale,2024,Aug,7,true,18214.81,18355.31,339.51,0,18994.7,381.15,419.37,17317.22,36753.01,18138.83,0,18.21
Boys Sleepwear,Boys,Sleepwear,Ecommerce,2024,Apr,3,true,18175.27,18358.14,2431.7,13596.87,16851.77,2458.23,2999.7,48741.42,36595.22,52744.12,36855.1,72.7
Women Bottoms,Women,Bottoms,Ecommerce,2026,Jan,12,false,18117.62,18835.45,2597.99,0,,2387.55,,,105883.21,85305.56,0,72.47
Baby Accessories,Baby,Accessories,Retail Stores,2024,Dec,11,true,18094.53,17375.17,1704.41,4166.12,15866.38,1767.11,2209.78,42269.75,50188.23,41318.73,11154.99,162.85
Women Tops,Women,Tops,Wholesale,2024,Jul,6,true,18064.54,17730.98,370.29,11401.06,16950.31,371.21,332.7,21484.66,13236.37,17165.13,22382.58,18.06
Boys Sets,Boys,Sets,Retail Stores,2026,Apr,3,true,18051.58,16837.75,1753.62,11674.26,16128.45,1929.32,2239.3,53204.87,40247.06,49284.09,29180.4,162.46
Boys Swim,Boys,Swim,Retail Stores,2026,Aug,7,false,18044.97,16742.62,1740.78,7271.92,,2015.53,,,51826.53,49304.65,17701.02,162.4
Girls Outerwear,Girls,Outerwear,Ecommerce,2026,Sep,8,false,17997.73,19171.8,2858.13,4783.31,,2498.53,,,44713.64,39096.3,14950.91,71.99
Baby Rompers,Baby,Rompers,Wholesale,2025,Dec,11,true,17993.46,17935.76,404.12,3875.78,15436.01,331.63,393.91,17121.14,24737.77,15089.72,8695.03,17.99
Baby Accessories,Baby,Accessories,Retail Stores,2025,Nov,10,true,17972.92,18284.03,1782.44,14269.27,18570.65,1739.64,1433.25,47087.75,39501.55,50199,30571.77,161.76
Boys Swim,Boys,Swim,Wholesale,2025,Mar,2,true,17972.29,17271.47,345.71,6273.63,16231.86,382.23,477.25,15924.05,21275.64,14342.77,11439.62,17.97
Women Tops,Women,Tops,Wholesale,2025,Mar,2,true,17970.82,18505.15,374.8,6269.32,18964.5,313.87,374.93,13507.14,21322.8,14279.11,11258.96,17.97
Boys Tops,Boys,Tops,Wholesale,2024,Dec,11,true,17932.58,17481.25,314.55,3121.2,14452.57,316.09,386.5,18128.85,26634.97,14855.14,6486.77,17.93
Girls Outerwear,Girls,Outerwear,Ecommerce,2024,Apr,3,true,17923.55,17702.49,2359.31,12484.1,16741.74,2166.4,2092.33,49850.76,34849.4,49519.09,34831.33,71.69
Boys Sets,Boys,Sets,Wholesale,2026,Jul,6,true,17915.95,16696.2,331.47,10237.95,19552.8,347.9,410.1,18609.73,14071.65,18006.09,22216.21,17.92
Boys Bottoms,Boys,Bottoms,Retail Stores,2025,Jan,12,true,17899.24,17776.14,2108.2,0,17447.16,1814.49,2268.81,82430.11,102330.94,82456.11,0,161.09
Women Sleepwear,Women,Sleepwear,Ecommerce,2025,Sep,8,true,17885.09,18052.54,2723.99,4192.44,18069.73,2716.7,3166.04,42771.26,47336.7,43150.02,16486.66,71.54
Women Dresses,Women,Dresses,Ecommerce,2024,Jan,12,true,17857.11,17502.46,2627.03,0,17800.22,2563.38,2697.81,73881.83,94461.03,73969.12,0,71.43
Women Dresses,Women,Dresses,Wholesale,2025,Jul,6,true,17855.3,16844.43,360.57,11591.98,18253.09,384.58,319,15191.52,12506.17,17230.62,22982.19,17.86
Boys Swim,Boys,Swim,Wholesale,2026,Sep,8,false,17833.95,16461.04,330.21,9392.64,,329.48,,,11812.12,14586.93,20956.08,17.83
Boys Sleepwear,Boys,Sleepwear,Ecommerce,2025,Jun,5,true,17814.33,17558.47,2655.02,1940.73,18880.16,2688.08,2520.06,42532.22,53565.81,43026.56,10034.42,71.26
Girls Swim,Girls,Swim,Wholesale,2024,Sep,8,true,17808.18,17699.76,379.18,10372.85,15667.77,303.16,285.51,14992.77,13025.11,13657.23,18761.27,17.81
Girls Outerwear,Girls,Outerwear,Ecommerce,2025,Mar,2,true,17782.42,18128.55,2280.19,9501.76,19375.64,2753.02,3480.44,40570.64,39476.24,40779.62,21909.95,71.13
Women Dresses,Women,Dresses,Wholesale,2026,Mar,2,true,17704.84,18196.73,384.63,5187.23,17959.72,326.02,375.11,12894.07,22763.07,13733.12,9018.61,17.7
Girls Swim,Girls,Swim,Retail Stores,2024,Jul,6,true,17697.76,17184.24,1950.15,7854.38,20002.11,1656.24,1776.73,46856.47,45900.28,52382.57,25995.56,159.28
Women Tops,Women,Tops,Retail Stores,2026,Aug,7,false,17678.94,17938.52,2152.88,7546.19,,1897.24,,,50627.5,51237.55,20345.34,159.11
Boys Sets,Boys,Sets,Ecommerce,2025,Jan,12,true,17677.71,16760.36,1981.99,0,15346.69,2639.67,3078.38,79743.57,98246.66,77858.57,0,70.71
Boys Sets,Boys,Sets,Retail Stores,2025,Nov,10,true,17673.59,17413.36,1704.63,13379.07,18551.35,1964.13,2083.98,47201.47,32763.49,49115.08,36148.37,159.06
Boys Swim,Boys,Swim,Retail Stores,2025,May,4,true,17664.97,17574.59,1700.09,6554.71,16965.53,1904.55,2276.01,47053.7,55620.06,48259.8,12368.24,158.98
Baby Accessories,Baby,Accessories,Wholesale,2026,Jul,6,true,17619.93,17531.01,382.78,11501.05,19005.77,353.14,401.91,14525,12788.92,16873.95,22075.73,17.62
Women Dresses,Women,Dresses,Retail Stores,2026,Mar,2,true,17602.98,18006.47,1694.82,9248.24,18281.75,1777.16,1623.55,38780.79,36973.5,38216.31,20781.38,158.43
Women Sleepwear,Women,Sleepwear,Ecommerce,2024,Mar,2,true,17556.48,17669.15,2385.29,7595.85,19393.1,2685.81,3282.7,39158.83,36678.21,40807.21,24441.52,70.23
Boys Bottoms,Boys,Bottoms,Wholesale,2024,Nov,10,true,17504.48,17335.57,351.77,3162.93,16484.3,371.03,475.53,17223.31,27677.9,17325.6,7540.71,17.5
Girls Outerwear,Girls,Outerwear,Ecommerce,2025,Sep,8,true,17496.77,16247.29,2234.91,5134.28,19085.49,2565.37,3130.32,37679.67,43176.9,39054.18,16009.41,69.99
Baby Accessories,Baby,Accessories,Ecommerce,2025,Jan,12,true,17488.86,17598.38,2304.89,0,17983.52,2357.76,2336.92,82375.14,102770.72,82854.15,0,69.96
Women Tops,Women,Tops,Retail Stores,2025,Jun,5,true,17476.64,17102.41,2032.1,2138.04,19178.23,1846.9,1915.55,40370.4,56297.36,42502.29,5685.76,157.29
Baby Sets,Baby,Sets,Ecommerce,2024,Feb,1,true,17456.32,17269.1,2586.62,7797.14,15606.52,2146.08,2459.89,53539.47,51916.37,51724.19,19480.05,69.83
Women Tops,Women,Tops,Wholesale,2024,Oct,9,true,17428.86,17231.51,343.32,13104.3,17891.76,376.74,508.83,17034.6,10278.26,18463.12,26007.89,17.43
Women Tops,Women,Tops,Wholesale,2024,Jun,5,true,17427.78,16856.92,290.7,12136.72,17779.27,303.44,333.36,13168.75,6612.7,13236.37,24372.31,17.43
Boys Swim,Boys,Swim,Retail Stores,2024,Apr,3,true,17415.2,16689.22,1979,13089.96,19308.93,1726.65,2106.75,43722.15,33740.42,48042.12,33600.29,156.74
Baby Sets,Baby,Sets,Retail Stores,2025,Nov,10,true,17405.95,17413.36,1714.52,12469.6,19862.03,1686.35,1925.12,45852.72,35712.68,50633.54,34169.81,156.65
Boys Sets,Boys,Sets,Wholesale,2026,Oct,9,false,17396.52,16225.88,342.3,11284.23,,358.04,,,10390.94,16911.08,24292.1,17.4
Baby Sets,Baby,Sets,Retail Stores,2024,Dec,11,true,17376.6,16547.78,1489.06,5850.29,16781.32,1740.47,1664.24,40883.6,45927.5,40064.91,13410.87,156.39
Boys Swim,Boys,Swim,Retail Stores,2026,Jul,6,true,17331.86,15981.59,1635.41,6340.81,17475.07,1846.21,2189.26,51478.74,45262.42,51826.53,25898.17,155.99
Girls Swim,Girls,Swim,Retail Stores,2026,Jan,12,false,17327.19,17337.18,1764.64,0,,1896.74,,,99005.84,79625.96,0,155.94
Boys Swim,Boys,Swim,Retail Stores,2025,Mar,2,true,17300.55,17090.89,1748.4,8843.67,16937.6,2028.92,2691,43082.01,34129.07,42143.3,27499.41,155.7
Girls Outerwear,Girls,Outerwear,Ecommerce,2025,Jun,5,true,17225.99,16931.38,1970.55,1891.26,16683.3,2436.57,2508.84,42139.68,51769.6,41535.56,9497.42,68.9
Baby Accessories,Baby,Accessories,Retail Stores,2026,Apr,3,true,17223.01,17679.64,2116.23,12126.72,15493.71,1915.51,2292.13,48587.58,34020.69,49317.61,34590.45,155.01
Women Tops,Women,Tops,Retail Stores,2025,Oct,9,true,17194.83,17275.16,2043.89,12151.75,14617.28,1988.72,2649.05,50531.23,36598.27,49911.96,32652,154.75
Baby Sleepwear,Baby,Sleepwear,Wholesale,2025,Aug,7,true,17182.27,17437.54,363.75,0,17923.85,293.02,377.6,18379.05,36701.34,19208.87,0,17.18
Baby Sleepwear,Baby,Sleepwear,Retail Stores,2024,Jan,12,true,17175.19,16706.9,1512.61,0,16301.39,1903.91,1994.86,77814.94,96248.58,77014.9,0,154.58
Women Sleepwear,Women,Sleepwear,Ecommerce,2024,Jun,5,true,17144.35,16502.32,2183.43,2143.13,21357.47,2478.76,2675.85,33155.54,54032.35,37738.52,3397.86,68.58
Baby Sleepwear,Baby,Sleepwear,Wholesale,2026,Jan,12,false,17130.23,18518.67,421.97,12103.28,,321.87,,,12580.17,18062.96,22952.02,17.13
Boys Sets,Boys,Sets,Ecommerce,2024,Feb,1,true,17090.47,17269.1,2135.26,7142.89,18529.93,2553,2580.82,47483.33,49940.86,50341.65,20112.62,68.36
Boys Sleepwear,Boys,Sleepwear,Ecommerce,2024,May,4,true,17078.18,16957.94,2555.15,4899.09,20565.86,1991.52,2252.05,41029.84,52744.12,46443.98,12837.86,68.31
Boys Bottoms,Boys,Bottoms,Wholesale,2026,Jan,12,false,17059.79,17284.09,310.11,10908.91,,305.85,,,12355.13,16499.95,21527.51,17.06
Women Tops,Women,Tops,Wholesale,2026,Sep,8,false,17029.93,17636.83,391.02,10686.52,,373.03,,,12145.62,14226.22,19500.58,17.03
Baby Accessories,Baby,Accessories,Wholesale,2026,Oct,9,false,17021.61,17037.18,332.95,12451.66,,344.91,,,10155.63,16909.17,24137.08,17.02
Baby Sets,Baby,Sets,Ecommerce,2025,Jan,12,true,16994.44,16760.36,2151.92,0,18413.29,2359.58,2242.86,74473.18,95188.38,75766.38,0,67.98
Baby Rompers,Baby,Rompers,Wholesale,2025,May,4,true,16914.04,16441.11,363.77,7177.34,17140.82,304.98,341.43,16030.6,18399.67,17650.36,16486.63,16.91
Boys Sets,Boys,Sets,Wholesale,2026,Jun,5,true,16894.1,15873.15,331.74,11919.02,17060.28,321.42,421.5,16475.02,7080.01,14071.65,24224.05,16.89
Women Tops,Women,Tops,Retail Stores,2026,Jul,6,true,16887.79,17123.14,2029.07,8184.1,16340.86,1777.07,2015.35,50043.56,46452.01,50627.5,22992.34,151.99
Women Tops,Women,Tops,Retail Stores,2024,May,4,true,16880.99,16517.47,1600.79,6352.6,17237.26,1810.61,1719.29,51906.48,49970.85,50461.93,19334.6,151.93
Boys Bottoms,Boys,Bottoms,Wholesale,2026,Apr,3,true,16861.44,17009.74,295.95,3329.73,16042.7,351.91,381.76,17486.94,27430.67,16590.46,6389.99,16.86
Baby Sets,Baby,Sets,Retail Stores,2026,Apr,3,true,16854.74,16837.75,1777.01,10967.05,16053.49,1876.85,2237.29,48992.71,36375.94,50144.33,32651.67,151.69
Girls Outerwear,Girls,Outerwear,Ecommerce,2024,May,4,true,16825.5,16352.3,1885.67,4488,17246.57,2395.98,2496.51,51108.37,49519.09,50359.3,20128.98,67.3
Women Dresses,Women,Dresses,Retail Stores,2025,Apr,3,true,16819.7,16987.24,1891.28,11165.7,16894.94,1633.69,1937.53,47118.96,33915.21,47363.38,32052.94,151.38
Girls Outerwear,Girls,Outerwear,Ecommerce,2025,Oct,9,true,16819.22,17102.41,2491.17,10193.79,16372.54,2314.96,2778.65,49362.5,39054.18,50392.68,30539.96,67.28
Women Bottoms,Women,Bottoms,Retail Stores,2025,Nov,10,true,16788.92,16584.15,1739.57,12324.5,18214.01,1972.49,2480.72,48630.55,32732.57,50360.56,36540.5,151.1
Women Bottoms,Women,Bottoms,Wholesale,2026,Feb,1,true,16777.83,17356.88,354.01,14551.26,18005,337.22,348.57,12054.26,5769.64,16005.48,27367.66,16.78
Boys Sleepwear,Boys,Sleepwear,Ecommerce,2025,Sep,8,true,16775.77,16849.04,2574.22,3817.2,20027.77,2487.75,2905.1,34504.39,43410.57,38126.94,14047,67.1
Women Tops,Women,Tops,Wholesale,2024,Mar,2,true,16766.62,16232.59,319.11,5392.16,15990.85,338.38,373.2,14590.58,19952.54,14000.22,11169.45,16.77
Baby Rompers,Baby,Rompers,Wholesale,2024,Apr,3,true,16723.44,16257.56,306.46,2287.5,15716.03,305.11,323.44,17602.02,26916,16708.22,6837.5,16.72
Women Dresses,Women,Dresses,Retail Stores,2026,Oct,9,false,16691.25,16987.24,1753.26,11431,,1716.41,,,34584.5,47306.86,31280.23,150.22
Boys Sleepwear,Boys,Sleepwear,Ecommerce,2026,Feb,1,true,16684.17,15486.93,2010.11,5049.61,17359.13,2588.7,2930.36,48155.53,54991.74,49577.54,13925.41,66.74
Baby Sleepwear,Baby,Sleepwear,Wholesale,2026,Apr,3,true,16675.9,18224.72,413.27,3306.07,14082.57,290.01,321.51,18188.96,27101.09,16422.15,6303.66,16.68
Boys Sets,Boys,Sets,Retail Stores,2026,May,4,true,16659.44,15553.52,1523.29,4226.28,15994.44,1715.12,2164.16,49623.98,49284.09,48255.08,17495.48,149.93
Girls Swim,Girls,Swim,Retail Stores,2025,Feb,1,true,16645.21,17257.88,1557.05,2629.04,16584.86,1513.84,2285.24,46676.36,58765.6,48290.55,7833.81,149.81
Women Sleepwear,Women,Sleepwear,Ecommerce,2024,Oct,9,true,16603.56,16669.01,2533.53,10679.44,17946.51,2338.55,2206.48,50181.19,35236.89,49819.05,33590.7,66.41
Boys Swim,Boys,Swim,Wholesale,2024,Oct,9,true,16601.35,16082.75,332.32,11375.01,19138.77,318.34,336.23,13969.53,10129.5,16481.07,23287.86,16.6
Baby Sets,Baby,Sets,Wholesale,2026,Jul,6,true,16592.43,16696.2,383.47,11167.68,15010.13,303.83,333.24,18080.08,13790.7,16933.46,20055.61,16.59
Women Sleepwear,Women,Sleepwear,Ecommerce,2025,Aug,7,true,16578.58,16722.35,1953.89,9077.97,15826.22,2239.58,2223.34,48152.97,48500.01,47336.7,17721.17,66.31
Baby Accessories,Baby,Accessories,Retail Stores,2024,Nov,10,true,16576.22,16038.62,1483.48,11508.92,15255.23,1945.24,2285.97,57522.89,32459.79,50188.23,36399.1,149.19
Boys Sets,Boys,Sets,Retail Stores,2026,Mar,2,true,16574.23,15125.44,1441.9,8713.58,17514.6,1855.79,2285.92,37939.1,30936.42,40247.06,27889.82,149.17
Boys Swim,Boys,Swim,Wholesale,2024,Jul,6,true,16563.46,16548.91,322.69,10984.05,18195.72,336.4,262.53,12755.63,12450.5,15916.02,20381.94,16.56
Girls Outerwear,Girls,Outerwear,Ecommerce,2026,Jul,6,true,16490.09,16951.9,2547.98,9122.18,16842.93,2058.88,2132.98,48258.4,43449.03,45660.52,20826.42,65.96
Baby Sets,Baby,Sets,Wholesale,2026,Oct,9,false,16488.62,16225.88,277.35,11928.87,,301.75,,,9725.81,15739.68,22820.71,16.49
Women Tops,Women,Tops,Retail Stores,2024,Mar,2,true,16463.85,16062.87,1481.87,8062.74,17880.51,1725.45,1866.04,37464.85,30958.31,39409.71,26788.88,148.17
Baby Sleepwear,Baby,Sleepwear,Wholesale,2026,Dec,11,false,16431.85,17636.83,350.01,4483.52,,296.79,,,21779.39,12580.17,7545.86,16.43
Women Sleepwear,Women,Sleepwear,Ecommerce,2026,Feb,1,true,16419.32,16593.13,2152.11,5335.72,15609.84,2157.31,2421.84,49837.94,56426.83,49108.29,11323.75,65.68
Baby Rompers,Baby,Rompers,Wholesale,2024,Jan,12,true,16345.97,16519.78,357.72,10918.55,18225.31,338.47,420.4,13247.38,13424.46,16581.2,19857.53,16.35
Women Dresses,Women,Dresses,Wholesale,2025,Jun,5,true,16334.75,16014.07,275.08,11668,17726.37,290.87,324.85,11708.51,6636.55,12506.17,22511.56,16.33
Girls Swim,Girls,Swim,Wholesale,2025,Nov,10,true,16309.02,16334.35,356.86,2519.77,16560.23,329.07,368.04,15133.03,25635.54,16150.43,7169.29,16.31
Boys Bottoms,Boys,Bottoms,Wholesale,2025,Aug,7,true,16282.84,16275.04,338.12,1171.33,16725.13,292.66,296.37,16330.61,32332.2,16850.6,1110.19,16.28
Baby Sets,Baby,Sets,Wholesale,2026,Jun,5,true,16280.81,15873.15,275.6,11260.17,16875.53,339.38,321.15,12291.48,6370.91,13790.7,24056.25,16.28
Women Sleepwear,Women,Sleepwear,Ecommerce,2025,Jul,6,true,16279.82,15962.25,2218.56,6358.06,15943.98,2468.45,2354.07,45791.19,43465.68,48500.01,23847.71,65.12
Boys Sleepwear,Boys,Sleepwear,Ecommerce,2024,Mar,2,true,16264.43,16491.21,2309.98,8518.07,16942.96,1964.93,2340.36,32047.47,34084.78,36595.22,20804.86,65.06
Women Dresses,Women,Dresses,Wholesale,2024,Feb,1,true,16261.8,16128.53,361.03,8277.76,14788.26,356.82,336.52,19914.31,16125.57,16948.16,17457.47,16.26
Boys Sets,Boys,Sets,Retail Stores,2024,Dec,11,true,16249.12,16547.78,1948.32,5071.27,15712.8,1929.91,2018.32,38964.62,42512.74,39001.67,14814.21,146.24
Baby Accessories,Baby,Accessories,Retail Stores,2026,May,4,true,16240.41,16331.19,1488.17,5412.63,15574.23,1495.14,1884.7,48578.71,49317.61,48590.14,17154.24,146.16
Baby Accessories,Baby,Accessories,Wholesale,2025,Feb,1,true,16233.48,16216.92,286.59,13576.93,16069.77,318.24,280.76,13281.42,5572.77,15837.58,26832.75,16.23
Girls Outerwear,Girls,Outerwear,Ecommerce,2026,Aug,7,false,16223.6,17759.14,2251.19,7506.6,,2333.76,,,45660.52,44713.64,17675.38,64.89
Boys Swim,Boys,Swim,Retail Stores,2025,Oct,9,true,16165.11,16123.48,1446.27,10260.95,16584.89,1871.81,1261.69,46791.31,34686.53,48882.13,32378.01,145.49
Boys Tops,Boys,Tops,Wholesale,2024,May,4,true,16157.69,16024.48,344.32,6788.01,14164.37,371.13,493.31,19885.62,19172.21,16428.41,13801.19,16.16
Boys Bottoms,Boys,Bottoms,Wholesale,2026,Dec,11,false,16156.06,16461.04,280.72,3849.07,,284.96,,,23849.75,12355.13,4962.55,16.16
Baby Accessories,Baby,Accessories,Wholesale,2026,Jun,5,true,16129.25,16666.8,376.45,11746.85,19078.48,360.8,339.09,9321.71,6723.6,12788.92,22571.5,16.13
Boys Sets,Boys,Sets,Wholesale,2026,Mar,2,true,16120.42,15285.25,343.65,4723.2,16445.91,367.91,356.12,12404.08,20695.42,12646.96,8456,16.12
Baby Rompers,Baby,Rompers,Wholesale,2024,Dec,11,true,16095.3,15733.12,298.17,2963.96,16159.65,313.8,307.19,13288.5,22866.2,13424.46,6983.46,16.1
Women Dresses,Women,Dresses,Wholesale,2025,Oct,9,true,16094.16,16369.94,355.35,11917.73,15990.15,308.16,349.53,16636.36,10783.9,16461.98,22096.5,16.09
Women Dresses,Women,Dresses,Retail Stores,2026,Jun,5,true,16070.96,16817.37,1512.3,2120.57,15790.26,1580.37,1738.29,37795.14,55511.15,37715.18,0,144.64
Women Bottoms,Women,Bottoms,Ecommerce,2024,Feb,1,true,16063.92,16446.76,2293.03,7513.06,14668.43,2083.44,2655.23,44670.57,43170.37,44945.08,19986.32,64.26
Women Bottoms,Women,Bottoms,Ecommerce,2025,Jan,12,true,16054.19,15962.25,1964.01,0,16889.11,2292.98,3324.01,67744.27,88017.45,69606.06,0,64.22
Women Sleepwear,Women,Sleepwear,Retail Stores,2026,Dec,11,false,16051.6,15900.05,1768.55,4391.98,,1935.42,,,44160.94,38330.44,12300.98,144.46
Women Dresses,Women,Dresses,Retail Stores,2026,Sep,8,false,15955.86,16137.88,1947.29,4550.52,,1582.88,,,42553.21,34584.5,9713.64,143.6
Women Tops,Women,Tops,Retail Stores,2025,Aug,7,true,15896.26,15202.14,1657.2,7286.67,17906.37,1745.59,2137.47,39732.33,41811.24,43358.7,19332.39,143.07
Women Tops,Women,Tops,Retail Stores,2025,Sep,8,true,15885.72,16411.4,1842.43,4081.34,15621.1,1638.52,2311.12,36829.73,43358.7,36598.27,10906.77,142.97
Baby Accessories,Baby,Accessories,Wholesale,2026,Mar,2,true,15835.07,16049.52,311.1,5204.47,16922.95,295.19,316.3,11941.89,19096.79,12973.2,10022.5,15.84
Boys Sleepwear,Boys,Sleepwear,Retail Stores,2026,Dec,11,false,15826.58,14840.05,1406.33,3107.93,,1870.73,,,42595.7,37483.95,12728,142.44
Boys Sleepwear,Boys,Sleepwear,Ecommerce,2024,Jun,5,true,15812.96,15402.17,2293.01,2608.63,15622.11,2404.1,1989.33,35748.51,46443.98,35499.85,7336.17,63.25
Girls Swim,Girls,Swim,Wholesale,2026,Aug,7,false,15798.11,15873.15,347.01,342.89,,316.99,,,31742.22,15831.59,220.26,15.8
Women Dresses,Women,Dresses,Wholesale,2025,Mar,2,true,15797.75,15420.96,287.44,4426.37,15795,330.16,333.27,12944.3,18312.82,12852.02,10682.91,15.8
Women Sleepwear,Women,Sleepwear,Ecommerce,2024,Sep,8,true,15764.93,15835.56,2233.37,4871.12,15829.05,2350.7,2335.08,35476,42818.95,35236.89,10596.63,63.06
Boys Sleepwear,Boys,Sleepwear,Ecommerce,2025,Aug,7,true,15727.73,15607.53,2056.54,6879.65,14885.56,1984.27,1701.06,44599.56,43835.59,43410.57,17349.89,62.91
Boys Swim,Boys,Swim,Retail Stores,2025,Jun,5,true,15710,15962.25,1758.43,173.56,16499.69,1729.92,1830.12,34205.63,48259.8,34971.05,4292.56,141.39
Women Dresses,Women,Dresses,Retail Stores,2025,May,4,true,15709.28,15691.6,1506.6,6072.97,15494.72,1637.12,1666.63,43178.3,47363.38,43798.53,13922.94,141.38
Baby Sets,Baby,Sets,Wholesale,2026,Mar,2,true,15699.66,15285.25,262.28,5592.81,15773.46,298.66,332.15,11694.65,18819.34,12157.29,9351.96,15.7
Baby Sets,Baby,Sets,Retail Stores,2026,May,4,true,15630.63,15553.52,1645.23,6339.77,16703.56,1809.75,1762.98,43787.83,50144.33,44623.71,12060.43,140.68
Baby Accessories,Baby,Accessories,Retail Stores,2025,Apr,3,true,15592.21,14982.74,1567.4,11265.97,15848.5,1437.36,1965.48,48346.59,33214.03,46981.47,30937.35,140.33
Women Bottoms,Women,Bottoms,Retail Stores,2024,Dec,11,true,15557.92,15759.79,1594.82,3927.4,15473.99,1838.06,2130.85,34407.66,44623.37,35122.8,8035.43,140.02
Boys Sleepwear,Boys,Sleepwear,Ecommerce,2024,Oct,9,true,15548.6,15557.74,1886.26,10111.64,17044.35,1802.66,1852.9,43372.07,33308.58,43669.78,27774.66,62.19
Baby Sets,Baby,Sets,Wholesale,2025,Feb,1,true,15500.25,15444.68,292.86,12979.35,18003,279.56,232.91,11541.3,5063.87,15911.69,26643.13,15.5
Boys Bottoms,Boys,Bottoms,Retail Stores,2024,Jan,12,true,15485.03,15593.1,1654.88,0,17314.77,1748.08,1621.95,75166.02,94232.59,76860.11,0,139.37
Women Dresses,Women,Dresses,Retail Stores,2024,Apr,3,true,15470.72,14901.09,1655.98,9984.59,13225.67,1779.02,1856.95,47293.1,32813.85,44945.81,29520.93,139.24
Baby Accessories,Baby,Accessories,Ecommerce,2024,Jan,12,true,15469.51,15437.17,2198.74,0,14265.75,1953.23,2430.37,72498.9,89264.61,71780,0,61.88
Baby Sets,Baby,Sets,Retail Stores,2024,Nov,10,true,15450.9,15274.88,1597.53,10829.59,15384.43,1613.99,1079.35,46657.02,30894.54,45927.5,32236.91,139.06
Women Bottoms,Women,Bottoms,Wholesale,2025,Feb,1,true,15444.28,14709.22,287.43,12581.19,13115.88,304.14,273.24,19142.13,5472.51,15903.92,26195.27,15.44
Boys Sets,Boys,Sets,Ecommerce,2024,Jan,12,true,15421.11,14702.07,1966.5,0,12234.49,1982.63,2330.71,73446.34,88071.36,70605.94,0,61.68
Girls Outerwear,Girls,Outerwear,Ecommerce,2024,Mar,2,true,15402.7,15902.24,2069.2,7909.89,16243.87,1944.45,2191.1,35022.96,32966.15,34849.4,19292.01,61.61
Baby Accessories,Baby,Accessories,Retail Stores,2026,Mar,2,true,15399.82,15881.71,1753.65,8789.91,16518.28,1583.41,2054.91,32938,29462.32,34020.69,21680.2,138.6
Boys Sleepwear,Boys,Sleepwear,Ecommerce,2025,Jul,6,true,15377.23,14898.1,1971.57,8381.28,18248.71,2054.91,1841.49,38971.91,43026.56,43835.59,18302.69,61.51
Girls Swim,Girls,Swim,Retail Stores,2024,Feb,1,true,15358.58,15138.49,1626.17,5431.98,14074.04,1735.47,2220.34,43896.57,43320.8,44512.48,18423.95,138.23
Baby Sleepwear,Baby,Sleepwear,Wholesale,2025,Jan,12,true,15339.77,15693.79,343.2,10414.18,16207.43,311.84,355.21,13888.56,11620.59,16066.09,20112.45,15.34
Baby Sets,Baby,Sets,Retail Stores,2026,Mar,2,true,15331.62,15125.44,1720.61,7295.43,16130.44,1800.85,2691.97,34188.73,30553.61,36375.94,23092.79,137.98
Women Bottoms,Women,Bottoms,Retail Stores,2026,Apr,3,true,15331.27,16035.95,1595.47,11505.19,14002.98,1490.5,2194.1,46686.25,32648.72,44378.09,28689.12,137.98
Women Tops,Women,Tops,Retail Stores,2024,Jun,5,true,15271.47,15002.11,1500.21,1278.71,15546.58,1534.11,1710.61,35699.7,50461.93,36093.99,2575.09,137.44
Women Bottoms,Women,Bottoms,Wholesale,2026,Jul,6,true,15249.12,15901.14,270.73,10683.62,11816.53,285.91,247.56,15234.05,12045.94,14598.68,18103.02,15.25
Boys Swim,Boys,Swim,Wholesale,2024,Jun,5,true,15248.86,15733.12,271.15,11563.7,16092.81,321.35,415.36,10865.23,5998.1,12450.5,22037.86,15.25
Boys Swim,Boys,Swim,Retail Stores,2024,May,4,true,15228.52,15416.31,1431.1,3480.48,15963.93,1733.55,1950.01,44702.44,48042.12,45864.57,14921.59,137.06
Women Tops,Women,Tops,Retail Stores,2024,Oct,9,true,15224.74,15153.65,1538.15,9307.33,14925.21,1588.41,1852.01,41116,35935.39,43715.02,24729.8,137.02
Girls Outerwear,Girls,Outerwear,Ecommerce,2024,Oct,9,true,15222.73,15002.11,1902.61,8963.49,14698.64,2073.76,2492.88,45426.26,35311.7,45407.85,27453.53,60.89
Boys Sets,Boys,Sets,Retail Stores,2026,Oct,9,false,15209.56,14269.28,1624.94,10250.27,,1768.15,,,32988.48,43451.09,27577.2,136.89
Boys Swim,Boys,Swim,Wholesale,2024,Mar,2,true,15195.59,15150.41,264.7,5090.09,15190.19,307.8,371.62,13782.16,17993.7,12611.25,10136.14,15.2
Boys Sets,Boys,Sets,Wholesale,2025,Feb,1,true,15188.05,15444.68,313.23,13354.64,14099.22,301.75,287.71,14266.41,5879.76,15061.66,24686.88,15.19
Baby Accessories,Baby,Accessories,Wholesale,2025,Jul,6,true,15151.04,14856.79,281.79,9531.75,16487.96,267.9,247.98,13410.83,11903.83,15095.21,18625.47,15.15
Baby Sleepwear,Baby,Sleepwear,Wholesale,2024,Aug,7,true,15130.33,15296.09,350.88,560.03,14390.17,314.16,408.32,17663.33,32478.48,17018.87,0,15.13
Baby Sleepwear,Baby,Sleepwear,Wholesale,2025,Apr,3,true,15129.96,15444.68,304.97,2438.57,13642.26,306.26,288.08,16794.52,26229.59,15085.3,4307.06,15.13
Boys Sleepwear,Boys,Sleepwear,Ecommerce,2024,Sep,8,true,15125.35,14779.86,2213.36,4809.77,16297.67,2058.39,2684.5,31187.09,39690.11,33308.58,10862.72,60.5
Boys Swim,Boys,Swim,Retail Stores,2026,Feb,1,true,15115.11,14079.02,1321.66,3117.76,14696.9,1795.8,1592.4,47157.62,43629.94,43343.59,16760.59,136.04
Boys Swim,Boys,Swim,Retail Stores,2024,Mar,2,true,15098.1,14992.01,1789.05,6616.77,15135.02,1650.95,2013.56,34567.96,29740.23,33740.42,20885.12,135.88
Girls Outerwear,Girls,Outerwear,Ecommerce,2024,Jun,5,true,15074.96,14852.09,2235.62,1628.79,16313.24,2328.36,2762.01,31731.89,50359.3,33427.02,531.35,60.3
Boys Bottoms,Boys,Bottoms,Wholesale,2025,Jan,12,true,15029.51,14647.54,253.76,9298.23,13619.78,282.18,318.34,14798.54,10963.15,14409.01,18772.57,15.03
Women Tops,Women,Tops,Retail Stores,2026,Feb,1,true,15014.69,15084.67,1680.77,3321.68,15443.99,1796.73,1779.67,41137.5,51796.15,41037.38,6187.78,135.13
Women Dresses,Women,Dresses,Retail Stores,2025,Mar,2,true,15009.32,15259.72,1791.1,7855.88,16049.15,1364.51,1174.24,32104.34,29669.67,33915.21,20754.46,135.08
Baby Sleepwear,Baby,Sleepwear,Wholesale,2025,Dec,11,true,14988.77,14946.47,274.5,2420.82,14921.43,305.25,319.36,11742.72,20822.14,11620.59,6107.46,14.99
Women Dresses,Women,Dresses,Wholesale,2024,Jul,6,true,14987.29,14775.82,326.04,9758.02,13527.5,267.6,301.28,15132.15,10877.65,14751.61,19143.83,14.99
Women Bottoms,Women,Bottoms,Retail Stores,2024,Nov,10,true,14952.76,14547.5,1464.73,9716.71,15225.24,1593.7,1660.45,43429.01,30389.48,44623.37,30914.92,134.57
Boys Bottoms,Boys,Bottoms,Wholesale,2026,May,4,true,14944.38,15089.29,303.64,6694.13,14587.09,318.09,352.29,15117.17,16590.46,15786.6,14473.56,14.94
Women Dresses,Women,Dresses,Retail Stores,2026,Aug,7,false,14941.58,14948.77,1396.85,6041.77,,1531.02,,,41985.85,42553.21,17174.43,134.47
Girls Outerwear,Girls,Outerwear,Ecommerce,2025,Aug,7,true,14928.64,15050.12,1795.06,6964.43,12220.3,1784.76,2066.88,45778.23,41700.42,43176.9,18249.59,59.71
Women Tops,Women,Tops,Wholesale,2025,Sep,8,true,14922.5,14946.47,273.09,9019.62,14175.53,332.82,326.87,15061.19,10262.08,12592.71,17600.86,14.92
Boys Swim,Boys,Swim,Retail Stores,2025,Sep,8,true,14872.46,15317.31,1470.52,4234.6,16039.19,1535.06,1729.67,31167.8,38260.73,34686.53,12967.17,133.85
Boys Sets,Boys,Sets,Retail Stores,2026,Jun,5,true,14862.11,14126.59,1517.6,1637.17,17297.66,1351.01,1703.43,29842.52,48255.08,32586.7,678.5,133.76
Boys Sets,Boys,Sets,Retail Stores,2024,Nov,10,true,14791.27,15274.88,1507.6,10317.41,14275.86,1390.13,1532.55,41176.01,30665.33,42512.74,28161.93,133.12
Women Tops,Women,Tops,Retail Stores,2024,Sep,8,true,14771.39,14395.96,1395.38,3807.14,16562.65,1453.23,1343.75,34502.12,41037.76,35935.39,11255.2,132.94
Baby Sleepwear,Baby,Sleepwear,Wholesale,2026,May,4,true,14769.09,16167.09,310.71,7946.06,14104.22,337.73,338.01,16752.96,16422.15,15649.87,14349.31,14.77
Girls Swim,Girls,Swim,Retail Stores,2025,Jan,12,true,14763.87,14692.52,1464.47,0,15650.58,1371.79,1508.64,67678.24,84980.96,68712.43,0,132.87
Women Sleepwear,Women,Sleepwear,Ecommerce,2024,Aug,7,true,14754.83,14668.73,1806.7,6280.1,14742.2,2089.41,2594.04,43021.44,41321.46,42818.95,18400.75,59.02
Women Bottoms,Women,Bottoms,Wholesale,2026,Oct,9,false,14708.21,15453.22,283.08,10917.39,,274,,,8699.86,14307.86,20604.93,14.71
Women Bottoms,Women,Bottoms,Wholesale,2026,Jun,5,true,14704.92,15117.28,313.9,11386.38,14240.95,314.03,339.88,13117.35,5694.28,12045.94,21385.32,14.7
Baby Sets,Baby,Sets,Ecommerce,2024,Jan,12,true,14694.4,14702.07,1897.93,0,15333.74,1858.61,2122.91,60745.82,78266.23,61654.43,0,58.78
Women Tops,Women,Tops,Retail Stores,2025,Jul,6,true,14682.35,14511.13,1470.53,5944.11,13580.89,1617.71,1997.72,41900.16,42502.29,41811.24,15741.15,132.14
Girls Outerwear,Girls,Outerwear,Ecommerce,2024,Sep,8,true,14671.91,14252,2132.45,4900.37,16295.33,2061.62,2558.62,33503.43,39055.59,35311.7,13048.33,58.69
Boys Bottoms,Boys,Bottoms,Wholesale,2025,Apr,3,true,14668.14,14415.04,292.26,1861.77,14389,303.61,343.67,14010.62,23939.71,13946.34,4993.05,14.67
Baby Accessories,Baby,Accessories,Wholesale,2025,Oct,9,true,14595.92,14438.29,269.08,10899.43,14671.48,277.29,351.09,13371.33,8347.28,14560.16,21100.68,14.6
Women Dresses,Women,Dresses,Retail Stores,2025,Jun,5,true,14510.28,14252,1703.3,334.59,15958.65,1559.7,1594.32,31205.63,43798.53,33244.05,5646.09,130.59
Women Sleepwear,Women,Sleepwear,Retail Stores,2026,Nov,10,false,14495.95,14676.97,1715.47,11229.42,,1498.56,,,28110.03,44160.94,32175.9,130.46
Boys Bottoms,Boys,Bottoms,Wholesale,2024,Aug,7,true,14488.75,14276.35,266.87,0,17012.68,305.85,304.81,12543.46,28399.71,15091.7,1501.08,14.49
Girls Swim,Girls,Swim,Wholesale,2024,Nov,10,true,14482.12,14328.38,297.8,3102.59,15089.11,263.07,326.83,12927.79,23968.87,13744.43,4535.23,14.48
Baby Accessories,Baby,Accessories,Retail Stores,2026,Oct,9,false,14450.81,14982.74,1367.51,9679.87,,1359.22,,,33025.24,43339.6,26254.45,130.06
Women Dresses,Women,Dresses,Wholesale,2024,Oct,9,true,14440.04,14359.6,279.53,10465.16,15933.54,258.22,242.93,13724.61,8893.3,14268.98,20088.37,14.44
Boys Sets,Boys,Sets,Retail Stores,2025,Apr,3,true,14431.68,14269.28,1523.64,9804.81,15167.39,1405.34,1734.92,37252.42,29171.47,40661.2,27456.63,129.89
Baby Accessories,Baby,Accessories,Retail Stores,2026,Jun,5,true,14409.53,14832.92,1500.84,1222.88,14384.74,1289.78,1256.25,34326.12,48590.14,34338.7,1577.55,129.69
Baby Sets,Baby,Sets,Retail Stores,2026,Oct,9,false,14387.53,14269.28,1715.79,8072.3,,1709.36,,,32717.76,41667.58,25176.2,129.49
Baby Accessories,Baby,Accessories,Wholesale,2024,Feb,1,true,14342.28,14225.36,255.88,7793.94,14872.42,271.27,317.06,12200.99,14737.41,15053.69,14944.17,14.34
Girls Swim,Girls,Swim,Wholesale,2026,Jan,12,false,14326.67,14285.83,291.18,10055.25,,279.89,,,10887.66,14464.74,18197.97,14.33
Boys Sets,Boys,Sets,Retail Stores,2026,Sep,8,false,14322.55,13555.82,1594.32,3423.32,,1379.92,,,37746.14,32988.48,11073.71,128.9
Women Dresses,Women,Dresses,Wholesale,2026,Sep,8,false,14290.9,14697.36,263.21,8312.85,,255.33,,,9301.47,12032.38,17291.43,14.29
Boys Sleepwear,Boys,Sleepwear,Ecommerce,2026,Jan,12,false,14285.44,13184.81,1630.95,0,,2052.39,,,83262.28,66867.3,0,57.14
Boys Swim,Boys,Swim,Wholesale,2025,Sep,8,true,14273.17,13950.03,251.41,8800.41,15768.51,300.31,310.09,10433.4,9472.49,10910.78,16026.05,14.27
Women Bottoms,Women,Bottoms,Retail Stores,2025,Apr,3,true,14259.91,13589.79,1436.5,10202.75,11862.93,1435.46,1758.85,43704.75,26197.5,41777.05,31403.27,128.34
Baby Accessories,Baby,Accessories,Retail Stores,2025,May,4,true,14246.39,13839.99,1440.29,3197.04,13490.01,1673.35,1743.87,39760.1,46981.47,38833.35,7899.82,128.22
Women Bottoms,Women,Bottoms,Wholesale,2025,Jul,6,true,14241.63,13475.54,264.02,8746.37,16299.15,258.53,284.12,10972.68,10182.27,13564.3,17896.44,14.24
Baby Rompers,Baby,Rompers,Wholesale,2024,May,4,true,14204.35,14422.03,329.65,6784.56,14341.49,266.26,310.09,13817.79,16708.22,14720.13,12496.72,14.2
Baby Accessories,Baby,Accessories,Wholesale,2025,Jun,5,true,14172.01,14124.41,280.32,10164.61,14738.48,312.25,364.64,10264.56,5782.6,11903.83,20619.66,14.17
Boys Swim,Boys,Swim,Retail Stores,2024,Jun,5,true,14160.97,14001.97,1543.34,1652.18,13934.29,1621.95,2110.23,33886.44,45864.57,34109.13,4154.92,127.45
Baby Sets,Baby,Sets,Wholesale,2025,Jul,6,true,14154.53,14149.32,251.74,9368.22,15334.68,291.82,365.82,15106.06,11082.44,14530.07,17908.13,14.15
Women Sleepwear,Women,Sleepwear,Ecommerce,2024,Jul,6,true,14146.89,14001.97,2069.5,7575.77,13208.97,1801.73,2337.05,42578.64,37738.52,41321.46,19588.15,56.59
Baby Sets,Baby,Sets,Retail Stores,2026,Jun,5,true,14144.65,14126.59,1287.56,1415.3,13767.19,1319.98,1190.48,34776.5,44623.71,34408.95,5377.17,127.3
Women Dresses,Women,Dresses,Wholesale,2024,Jun,5,true,14144.22,14047.43,252.4,10017.51,16590.24,269.9,402.99,7322.81,5720.91,10877.65,19585.01,14.14
Women Bottoms,Women,Bottoms,Wholesale,2026,Mar,2,true,14137.58,14557.38,279.9,5208.66,12371.34,255.32,330.7,12521.01,16005.48,11388.11,9789.67,14.14
Girls Swim,Girls,Swim,Wholesale,2026,Apr,3,true,14137.28,14059.07,239.63,3354.02,16000.85,312.16,395.98,11716.64,24206.04,13324.31,3581.85,14.14
Boys Bottoms,Boys,Bottoms,Wholesale,2025,Dec,11,true,14128.38,13950.03,300.38,2554.56,13755.57,252.78,312.43,11216.43,19228.85,10963.15,6129.58,14.13
Boys Sleepwear,Boys,Sleepwear,Retail Stores,2026,Nov,10,false,14117.74,13698.51,1475.31,10404.89,,1479.02,,,27407.4,42595.7,30912.12,127.06
Women Bottoms,Women,Bottoms,Retail Stores,2026,May,4,true,14104.82,14812.87,1360.29,4087.42,11281.85,1264.12,1261.44,44714.7,44378.09,41051.43,12169.23,126.94
Boys Sets,Boys,Sets,Wholesale,2025,Jul,6,true,14097.5,14149.32,316.64,9342.25,14485.85,250.03,227.44,14145.48,10946.25,13792.54,17207.92,14.1
Boys Sets,Boys,Sets,Wholesale,2024,Feb,1,true,14066.8,13547.97,287.9,7056.29,14138.54,316.81,374.59,12855.07,14326.37,14546.86,14618.17,14.07
Women Dresses,Women,Dresses,Retail Stores,2025,Sep,8,true,14055.65,13676.17,1221.11,3339.41,13790.44,1555.76,1481.91,35490.71,37258.92,33562.15,12041.15,126.5
Baby Accessories,Baby,Accessories,Retail Stores,2026,Sep,8,false,14042.53,14233.61,1353.98,3158.94,,1622.61,,,36882.69,33025.24,11934.07,126.38
Women Bottoms,Women,Bottoms,Ecommerce,2024,Jan,12,true,14022.24,14001.97,1887.6,0,13401.26,1860.93,2196.07,68376.57,84033.56,68094.3,0,56.09
Boys Swim,Boys,Swim,Retail Stores,2025,Aug,7,true,13977.07,14188.66,1488.71,7029.1,13650.52,1299.27,958.57,36540.49,38297.24,38260.73,15365.62,125.79
Women Dresses,Women,Dresses,Retail Stores,2025,Oct,9,true,13971.52,14395.96,1376.09,8807.7,14492.12,1605.72,1829.71,38706.79,33562.15,38739.2,20880.03,125.74
Baby Sets,Baby,Sets,Retail Stores,2025,Apr,3,true,13923.27,14269.28,1388.06,9952.22,12260.99,1556.39,1054.12,38177.69,29445.8,37780.4,23939.57,125.31
Boys Sets,Boys,Sets,Wholesale,2025,Jun,5,true,13886.47,13451.82,234.32,9886.32,14367.05,289.46,363.79,8038.98,5336.42,10946.25,19799.64,13.89
Girls Outerwear,Girls,Outerwear,Ecommerce,2025,Jul,6,true,13866.39,14366.02,1998.25,6146.95,13333.47,1841.62,1906.99,42536.67,41535.56,41700.42,15928.33,55.47
Women Sleepwear,Women,Sleepwear,Ecommerce,2025,Feb,1,true,13853.61,14061.98,1857.12,1677.3,14556.31,1776.51,2085.57,39749.7,44070.12,41207.11,12822.54,55.41
Women Sleepwear,Women,Sleepwear,Ecommerce,2026,Jan,12,false,13831.79,14126.59,2098.67,0,,1795.8,,,79506.08,63823.16,0,55.33
Women Dresses,Women,Dresses,Retail Stores,2024,May,4,true,13816.53,13764.56,1270.5,5635.88,13142.03,1585.31,1788.11,41518.06,44945.81,40713.34,11293.72,124.35
Baby Sleepwear,Baby,Sleepwear,Wholesale,2025,May,4,true,13793.65,13700.93,299.46,6044,13361.34,287.47,342.99,14529.13,15085.3,14015.02,13024.64,13.79
Boys Swim,Boys,Swim,Wholesale,2026,Nov,10,false,13790.59,13325.6,247.54,2657.72,,305.12,,,22598.69,13814.4,5325.2,13.79
Women Dresses,Women,Dresses,Retail Stores,2026,Jul,6,true,13789.38,14269.28,1389.2,6925.35,16005.32,1657.7,1961.46,38810.83,37715.18,41985.85,19841.85,124.1
Women Tops,Women,Tops,Wholesale,2026,Nov,10,false,13778.97,14277.43,270.54,2855.26,,244.67,,,23539.16,13594.66,4092.92,13.78
Boys Sleepwear,Boys,Sleepwear,Ecommerce,2024,Aug,7,true,13749.29,13690.81,1849.27,6106.68,16523.14,1989.98,2255.65,36537.1,37818.98,39690.11,17665.41,55
Baby Sets,Baby,Sets,Wholesale,2025,Oct,9,true,13745.38,13750.75,272.36,10186.59,15013.38,266.62,253.62,13774.9,7851.29,14138.71,20313.16,13.75
Women Bottoms,Women,Bottoms,Retail Stores,2026,Mar,2,true,13720.47,14405.18,1560.81,7644.13,13262.34,1313.81,1574.14,32543.64,26774.46,32648.72,21032.02,123.48
Boys Swim,Boys,Swim,Retail Stores,2025,Jul,6,true,13717.77,13543.72,1500.07,6327.49,13073.87,1477.93,1583.03,37107.1,34971.05,38297.24,18645.36,123.46
Women Sleepwear,Women,Sleepwear,Retail Stores,2025,Dec,11,true,13713.24,13474.62,1290.96,3497.94,13831.08,1277.84,1405.27,31148.76,34278,31859.46,12695.96,123.42
Girls Outerwear,Girls,Outerwear,Ecommerce,2026,Feb,1,true,13691.87,14933.82,1969.9,5175.69,12606.54,1669.69,1580.59,38965.24,53212.88,37796.54,0,54.77
Baby Sets,Baby,Sets,Wholesale,2024,Feb,1,true,13690.55,13547.97,269.25,7284.02,14217.03,306.67,299,14270.56,14464.97,14199.02,13744.96,13.69
Boys Swim,Boys,Swim,Retail Stores,2024,Oct,9,true,13689.17,14143.4,1401.86,9588.2,15419.97,1487.17,1682.91,35896.36,32432,41294.24,24161.78,123.2
Baby Accessories,Baby,Accessories,Retail Stores,2025,Mar,2,true,13645.2,13459.07,1452.12,6423.52,16028.23,1280.28,1086.54,32097.85,27215.6,33214.03,21046.71,122.81
Boys Sets,Boys,Sets,Wholesale,2025,Oct,9,true,13643.94,13750.75,290.07,10092.51,14787.5,285.89,301.79,12514.72,8433.73,13955.72,19465.47,13.64
Girls Outerwear,Girls,Outerwear,Ecommerce,2024,Aug,7,true,13637.38,13201.86,1762.58,5923.63,13614.43,1809.92,2437.4,37907.02,34782.39,39055.59,19775.06,54.55
Women Tops,Women,Tops,Retail Stores,2024,Aug,7,true,13582.98,13335.21,1443.06,5802.27,14339.43,1502.21,1869.76,41123.47,39906.35,41037.76,16338.84,122.25
Girls Swim,Girls,Swim,Wholesale,2026,Dec,11,false,13560.7,13605.55,268.41,2909.49,,286.06,,,19226.84,10887.66,5521.14,13.56
Baby Accessories,Baby,Accessories,Wholesale,2024,Jul,6,true,13550.06,13032.27,290.19,8304.41,13788.52,292.45,248.92,12035.21,9987.19,14040.11,17908.98,13.55
Boys Sets,Boys,Sets,Retail Stores,2025,May,4,true,13544.96,13180.94,1548.02,3639.26,13738.71,1406.77,1344.48,36767.17,40661.2,37200.74,11613.17,121.9
Baby Sleepwear,Baby,Sleepwear,Wholesale,2024,Jan,12,true,13542.4,13766.48,257.2,9307.63,12919.91,293.32,289.74,13959.94,11108.73,12913.7,15654.23,13.54
Baby Sets,Baby,Sets,Wholesale,2025,Jun,5,true,13518.75,13451.82,270.79,9594.31,13937.13,237.04,256.23,9354.16,5564.78,11082.44,19286.98,13.52
Baby Sets,Baby,Sets,Retail Stores,2026,Sep,8,false,13516.37,13555.82,1383,5005.37,,1546.27,,,36656.66,32717.76,11245.38,121.65
Women Dresses,Women,Dresses,Wholesale,2024,Mar,2,true,13513.59,13527.16,234.46,3646.65,14096.59,244.99,228.84,10241.44,16948.16,10806.67,7630.62,13.51
Women Dresses,Women,Dresses,Retail Stores,2024,Mar,2,true,13478.46,13385.72,1474.2,7021.7,11661.69,1518.42,1135.64,35781.22,25815.18,32813.85,22116.86,121.31
Baby Accessories,Baby,Accessories,Retail Stores,2024,Apr,3,true,13459.57,13142.76,1184.39,8620.36,12904.15,1500.95,1752.6,35886.85,26167.04,37367.05,26281.67,121.14
Baby Accessories,Baby,Accessories,Wholesale,2025,Mar,2,true,13440.9,13601.28,298.19,5161.23,12002.07,248.55,210.16,11662.76,15837.58,11249.73,9115.04,13.44
Boys Sleepwear,Boys,Sleepwear,Ecommerce,2025,Feb,1,true,13437.27,13124.51,1742.53,2477.43,13328.58,1566.78,1466.61,39493.16,41205.58,38900.5,12752.71,53.75
Boys Swim,Boys,Swim,Retail Stores,2024,Sep,8,true,13419.8,13436.23,1405.52,4333.86,12959.44,1289.33,1403.53,32406.97,34666.53,32432,12595.38,120.78
Baby Sleepwear,Baby,Sleepwear,Wholesale,2024,Apr,3,true,13397.02,13547.97,308.6,2016.03,12795.53,239.56,239.66,14172.29,23988.28,13753.99,3415.69,13.4
Girls Swim,Girls,Swim,Wholesale,2025,Aug,7,true,13392.57,13451.82,247.79,0,12980.78,237.38,325.6,14064.78,26880.56,13703.94,466.72,13.39
Boys Bottoms,Boys,Bottoms,Wholesale,2024,Apr,3,true,13339.37,12644.77,287.97,2312.15,13473.45,239.63,221.26,13370.71,21582.65,13518,5527.69,13.34
Women Bottoms,Women,Bottoms,Wholesale,2024,Feb,1,true,13332.9,12902.83,269.89,7116.32,14368.34,231.01,264,12828.56,14421.61,14039.4,13195.04,13.33
Boys Sets,Boys,Sets,Wholesale,2026,Sep,8,false,13288.27,12345.78,246.65,7749.41,,253.25,,,8964.08,10390.94,14981.67,13.29
Baby Sets,Baby,Sets,Retail Stores,2025,Mar,2,true,13276.87,12818.17,1313.34,6474.66,13911.72,1537.46,2002.96,26968.46,23931.36,29445.8,20448.25,119.49
Girls Outerwear,Girls,Outerwear,Ecommerce,2025,Feb,1,true,13222.81,12655.78,1763.52,3232.19,13599.87,2039.94,2931.43,37687.01,42624.39,39476.24,12167.49,52.89
Baby Sets,Baby,Sets,Retail Stores,2025,May,4,true,13221.77,13180.94,1288.71,5170.13,13346.01,1339.53,2005.55,37278.2,37780.4,38884.91,15784.81,119
Baby Sleepwear,Baby,Sleepwear,Wholesale,2024,Dec,11,true,13200.25,13110.94,240.63,2204.36,12545.29,291.88,321.5,12539.27,18808.55,11108.73,5805.51,13.2
Women Bottoms,Women,Bottoms,Retail Stores,2026,Jun,5,true,13193.6,13453.89,1581.78,582.52,15033.56,1196.38,1492.63,28303.15,41051.43,30800.96,4258.25,118.74
Girls Outerwear,Girls,Outerwear,Retail Stores,2026,Dec,11,false,13187.5,14310.05,1419.43,3716.74,,1406.42,,,34480.41,31216.02,11448.22,118.69
Boys Sleepwear,Boys,Sleepwear,Ecommerce,2024,Jul,6,true,13178.67,13068.5,1607.86,5747.23,15058.78,1605.95,1839.47,36758.92,35499.85,37818.98,17156.47,52.71
Women Tops,Women,Tops,Retail Stores,2024,Jul,6,true,13171.18,12729.06,1309.88,5777.46,13275.26,1494.34,1615.5,40255.48,36093.99,39906.35,18596.42,118.54
Baby Sets,Baby,Sets,Retail Stores,2024,Apr,3,true,13169.88,12516.91,1178.5,8606.14,13179.18,1585.73,1822.48,36963.46,26585.14,38105.35,26394.34,118.53
Women Tops,Women,Tops,Wholesale,2024,Sep,8,true,13102.6,13110.94,296.45,7636.44,15881.2,277.47,279.25,9547.9,8817.53,10278.26,14853.9,13.1
Baby Accessories,Baby,Accessories,Retail Stores,2026,Aug,7,false,13073,13184.81,1579.44,5472.03,,1308.67,,,33574.13,36882.69,17807.88,117.66
Boys Sets,Boys,Sets,Retail Stores,2026,Aug,7,false,13058.14,12556.97,1217.36,5749.36,,1428.71,,,37136.96,37746.14,15213.55,117.52
Boys Sets,Boys,Sets,Retail Stores,2025,Mar,2,true,13056.2,12818.17,1179.66,6856.38,11422.81,1484.47,1597.32,28791.78,27802.19,29171.47,16027.46,117.51
Boys Bottoms,Boys,Bottoms,Wholesale,2025,May,4,true,13012.57,12787.53,284.2,5882.83,12031.75,247.68,267.57,13270.68,13946.34,12803.64,12130.56,13.01
Baby Accessories,Baby,Accessories,Retail Stores,2025,Oct,9,true,13011.6,12697.24,1463.71,7593.75,12976.44,1288.51,1236.77,38590.89,27929.48,39501.55,25989.29,117.1
Women Bottoms,Women,Bottoms,Wholesale,2025,Jun,5,true,12999.92,12811.26,221.76,9419.53,11859.45,228.74,260.5,11070.71,5511.43,10182.27,17912.49,13
Baby Accessories,Baby,Accessories,Wholesale,2024,Oct,9,true,12984.42,12665.16,247.84,9613.29,14084.84,237.01,239.12,13411.1,8431.09,13723.26,18526.59,12.98
Women Dresses,Women,Dresses,Retail Stores,2025,Aug,7,true,12979.1,12668.45,1425.63,6370.34,11737.27,1555.81,1871.36,37849.2,35743.79,37258.92,16166.85,116.81
Baby Sets,Baby,Sets,Wholesale,2025,Mar,2,true,12966.6,12953.6,281.69,4452.5,12669.73,257,301.43,10345,15911.69,10179.52,7504.4,12.97
Boys Sets,Boys,Sets,Retail Stores,2026,Jul,6,true,12945.75,11986.2,1175.04,4774.82,14775.34,1185.56,1472.3,35812.74,32586.7,37136.96,18798.08,116.51
Women Tops,Women,Tops,Retail Stores,2026,Jan,12,false,12933.79,12842.35,1218.36,0,,1191.22,,,70639.46,56398.05,0,116.4
Boys Sleepwear,Boys,Sleepwear,Wholesale,2026,Feb,1,true,12894.95,12149.82,251.05,10264.86,13354.4,287.8,324.03,12122.38,4268.27,13336.72,22264.09,12.89
Women Dresses,Women,Dresses,Retail Stores,2024,Oct,9,true,12867.64,12628.04,1213.7,8691.63,11771.44,1231.68,917.63,40178.68,26972.53,38830.9,26073.5,115.81
Women Bottoms,Women,Bottoms,Retail Stores,2026,Oct,9,false,12866.95,13589.79,1256.33,8644.31,,1458.72,,,29143.67,36777.63,22075.42,115.8
Women Dresses,Women,Dresses,Wholesale,2025,Sep,8,true,12857.39,12455.39,268.43,6904.05,14475.39,247.57,254.42,7886.59,8738.7,10783.9,15163.01,12.86
Women Tops,Women,Tops,Retail Stores,2025,Feb,1,true,12854.86,12783.62,1192.98,1744.19,11121.85,1471.99,1437.47,38045.94,44105.92,36866.35,7202.98,115.69
Women Bottoms,Women,Bottoms,Wholesale,2025,Oct,9,true,12854.42,13095.95,268.24,9894.98,13675.68,222.73,279.65,10264.45,7698.02,13262.55,18654.53,12.85
Boys Sets,Boys,Sets,Wholesale,2025,Mar,2,true,12838.12,12953.6,241.57,4169.42,11967.13,277.66,287.56,10299.46,15061.66,9829.88,7896.83,12.84
Girls Swim,Girls,Swim,Retail Stores,2024,Jan,12,true,12832.24,12888.18,1154.04,0,10828.33,1333.97,1371.11,60717.45,73047.3,58765.6,0,115.49
Boys Sleepwear,Boys,Sleepwear,Retail Stores,2025,Dec,11,true,12826.65,12576.31,1504.12,3350.66,14128.03,1548.18,1926.26,27543.96,32338.04,29413.11,11565.34,115.44
Boys Bottoms,Boys,Bottoms,Wholesale,2024,Jan,12,true,12816.33,12848.72,236.12,8381.72,13024.87,226.88,212.81,12459.06,9663.29,12303.49,15696.23,12.82
Baby Accessories,Baby,Accessories,Retail Stores,2025,Jun,5,true,12749.21,12570.27,1273.56,1610.82,12056.75,1388.32,1582.73,31505.48,38833.35,31053.3,6472.24,114.74
Boys Sets,Boys,Sets,Retail Stores,2024,Apr,3,true,12733.13,12516.91,1325.55,8679.59,12141.9,1486.62,1996.94,33484.28,25037.29,36628.68,25925.74,114.6
Women Sleepwear,Women,Sleepwear,Wholesale,2026,Feb,1,true,12717.95,13017.66,292.29,11601.57,13111.52,262.78,296.1,11036.8,4701.5,12717.91,21009.85,12.72
Women Dresses,Women,Dresses,Retail Stores,2024,Jun,5,true,12684.88,12501.76,1424.15,96.58,12401.71,1512.94,1715.61,28775.98,40713.34,28747.76,2346.39,114.16
Women Sleepwear,Women,Sleepwear,Ecommerce,2024,Feb,1,true,12680.49,12335.07,1881.26,5234.9,13598.4,1475.23,1656.5,36249.66,37650.61,36678.21,13234.04,50.72
Boys Swim,Boys,Swim,Retail Stores,2026,Jan,12,false,12624.21,11986.2,1238.72,0,,1518.83,,,69996.19,55739.54,0,113.62
Baby Sets,Baby,Sets,Retail Stores,2026,Aug,7,false,12621.93,12556.97,1390.43,4470.26,,1327.48,,,33198.88,36656.66,17520.78,113.6
Women Sleepwear,Women,Sleepwear,Retail Stores,2025,Nov,10,true,12579.21,12438.11,1117.81,9221.81,11482.68,1331.27,1754.32,32453.87,24060.5,34278,24241.19,113.21
Boys Sets,Boys,Sets,Wholesale,2024,Jul,6,true,12576.62,12411.69,277.83,8348.45,15097.78,235.38,253.16,9746.7,9617.56,13186.1,16393.12,12.58
Boys Swim,Boys,Swim,Retail Stores,2024,Aug,7,true,12561.3,12446.2,1383.09,4691.7,11399.44,1132.15,1208.68,35788.49,33478.6,34666.53,14994.43,113.05
Baby Accessories,Baby,Accessories,Wholesale,2026,Sep,8,false,12531.05,12963.07,272.27,7814.19,,277.04,,,8422.2,10155.63,14554.06,12.53
Women Bottoms,Women,Bottoms,Retail Stores,2025,May,4,true,12518.17,12553.28,1242.08,2585.18,12146.88,1496.6,1716.11,38076.95,41777.05,36957.61,9307.99,112.66
Women Dresses,Women,Dresses,Retail Stores,2026,Feb,1,true,12473.64,12570.56,1322.07,3503.92,13652.24,1382.99,1267.7,36100.02,42927.75,36973.5,8014.65,112.26
Boys Swim,Boys,Swim,Wholesale,2024,Sep,8,true,12463.48,12236.87,240.57,7319.45,13958.99,245.21,196.75,8108.23,8026.27,10129.5,14824.38,12.46
Boys Sets,Boys,Sets,Retail Stores,2025,Jun,5,true,12462.76,11971.68,1404.91,1837.91,14811.83,1476.36,1514.54,26223.09,37200.74,28527.08,5377.62,112.16
Boys Bottoms,Boys,Bottoms,Wholesale,2024,Dec,11,true,12445.3,12236.87,267.44,2972.48,12481.29,258.3,256.01,9543.22,17325.6,9663.29,5053.73,12.45
Girls Outerwear,Girls,Outerwear,Retail Stores,2026,Nov,10,false,12434.64,13209.28,1550.4,9709.83,,1483.34,,,23489.72,34480.41,25020.58,111.91
Girls Swim,Girls,Swim,Wholesale,2026,May,4,true,12410.69,12471.76,268.51,5334.82,12774.72,257.25,318.67,11394.23,13324.31,11699.43,11055.46,12.41
Baby Sets,Baby,Sets,Wholesale,2024,Jul,6,true,12374.8,12411.69,249.35,7838.05,12312.96,231.52,206.73,11882.73,9912.77,12583.28,15289.21,12.37
Baby Accessories,Baby,Accessories,Retail Stores,2026,Jul,6,true,12356.9,12585.5,1450.88,6137.49,13279.25,1417.98,1369.69,33771.26,34338.7,33574.13,13121.51,111.21
Baby Accessories,Baby,Accessories,Wholesale,2024,Jun,5,true,12330.47,12389.83,279.44,9223.8,13101.34,225.33,288.44,9199.49,4948.48,9987.19,17606.84,12.33
Baby Sets,Baby,Sets,Wholesale,2026,Sep,8,false,12318.25,12345.78,255.38,7670.2,,220.01,,,8374.66,9725.81,13901.73,12.32
Baby Sets,Baby,Sets,Retail Stores,2025,Oct,9,true,12216.95,12092.61,1441.25,7927.4,11011.76,1393.42,1385.57,36936.33,26374.14,35712.68,23058.86,109.95
Boys Sets,Boys,Sets,Retail Stores,2024,May,4,true,12176.8,11562.23,1100.96,3058.21,11787.01,1461.91,1385.49,34989.71,36628.68,34549.82,11669.44,109.59
Baby Accessories,Baby,Accessories,Retail Stores,2024,May,4,true,12174.16,12140.34,1157.74,4440.7,11638.12,1292.79,1533.09,34564.27,37367.05,33798.18,10007.64,109.57
Baby Accessories,Baby,Accessories,Retail Stores,2025,Sep,8,true,12170.47,12062.38,1148.97,4049.02,11326.88,1423.04,1368.18,28783.52,33226.44,27929.48,8406.09,109.53
Women Bottoms,Women,Bottoms,Retail Stores,2026,Sep,8,false,12157.1,12910.3,1450.06,4495.86,,1202.39,,,31494.7,29143.67,11117.87,109.41
Women Sleepwear,Women,Sleepwear,Ecommerce,2025,Jan,12,true,12150.03,11971.68,1471.4,0,11945.52,1594.17,1753.54,56473.42,70219.63,56426.83,0,48.6
Girls Outerwear,Girls,Outerwear,Ecommerce,2024,Jul,6,true,12145.25,12601.77,1761.92,6287.62,14077.75,1414.93,1512.94,33571.59,33427.02,34782.39,14964.13,48.58
Boys Swim,Boys,Swim,Retail Stores,2024,Jul,6,true,12131.29,11880.46,1276.54,5878.98,12600.7,1410.28,1589.91,31864.91,34109.13,33478.6,13020.23,109.18
Baby Sleepwear,Baby,Sleepwear,Wholesale,2024,May,4,true,12129.35,12018.36,246.06,6130.99,12430.71,268.03,277.69,10617.33,13753.99,11785.49,10441.01,12.13
Girls Swim,Girls,Swim,Wholesale,2025,Jan,12,true,12110.77,12106.64,247.36,7916.23,11705.59,233.43,255.29,13206.79,8938.4,11975.56,15393.47,12.11
Baby Sets,Baby,Sets,Retail Stores,2025,Jun,5,true,12085.61,11971.68,1364.48,437.1,11592.71,1313.45,1411.25,26559.19,38884.91,26208,830.92,108.77
Women Tops,Women,Tops,Wholesale,2025,Nov,10,true,12085.49,12099.52,208.94,2836,11104.07,276.1,331.89,12980.31,20550.75,11821.96,3644.89,12.09
Baby Sets,Baby,Sets,Retail Stores,2026,Jul,6,true,12082.17,11986.2,1406.32,5329.89,11078.97,1279.59,1346.37,34685.47,34408.95,33198.88,12260.44,108.74
Girls Outerwear,Girls,Outerwear,Retail Stores,2025,Dec,11,true,12038.01,12127.16,1135.86,4107.06,12126.86,1153.83,1316.69,26833.01,31280.54,26607.98,8627.62,108.34
Women Sleepwear,Women,Sleepwear,Retail Stores,2024,Dec,11,true,12030.99,11819.84,1319.16,2904.25,10936.47,1078.05,1220.16,27607.17,33123.1,26480.43,6574.65,108.28
Women Bottoms,Women,Bottoms,Wholesale,2025,Mar,2,true,12030.48,12336.77,240.54,3991.71,11268.32,215.5,236.75,10050.82,15903.92,9256.92,5611.01,12.03
Women Dresses,Women,Dresses,Retail Stores,2025,Jul,6,true,12030.12,12092.61,1392.86,4967.5,11686.02,1243.76,1127.47,36952.5,33244.05,35743.79,15881.89,108.27
Boys Sleepwear,Boys,Sleepwear,Wholesale,2026,Jul,6,true,12029.69,11130.8,237.95,6926.59,12546.38,251.69,332.54,12204.07,9499.56,11513.68,14307.52,12.03
Baby Sets,Baby,Sets,Wholesale,2024,Oct,9,true,12004.45,12062.06,247.71,8677.36,12369.81,247.43,297.59,11751.58,7459.47,12110.88,16915.3,12
Women Sleepwear,Women,Sleepwear,Retail Stores,2026,Apr,3,true,11989.07,12026.96,1370.97,8089.7,11951.82,1072.4,1521.54,32945.37,23299.45,32892.47,22762.39,107.9
Girls Outerwear,Girls,Outerwear,Ecommerce,2026,Jan,12,false,11987.46,12713.93,1534.4,0,,1840.88,,,71463.32,57587.03,0,47.95
Boys Sleepwear,Boys,Sleepwear,Retail Stores,2026,Apr,3,true,11985.4,11225.17,1233.98,8574.58,12791.39,1259.39,1146.72,33419.86,24759.64,34628.34,23221.35,107.87
Baby Accessories,Baby,Accessories,Wholesale,2024,Mar,2,true,11984.74,11930.95,239.25,4249.9,13568.02,211.87,223.24,8922.58,15053.69,9696.68,6851.58,11.98
Women Bottoms,Women,Bottoms,Wholesale,2024,Jul,6,true,11973.81,11820.65,229.27,7881.27,13003.29,213.99,206.41,10020.07,8973.93,11415.66,14641.51,11.97
Boys Swim,Boys,Swim,Wholesale,2026,Aug,7,false,11956.77,10974.03,189.69,830.43,,264.41,,,22973.08,11812.12,1072.18,11.96
Boys Sets,Boys,Sets,Retail Stores,2025,Oct,9,true,11930.47,12092.61,1446.49,7676.46,11508.5,1317.66,1447.74,30806.82,25018.78,32763.49,21100.2,107.37
Women Bottoms,Women,Bottoms,Retail Stores,2024,Apr,3,true,11915.79,11920.87,1347,8443.92,10892.05,1323.16,1517.67,33548.55,25309.76,33823.82,21860.25,107.24
Women Dresses,Women,Dresses,Retail Stores,2024,Sep,8,true,11909.13,11996.64,1181.46,2093.44,11082.03,1175.98,1477.66,27394.94,33483.65,26972.53,6681.17,107.18
Girls Swim,Girls,Swim,Wholesale,2025,Apr,3,true,11908.04,11914.47,261.35,2110.98,11261.84,245.58,275.52,12174.26,19470.45,11899.3,4594.38,11.91
Women Bottoms,Women,Bottoms,Retail Stores,2025,Mar,2,true,11887.4,12207.78,1227.52,6442.01,12136.83,1086.9,1184.65,26520.75,23814.33,26197.5,15464.46,106.99
Women Bottoms,Women,Bottoms,Retail Stores,2025,Jun,5,true,11880.29,11401.6,1269.58,1315.81,11332.32,1348.29,1462.47,29018.37,36957.61,28157.85,4535.74,106.92
Girls Swim,Girls,Swim,Wholesale,2025,Dec,11,true,11865.45,11530.13,198.78,2859.72,12367.59,244.85,327.86,8087.84,16150.43,8938.4,4910.13,11.87
Boys Sets,Boys,Sets,Wholesale,2024,Oct,9,true,11864.53,12062.06,245.38,9021.97,10219.81,207.24,221.15,16041,7318.93,12007.46,16772.16,11.86
Boys Swim,Boys,Swim,Retail Stores,2025,Feb,1,true,11854.06,11931.38,1180.56,1642.42,11930.18,1101.99,1256.23,32720.21,37498.95,34129.07,9692.86,106.69
Boys Sets,Boys,Sets,Wholesale,2024,Jun,5,true,11851.6,11799.84,213.65,8653.58,12657.18,235.38,272.15,7386.29,4764.27,9617.56,16952.12,11.85
Baby Sets,Baby,Sets,Retail Stores,2024,May,4,true,11828.63,11562.23,1058.69,3001.05,11018.32,1276.54,1059.27,35331.64,38105.35,34193.5,9299.78,106.46
Women Tops,Women,Tops,Wholesale,2026,Aug,7,false,11758.15,11757.89,267.47,393.89,,231.31,,,23425.03,12145.62,721.8,11.76
Girls Swim,Girls,Swim,Wholesale,2024,Aug,7,true,11744.53,11799.84,220.49,0,13879.39,209.45,254.96,10843.82,24990.84,13025.11,0,11.74
Women Sleepwear,Women,Sleepwear,Wholesale,2026,Jul,6,true,11734.72,11925.86,240.15,7949.9,12109.25,229.1,272.85,12174.48,9006.8,12240.95,15209.7,11.73
Baby Sets,Baby,Sets,Wholesale,2024,Jun,5,true,11690.88,11799.84,263.53,8543.54,11376.74,266.91,260.22,11589.79,4670.02,9912.77,17212.23,11.69
Baby Accessories,Baby,Accessories,Retail Stores,2024,Mar,2,true,11658.86,11806.21,1079.18,5688.11,11175.02,1301.64,1578.44,28596.87,24289.16,26167.04,14943.32,104.93
Women Dresses,Women,Dresses,Wholesale,2026,Nov,10,false,11603.31,11897.86,203.78,2799.49,,243.42,,,18226.96,12112.66,5744.04,11.6
Women Bottoms,Women,Bottoms,Retail Stores,2026,Aug,7,false,11599.07,11959.02,1291.06,4314.61,,1084.42,,,31551.06,31494.7,12731.53,104.39
Women Dresses,Women,Dresses,Retail Stores,2024,Aug,7,true,11555.33,11112.67,1301.83,6247.08,12911.11,1183.49,1271.11,30161.6,30075.27,33483.65,16251.2,104
Boys Sets,Boys,Sets,Wholesale,2024,Mar,2,true,11547.15,11362.81,249.18,3533.35,11493.49,207.73,199.87,8498.48,14546.86,8817.36,6036.93,11.55
Baby Accessories,Baby,Accessories,Retail Stores,2025,Aug,7,true,11538.57,11173.57,1015.74,4251.16,12956.91,1354.43,1128.36,30720.18,30186.74,33226.44,16036.54,103.85
Boys Bottoms,Boys,Bottoms,Wholesale,2024,May,4,true,11534.53,11217.13,220.94,5711.14,12666.51,261.08,323.81,9448.29,13518,11784.36,10073.5,11.53
Women Bottoms,Women,Bottoms,Retail Stores,2025,Oct,9,true,11514.77,11516.77,1359.34,6400.15,10490.26,1317.78,1496.25,35283.46,26649.45,32732.57,19019.3,103.63
Women Bottoms,Women,Bottoms,Wholesale,2024,Oct,9,true,11493.8,11487.68,249.49,8279.38,11565.31,202,227.71,9557.46,7191.4,11314.37,15830.26,11.49
Boys Sleepwear,Boys,Sleepwear,Retail Stores,2024,Dec,11,true,11476.29,11031.85,1003.67,3323.04,11090.62,1127.33,1484.54,26602.93,30610.2,26429.28,8525.99,103.29
Boys Swim,Boys,Swim,Wholesale,2025,Nov,10,true,11472.37,11292.89,251.13,2312.45,12487.69,218.37,229.79,9749.43,19543.85,11371.31,3529.67,11.47
Boys Sleepwear,Boys,Sleepwear,Retail Stores,2025,Nov,10,true,11462.62,11608.91,1283.51,8567.34,11893.17,1347.12,1409.05,30120.46,22678.2,32338.04,22572.75,103.16
Boys Sleepwear,Boys,Sleepwear,Wholesale,2026,Oct,9,false,11457.95,10817.26,215.44,7896.26,,227.58,,,7526.65,10841.96,15012.3,11.46
Baby Sets,Baby,Sets,Retail Stores,2025,Sep,8,true,11453.06,11487.98,1366.12,3087.19,11392.19,1145.39,1442.61,25927.09,31317.24,26374.14,7758.43,103.08
Baby Sets,Baby,Sets,Wholesale,2024,Mar,2,true,11437.26,11362.81,203.23,3576.08,10668.33,239.22,271.72,8739.9,14199.02,8651.23,6140.12,11.44
Baby Accessories,Baby,Accessories,Retail Stores,2024,Oct,9,true,11418.79,11137.93,1291.04,7186.25,11291.14,1290.06,1352.66,31801.45,23521.35,32459.79,21750.06,102.77
Boys Sleepwear,Boys,Sleepwear,Ecommerce,2024,Feb,1,true,11417.57,11512.73,1597.06,5221.12,11754.32,1425.8,1583.06,34132.44,34704.57,34084.78,12269.25,45.67
Boys Sets,Boys,Sets,Retail Stores,2026,Feb,1,true,11379.22,10559.27,943.47,2395.12,13223.36,1241.33,1258.91,28941.9,35945.06,30936.42,7714.33,102.41
Boys Sleepwear,Boys,Sleepwear,Ecommerce,2025,Jan,12,true,11364.96,11173.57,1301.26,0,11540.87,1568.63,1672.12,54708.87,67970.79,54991.74,0,45.46
Women Bottoms,Women,Bottoms,Wholesale,2026,Sep,8,false,11316.59,11757.89,262.31,6864.68,,221.28,,,7078.54,8699.86,13170.5,11.32
Boys Sleepwear,Boys,Sleepwear,Wholesale,2026,Jun,5,true,11301.13,10582.1,243.23,8057.72,11266.37,218.64,218.61,9102.12,4445.09,9499.56,16585.54,11.3
Baby Sets,Baby,Sets,Retail Stores,2024,Mar,2,true,11282.37,11244.01,1055.62,5795.66,11879.16,1303.2,1762.89,25872.33,23214.45,26585.14,16057.8,101.54
Boys Sets,Boys,Sets,Retail Stores,2025,Sep,8,true,11261.82,11487.98,1137.08,3048.02,13007.11,1089.34,848.84,22809.91,32149.37,25018.78,5321.93,101.36
Boys Sets,Boys,Sets,Retail Stores,2024,Mar,2,true,11223.07,11244.01,1032.37,5632.95,10234.78,1143.45,1480.97,25026.1,23079.15,25037.29,14425.66,101.01
Women Sleepwear,Women,Sleepwear,Wholesale,2026,Oct,9,false,11208.2,11589.92,248.66,8470.94,,240.76,,,7185.83,10818.55,15092.89,11.21
Women Bottoms,Women,Bottoms,Wholesale,2024,Jun,5,true,11189.64,11237.94,236.31,8272.86,11726.89,192.39,190.63,9494.24,4495.17,8973.93,15871.98,11.19
Women Sleepwear,Women,Sleepwear,Retail Stores,2024,Nov,10,true,11180.48,10910.63,1116.63,8708.67,12079.23,1231.26,1128.99,32580.31,23114.45,33123.1,22521.01,100.62
Women Bottoms,Women,Bottoms,Retail Stores,2025,Sep,8,true,11153.47,10940.93,976.7,3723.94,9884.3,1121.52,1084.27,26763.53,29634.02,26649.45,9390.8,100.38
Baby Sets,Baby,Sets,Retail Stores,2024,Oct,9,true,11137.09,10607.55,1043.6,6623.09,11307.94,1131.82,1008.75,28241.41,21847.49,30894.54,21416.18,100.23
Women Tops,Women,Tops,Retail Stores,2024,Feb,1,true,11123.3,11213.7,1337.75,4508.66,12502.53,1141.34,1017.88,30270.05,31962.08,30958.31,11360.97,100.11
Boys Sleepwear,Boys,Sleepwear,Wholesale,2026,Mar,2,true,11087.9,10190.17,226.97,3719.55,11522.44,210.47,203.3,8526.3,13336.72,8572.21,6544.94,11.09
Women Sleepwear,Women,Sleepwear,Wholesale,2026,Jun,5,true,11060.71,11337.96,257.63,8390.87,10474.71,241.16,301.45,9732.49,4702.67,9006.8,15617.07,11.06
Boys Sleepwear,Boys,Sleepwear,Retail Stores,2026,May,4,true,11060.08,10369.01,1165.56,3432.05,10788.07,1016.92,1129.26,31185.3,34628.34,31523.52,9071.73,99.54
Girls Outerwear,Girls,Outerwear,Retail Stores,2025,Nov,10,true,11043.32,11194.3,1247.29,7272.35,9914.78,1307.97,1790.28,31633.24,24186.27,31280.54,19544.94,99.39
Women Tops,Women,Tops,Wholesale,2024,Nov,10,true,10997.66,10613.61,183.55,1746.46,10732.63,236.78,297.66,11085.27,18463.12,11193.76,3976.08,11
Baby Accessories,Baby,Accessories,Retail Stores,2024,Jun,5,true,10983.83,11026.55,1227.75,585.39,10787.02,1049.7,1082.74,25719.37,33798.18,25683.48,4017.68,98.85
Baby Accessories,Baby,Accessories,Wholesale,2025,Sep,8,true,10959.36,10985.65,235.27,6711.53,11336.5,205.1,250.03,8772.87,7557.78,8347.28,11964.93,10.96
Boys Sleepwear,Boys,Sleepwear,Retail Stores,2026,Mar,2,true,10950.22,10083.62,1147.27,4627.73,12775.6,1128.45,1182.25,22833.44,22598.53,24759.64,14338.33,98.55
Girls Swim,Girls,Swim,Wholesale,2024,Jan,12,true,10930.13,10619.86,185.39,7039.47,9886.74,186.26,215.3,11263.93,7983.7,11271.99,14415.61,10.93
Girls Swim,Girls,Swim,Wholesale,2024,Apr,3,true,10906.26,10451.29,211.83,1493.65,9322.99,206.78,235.7,12283.59,17284.48,11478.1,5317.57,10.91
Girls Outerwear,Girls,Outerwear,Ecommerce,2024,Feb,1,true,10888.84,11101.56,1284.56,4558.94,10085.99,1575.83,1493.45,34119.82,32731.51,32966.15,12742.87,43.56
Women Sleepwear,Women,Sleepwear,Wholesale,2025,Feb,1,true,10880.99,11031.92,227.46,9845.33,10486.95,193.57,193.5,13793.26,4071.82,10677.04,17690.67,10.88
Baby Accessories,Baby,Accessories,Retail Stores,2026,Feb,1,true,10878.22,11087.23,1325.45,1666.95,11850.93,1185.19,1297.87,28481.51,39503.07,29462.32,2120.56,97.9
Women Tops,Women,Tops,Retail Stores,2025,Jan,12,true,10867.73,10883.35,1044.45,0,10823.18,1292.55,1419.42,51703.79,64054.23,51796.15,0,97.81
Girls Outerwear,Girls,Outerwear,Wholesale,2026,Feb,1,true,10846.72,11715.89,210.85,10018.73,11232.46,237.43,251.57,8563.88,4144.03,10341.66,17292.62,10.85
Women Sleepwear,Women,Sleepwear,Wholesale,2026,Mar,2,true,10836.45,10918.04,218.4,3294.42,10306.11,200.82,218.04,9836.42,12717.91,8813.33,7143.53,10.84
Girls Outerwear,Girls,Outerwear,Retail Stores,2024,Dec,11,true,10835.96,10637.86,1216.89,2779.23,10673.14,1130.14,1188.02,23707.6,27097.47,23472.77,8438.92,97.52
Women Bottoms,Women,Bottoms,Wholesale,2024,Mar,2,true,10815.93,10821.72,205,3442.69,9582.98,216.69,255.25,9681.45,14039.4,8748.9,5752.94,10.82
Baby Sets,Baby,Sets,Retail Stores,2026,Feb,1,true,10807.04,10559.27,1021.55,3535.32,9879.21,1303.67,1496.76,30518.91,33762.88,30553.61,8998.69,97.26
Girls Outerwear,Girls,Outerwear,Ecommerce,2025,Jan,12,true,10792.69,10774.52,1353.25,0,10299.04,1309.44,1447.07,53563.81,65358.17,53212.88,0,43.17
Women Dresses,Women,Dresses,Wholesale,2024,Sep,8,true,10785.11,10925.78,246.63,6787.97,12116.33,226.82,215.66,7292.83,7273.86,8893.3,12642.15,10.79
Women Bottoms,Women,Bottoms,Retail Stores,2026,Jul,6,true,10750.95,11415.42,1094.41,6263.27,10456.02,987.35,1062,33123.13,30800.96,31551.06,12585.17,96.76
Baby Sets,Baby,Sets,Retail Stores,2025,Aug,7,true,10743.73,10641.5,1163.67,4581.67,11197.91,1028.53,1310.28,29542.04,28806.39,31317.24,14379.79,96.69
Women Bottoms,Women,Bottoms,Retail Stores,2024,May,4,true,10712.48,11011.65,1030.29,3247.87,10634.92,997.94,1186.87,32624.93,33823.82,32246.23,10229.24,96.41
Girls Swim,Girls,Swim,Wholesale,2025,May,4,true,10708.92,10569.29,221.4,4641.08,10059.03,206.7,246.38,11602.17,11899.3,10442.9,9469.93,10.71
Baby Accessories,Baby,Accessories,Retail Stores,2025,Jul,6,true,10699.78,10665.68,1168.24,5269.82,10522.89,1273.81,1089.26,30720,31053.3,30186.74,11203.33,96.3
Boys Sets,Boys,Sets,Wholesale,2026,Nov,10,false,10692.55,9994.2,218.58,2353.91,,201.23,,,16911.08,11132.21,5125.6,10.69
Women Sleepwear,Women,Sleepwear,Retail Stores,2026,May,4,true,10686.6,11109.65,1042.36,4260.2,11355.72,1006.68,1382.04,28239.49,32892.47,28973.78,7870.77,96.18
Boys Sets,Boys,Sets,Wholesale,2025,Sep,8,true,10684.27,10462.53,239.91,6142.13,10559.67,194.46,215.39,8791.33,7151.85,8433.73,12171.29,10.68
Women Dresses,Women,Dresses,Wholesale,2025,Nov,10,true,10668.81,10082.93,186.12,2562.94,9306.07,214.54,279.35,12102.6,16461.98,10414.88,4846.92,10.67
Boys Sets,Boys,Sets,Retail Stores,2025,Aug,7,true,10656.9,10641.5,1124.51,5018.41,11500.98,1166.21,1223.2,30241.03,30112,32149.37,13956.38,95.91
Women Sleepwear,Women,Sleepwear,Ecommerce,2024,Jan,12,true,10655.2,10501.48,1482.04,0,10460.98,1551.13,2008.91,43806.74,56319.06,44070.12,0,42.62
Boys Sets,Boys,Sets,Retail Stores,2024,Jun,5,true,10651.58,10501.48,1062.19,1084.59,11247.42,1274.47,1184.48,25053.49,34549.82,25718.46,3190.55,95.86
Women Sleepwear,Women,Sleepwear,Retail Stores,2026,Mar,2,true,10629.91,10803.88,975.07,5259.43,10007.14,1157.38,1425.32,23054.22,22588.24,23299.45,12594.16,95.67
Women Dresses,Women,Dresses,Retail Stores,2024,Jul,6,true,10567.31,10607.55,1005.54,4505.55,10394.81,1224.67,1668.23,29071.13,28747.76,30075.27,13214.61,95.11
Women Bottoms,Women,Bottoms,Retail Stores,2024,Mar,2,true,10565.54,10708.58,1082.19,5176.49,9810.08,1103.17,995.44,24999.25,20687.29,25309.76,16386.27,95.09
Boys Swim,Boys,Swim,Retail Stores,2024,Feb,1,true,10555.55,10466.12,1038.47,3884.02,10281.75,1197.11,1256.91,29253.91,30431.92,29740.23,11155.97,95
Boys Swim,Boys,Swim,Wholesale,2026,Apr,3,true,10547.17,9719.85,207.4,1446.24,11199.22,214.18,160.81,9796.71,17164.22,10924.14,4531.82,10.55
Boys Swim,Boys,Swim,Retail Stores,2025,Jan,12,true,10536.32,10157.79,1141.49,0,12773.29,1039.61,1080.53,41346.86,55300.7,43629.94,0,94.83
Boys Sleepwear,Boys,Sleepwear,Wholesale,2025,Feb,1,true,10518.86,10296.45,219.59,8819.63,9206.73,204.95,179.26,12441.75,3659.72,10678.98,17753.58,10.52
Boys Swim,Boys,Swim,Wholesale,2026,Jan,12,false,10470.8,9876.62,202.36,6716.2,,219.03,,,8225.87,10462.06,12936.49,10.47
Baby Accessories,Baby,Accessories,Retail Stores,2024,Sep,8,true,10466.79,10581.03,1165.6,3355.28,10653.21,1140,1083.26,23116.1,28888.53,23521.35,6333.81,94.2
Women Tops,Women,Tops,Wholesale,2026,Jan,12,false,10464.01,10582.1,235.19,6493.08,,202.5,,,7911.54,10743.42,13508.86,10.46
Boys Sets,Boys,Sets,Retail Stores,2024,Oct,9,true,10449.25,10607.55,1123.42,7495.27,12599.14,1018.63,1027.47,29550.71,23394.16,30665.33,18833.09,94.04
Women Dresses,Women,Dresses,Retail Stores,2026,Jan,12,false,10431.88,10701.96,969.42,0,,1074.75,,,60256.86,48656.34,0,93.89
Women Bottoms,Women,Bottoms,Retail Stores,2025,Aug,7,true,10413.88,10134.76,920.39,3700.62,10698,1081.14,1183.59,28682.71,26743.99,29634.02,14478.78,93.72
Women Dresses,Women,Dresses,Retail Stores,2025,Feb,1,true,10403.72,10653.01,1109.71,2528.7,9211.34,969.28,1213.96,30608.4,34675.78,29669.67,6460.53,93.63
Baby Sets,Baby,Sets,Retail Stores,2024,Jun,5,true,10332.65,10501.48,1217.45,1792.19,10284.89,1215.47,1345.11,23676.1,34193.5,23902.19,1349.8,92.99
Boys Sleepwear,Boys,Sleepwear,Retail Stores,2024,Nov,10,true,10306.27,10183.25,1138.82,6972.14,10334.17,995.91,1157.54,29200.72,21458.65,30610.2,20546.48,92.76
Women Tops,Women,Tops,Wholesale,2025,Aug,7,true,10306.18,9964.31,219.78,0,10728.13,182.96,173.83,9833.27,20551.95,10262.08,209.57,10.31
Women Sleepwear,Women,Sleepwear,Wholesale,2025,Jul,6,true,10241.03,10106.66,185.51,6861.28,9968.08,224.18,236.39,10750.9,7706.14,10596.23,13365.54,10.24
Boys Sleepwear,Boys,Sleepwear,Ecommerce,2024,Jan,12,true,10232,9801.38,1361.61,0,10206.73,1509.18,1494.79,41240.87,52987.69,41205.58,0,40.93
Women Tops,Women,Tops,Wholesale,2026,Apr,3,true,10217.09,10414.13,219.57,2198.08,11455.32,174.11,183.62,8727.51,16205.99,10205.32,4400.73,10.22
Women Sleepwear,Women,Sleepwear,Retail Stores,2026,Oct,9,false,10186.16,10192.34,1145.66,7156.25,,1223.02,,,22809.94,28110.03,16800.94,91.68
Women Bottoms,Women,Bottoms,Wholesale,2025,Sep,8,true,10185.08,9964.31,205.33,5635.76,9701.74,224.57,217.19,7075.11,6697.07,7698.02,11420.78,10.19
Baby Sets,Baby,Sets,Wholesale,2025,Sep,8,true,10182.89,10462.53,224.79,6161.37,10955.8,223.86,325.12,7088.72,7133.43,7851.29,11134.79,10.18
Girls Outerwear,Girls,Outerwear,Wholesale,2025,Feb,1,true,10177.78,9928.72,190.64,8437.77,10472.81,228.75,242.6,9693.65,3346.06,10025.07,17095.72,10.18
Women Sleepwear,Women,Sleepwear,Retail Stores,2025,Apr,3,true,10153.16,10192.34,999.29,6988.68,9978.12,1047.5,867.68,31970.12,20368.12,30901.5,21825.43,91.38
Women Bottoms,Women,Bottoms,Retail Stores,2024,Jun,5,true,10129.85,10001.41,1181.92,1942.77,10908.78,1034.12,978.71,23077.38,32246.23,24092.94,3101.86,91.17
Baby Accessories,Baby,Accessories,Retail Stores,2024,Aug,7,true,10129.12,9801.38,1127.16,3323.36,9815.72,973.25,1106.12,28506.25,25951.99,28888.53,14130.06,91.16
Girls Outerwear,Girls,Outerwear,Wholesale,2026,Jul,6,true,10123.04,10733.27,227.64,6858.43,9129.13,217.09,262.71,9236.18,7668.8,9555.25,12236.71,10.12
Baby Accessories,Baby,Accessories,Wholesale,2026,Nov,10,false,10119.31,10493.91,196.6,2126.17,,185.03,,,16909.17,9909.76,3315.05,10.12
Girls Swim,Girls,Swim,Wholesale,2024,Dec,11,true,10115.55,10114.15,179.73,2087.69,9497.62,223.92,197.98,8599.46,13744.43,7983.7,4588.87,10.12
Boys Swim,Boys,Swim,Wholesale,2026,Dec,11,false,10103.28,9406.31,199.03,1826.79,,197.38,,,13814.4,8225.87,4722.24,10.1
Baby Sets,Baby,Sets,Retail Stores,2024,Sep,8,true,10092.88,10077.18,965.12,2306.27,8925.47,1089.06,1193.65,23828.35,24984.59,21847.49,8135.67,90.84
Boys Sleepwear,Boys,Sleepwear,Retail Stores,2026,Oct,9,false,10092.76,9512.85,902.21,5798.61,,1151.1,,,20673.89,27407.4,18068.2,90.83
Women Bottoms,Women,Bottoms,Retail Stores,2024,Oct,9,true,10071.02,10102.43,940.65,6894.88,10803.39,1182.65,1764.65,29049.51,23434.41,30389.48,18299.38,90.64
Boys Sets,Boys,Sets,Retail Stores,2025,Jul,6,true,10051.76,10157.79,968.39,4759.13,11929.85,1075.18,1384.54,28610.7,28527.08,30112,12802.34,90.47
Boys Swim,Boys,Swim,Wholesale,2024,Nov,10,true,10047.42,9906.04,193.51,2015.15,10860.77,182.01,232.78,8887.81,16481.07,9648.74,3407.16,10.05
Girls Outerwear,Girls,Outerwear,Retail Stores,2026,Apr,3,true,10045.81,10824.27,1082.39,8388,10541.5,1083.64,958.31,28865.44,21016.11,29403.75,19607.5,90.41
Boys Sleepwear,Boys,Sleepwear,Retail Stores,2026,Jun,5,true,10023.24,9417.72,886.36,0,10302.19,1068.38,1162.38,21680.62,31523.52,22085.63,1743.93,90.21
Boys Sets,Boys,Sets,Retail Stores,2024,Sep,8,true,10008,10077.18,915.97,2652.75,8171.45,981.01,914.89,25076.93,28641.63,23394.16,5831.61,90.07
Baby Accessories,Baby,Accessories,Wholesale,2024,Sep,8,true,9950.3,9636.54,201.21,5644.29,10067.61,224.59,211.78,7844.87,7343.43,8431.09,11272.49,9.95
Women Tops,Women,Tops,Wholesale,2026,Dec,11,false,9906.37,10078.19,172.47,2163.97,,198.58,,,13594.66,7911.54,4431.73,9.91
Women Bottoms,Women,Bottoms,Retail Stores,2025,Jul,6,true,9888.34,9674.09,889.19,5287.73,9624.64,1180,1503.88,27554.35,28157.85,26743.99,9743.47,89
Girls Outerwear,Girls,Outerwear,Retail Stores,2024,Nov,10,true,9887.79,9819.56,1177.02,6588.67,9931.94,943.19,990.34,27624.8,18745.69,27097.47,19271.74,88.99
Baby Sets,Baby,Sets,Wholesale,2026,Nov,10,false,9880.93,9994.2,187.83,1542.3,,200.75,,,15739.68,9375.12,3727,9.88
Women Sleepwear,Women,Sleepwear,Retail Stores,2026,Jun,5,true,9829.14,10090.42,950.26,953.98,9552.14,1034.38,960.91,21945.44,28973.78,21583.08,3561.28,88.46
Women Sleepwear,Women,Sleepwear,Wholesale,2025,Oct,9,true,9815.72,9821.96,212.08,6939.69,11168.6,171.13,209.33,6934.39,5559.62,9793.74,14230.78,9.82
Baby Sets,Baby,Sets,Retail Stores,2025,Jul,6,true,9811.83,10157.79,1096.17,4310.03,9886.87,967.14,901,29671.15,26208,28806.39,13465.67,88.31
Girls Outerwear,Girls,Outerwear,Wholesale,2026,Oct,9,false,9797.73,10430.93,177.89,7768.94,,181.03,,,5759.88,9824.41,14053.09,9.8
Women Dresses,Women,Dresses,Wholesale,2026,Aug,7,false,9777.46,9798.24,208.71,0,,185.93,,,18639.41,9301.47,635.23,9.78
Women Sleepwear,Women,Sleepwear,Wholesale,2024,Feb,1,true,9769.32,9677.12,205.92,4976.84,9150.56,210.82,242.4,10916.68,10085.08,9979.03,9883.86,9.77
Women Bottoms,Women,Bottoms,Retail Stores,2024,Sep,8,true,9761.73,9597.31,952.58,2652.8,10529.64,971.13,861.07,22609.61,27601.07,23434.41,6654.05,87.86
Women Bottoms,Women,Bottoms,Retail Stores,2026,Feb,1,true,9707.98,10056.44,993.53,2100.93,8229.61,1073.41,1041.11,28348.09,35640.74,26774.46,2002.48,87.37
Boys Sets,Boys,Sets,Retail Stores,2024,Aug,7,true,9687.14,9334.65,985.54,4083.24,8571.74,974.45,1093.47,30176.46,26596.1,28641.63,12794.31,87.18
Women Sleepwear,Women,Sleepwear,Retail Stores,2025,May,4,true,9677.37,9414.96,874.91,2764.75,10789.32,1117.28,1348.33,26924.73,30901.5,28390.91,8371.16,87.1
Girls Outerwear,Girls,Outerwear,Ecommerce,2024,Jan,12,true,9674.66,9451.33,1137.4,0,10859.27,1242.34,1571.41,41113.96,53580.09,42624.39,0,38.7
Girls Outerwear,Girls,Outerwear,Wholesale,2026,Jun,5,true,9595.11,10204.17,217.41,7631.27,8722.84,177.06,189.53,7381.64,4108.85,7668.8,13341.71,9.6
Girls Swim,Girls,Swim,Wholesale,2024,May,4,true,9586.11,9271.3,200,4232.44,9741.91,191.04,182.7,9914.18,11478.1,9787.17,8095.8,9.59
Boys Sleepwear,Boys,Sleepwear,Retail Stores,2025,Apr,3,true,9579.83,9512.85,1098.22,5955.05,10578.79,1026.65,1055.69,27264.72,20574.62,29105.5,19223.58,86.22
Women Tops,Women,Tops,Retail Stores,2024,Jan,12,true,9550.07,9546.8,1143.8,0,10363.84,962.21,1065.91,43187.09,54704.14,44105.92,0,85.95
Boys Sleepwear,Boys,Sleepwear,Retail Stores,2026,Sep,8,false,9546.59,9037.21,932.05,3195.59,,1129.97,,,26108.45,20673.89,5327.93,85.92
Boys Swim,Boys,Swim,Wholesale,2025,Aug,7,true,9532.04,9300.02,161.74,312.16,10098.19,171.87,162.56,8916.27,19185.92,9472.49,0,9.53
Women Sleepwear,Women,Sleepwear,Retail Stores,2026,Sep,8,false,9489.1,9682.73,1120.75,1931.14,,1060.4,,,23963.32,22809.94,9481.53,85.4
Girls Outerwear,Girls,Outerwear,Retail Stores,2025,Apr,3,true,9473.51,9173.11,913.27,5447.17,7142.35,973.98,1100.81,29185.4,19889.46,27771.84,18415.12,85.26
Boys Sets,Boys,Sets,Retail Stores,2026,Jan,12,false,9449.32,8989.65,1072.76,0,,954.2,,,53141.23,42652.67,0,85.04
Baby Sets,Baby,Sets,Wholesale,2024,Sep,8,true,9443.67,9177.65,169.16,5506.3,9908.73,176.56,216.98,7162.24,6455.07,7459.47,10634.08,9.44
Women Dresses,Women,Dresses,Retail Stores,2024,Feb,1,true,9440.33,9344.75,1030.55,4103.71,9341.09,1114.17,1255.14,25017.24,25264.65,25815.18,11189.99,84.96
Women Sleepwear,Women,Sleepwear,Wholesale,2025,Mar,2,true,9415.04,9252.57,185.69,2627.48,10085.24,204.33,172.76,7157,10677.04,7830.39,6782.13,9.42
Boys Swim,Boys,Swim,Wholesale,2026,May,4,true,9414.54,8622.45,173.33,3922.25,9807.91,196.04,220.73,8036.62,10924.14,9139.63,7835.49,9.41
Baby Accessories,Baby,Accessories,Retail Stores,2025,Feb,1,true,9381.7,9395.96,881.8,2678.81,9893.28,1061.32,1110.3,26821.69,33729.9,27215.6,4013.16,84.44
Boys Sleepwear,Boys,Sleepwear,Wholesale,2025,Oct,9,true,9359.1,9167.17,165.53,6763.76,8944.48,188.27,188.22,9209.38,5356.67,9790.04,13990.1,9.36
Baby Accessories,Baby,Accessories,Retail Stores,2024,Jul,6,true,9353.87,9355.86,881.24,4828.51,9117.3,1025.08,1064.97,25878.62,25683.48,25951.99,10731.64,84.18
Women Sleepwear,Women,Sleepwear,Wholesale,2025,Jun,5,true,9341.96,9608.44,185.55,7094.64,10698.69,169.09,200.88,5204.27,3868.12,7706.14,13358.42,9.34
Women Sleepwear,Women,Sleepwear,Retail Stores,2025,Mar,2,true,9328.4,9155.83,892.19,5107.7,9608.96,996.78,1037.06,20008.26,19846.94,20368.12,10930.31,83.96
Boys Sleepwear,Boys,Sleepwear,Wholesale,2025,Jul,6,true,9303.4,9432.88,197.63,5991.86,9905.63,200.47,209.96,8360.22,6995.19,9426.34,11944.31,9.3
Women Dresses,Women,Dresses,Retail Stores,2025,Jan,12,true,9257.38,9069.46,1005.26,0,9695.47,896.05,880.82,42510.33,53164.5,42927.75,0,83.32
Boys Sets,Boys,Sets,Retail Stores,2025,Feb,1,true,9244.53,8948.53,852.81,1000.89,10575.2,828.88,806.06,26714.82,31537.08,27802.19,6421.72,83.2
Baby Sets,Baby,Sets,Retail Stores,2024,Aug,7,true,9239.97,9334.65,1038.06,3684.83,9353.35,1026.4,1131.05,24555.01,27190.42,24984.59,8143.7,83.16
Women Sleepwear,Women,Sleepwear,Retail Stores,2024,Apr,3,true,9220.06,8940.65,874.66,6284.36,9421.58,876.32,708.41,23398.17,19589.19,25276.82,15866.98,82.98
Baby Accessories,Baby,Accessories,Retail Stores,2026,Jan,12,false,9195.85,9439.13,1108.34,0,,1028.92,,,55488.61,45181.07,0,82.76
Baby Sets,Baby,Sets,Retail Stores,2024,Jul,6,true,9194.92,8910.34,820.12,4335.57,8891.53,1097.74,1343.58,27257.52,23902.19,27190.42,13663.65,82.75
Girls Outerwear,Girls,Outerwear,Retail Stores,2026,May,4,true,9193.62,9998.69,1189.91,3055.17,7998.8,1016.36,810.54,26533.95,29403.75,25727.38,6616.36,82.74
Boys Sets,Boys,Sets,Retail Stores,2024,Jul,6,true,9169.2,8910.34,932.57,4179.05,9361.15,861.16,1193.49,25855.88,25718.46,26596.1,10990.52,82.52
Girls Outerwear,Girls,Outerwear,Retail Stores,2026,Mar,2,true,9161.16,9723.49,1078.47,4311.95,7797.52,1081.17,1314.95,22633.72,17667.57,21016.11,13673.32,82.45
Boys Sleepwear,Boys,Sleepwear,Wholesale,2025,Jun,5,true,9154.66,8967.88,161.54,6668.56,8174.65,162.47,180.04,6934.32,3758.53,6995.19,12562.94,9.15
Boys Sleepwear,Boys,Sleepwear,Wholesale,2026,Sep,8,false,9112.61,8230.52,141.73,4753.81,,182.68,,,5953.28,7526.65,10877.77,9.11
Baby Accessories,Baby,Accessories,Wholesale,2025,Nov,10,true,9096.92,8893.15,175.62,1527.61,9315.02,184.66,157.47,8551.35,14560.16,8705.71,3436.22,9.1
Women Bottoms,Women,Bottoms,Retail Stores,2024,Aug,7,true,9086.07,8890.14,1063.82,3617.47,9495.62,1073.31,1108.14,27229.75,24584.39,27601.07,13257.83,81.77
Girls Outerwear,Girls,Outerwear,Wholesale,2025,Jul,6,true,9081.26,9095.99,204.52,5804.06,8278.25,157.2,176.8,8840.61,7144.15,8835.67,10939.06,9.08
Girls Outerwear,Girls,Outerwear,Wholesale,2024,Feb,1,true,9077.72,8709.41,157.5,4812.97,8489.7,166.78,151.71,10745.22,9541.18,9581.66,9294.05,9.08
Girls Outerwear,Girls,Outerwear,Wholesale,2026,Mar,2,true,9074.45,9826.23,181.25,3387.7,9588.88,185.2,215.96,7198.21,10341.66,7544.92,6471.99,9.07
Boys Sets,Boys,Sets,Wholesale,2024,Sep,8,true,9063.28,9177.65,184.81,5472.27,9789.55,200.09,215.1,6293.23,6610.75,7318.93,9980.61,9.06
Women Tops,Women,Tops,Wholesale,2026,May,4,true,9051.02,9238.34,177.96,4600.98,7473.62,183.64,201.41,10584.26,10205.32,9374.24,8412.63,9.05
Boys Sleepwear,Boys,Sleepwear,Retail Stores,2025,May,4,true,9030.84,8787.3,815.77,2590.98,9227.85,1000.45,1286.69,25559.74,29105.5,26661.75,7668.82,81.28
Women Sleepwear,Women,Sleepwear,Wholesale,2024,Jul,6,true,9027.98,8865.49,186.32,5982.29,8178.81,183.75,189.58,9638.44,6919.26,9190.34,11491.85,9.03
Women Dresses,Women,Dresses,Wholesale,2024,Nov,10,true,9010.76,8844.68,154.55,1753.06,8036.53,177.8,184.21,10189.19,14268.98,9346.48,4275.08,9.01
Boys Sleepwear,Boys,Sleepwear,Retail Stores,2026,Aug,7,false,8992.27,8371.31,931.49,3205.68,,1050.22,,,25192.6,26108.45,11039.28,80.93
Boys Sleepwear,Boys,Sleepwear,Wholesale,2024,Feb,1,true,8989.84,9031.98,189.65,4937.33,9237.1,198.03,207.11,8724.26,9026.88,9238.06,9408.05,8.99
Girls Outerwear,Girls,Outerwear,Wholesale,2025,Oct,9,true,8984.18,8839.77,168.65,6727.27,7845.49,169.66,170.04,10988.09,5706.94,8655.01,12110.89,8.98
Women Tops,Women,Tops,Wholesale,2025,Apr,3,true,8960.72,8825.53,158.41,1609.9,8850.92,161.13,152.77,8342.03,14279.11,8603.56,3455.27,8.96
Women Bottoms,Women,Bottoms,Wholesale,2026,Nov,10,false,8908.84,9518.29,199.47,1913.84,,184.53,,,14307.86,9139.79,3934.2,8.91
Boys Swim,Boys,Swim,Retail Stores,2024,Jan,12,true,8905.52,8910.34,1067.03,0,8605.22,970.61,993.52,37764.08,47455.22,37498.95,0,80.15
Women Tops,Women,Tops,Wholesale,2025,Jan,12,true,8886.7,8967.88,195.84,5999.84,7055.69,200.5,218.02,10226.13,7255.68,8396.72,10237.13,8.89
Women Sleepwear,Women,Sleepwear,Retail Stores,2026,Aug,7,false,8855.16,8969.26,864.52,4093.94,,1014.11,,,24441.26,23963.32,9471.02,79.7
Boys Sets,Boys,Sets,Wholesale,2026,Aug,7,false,8839.76,8230.52,173.56,263.93,,193.42,,,18006.09,8964.08,0,8.84
Baby Sets,Baby,Sets,Retail Stores,2025,Feb,1,true,8839.38,8948.53,891.47,820.24,8478.93,898.99,924.15,24348.89,32646.73,23931.36,1102.56,79.55
Boys Sleepwear,Boys,Sleepwear,Wholesale,2025,Mar,2,true,8823.78,8635.74,161.16,3150.43,7877.12,172.83,202.47,7680.06,10678.98,6796.91,5123.36,8.82
Women Bottoms,Women,Bottoms,Wholesale,2024,Sep,8,true,8823.06,8740.62,149.92,5011.74,7455.76,165.54,220.68,6539.8,5912.97,7191.4,10275.85,8.82
Women Tops,Women,Tops,Wholesale,2025,Dec,11,true,8796.93,8540.84,179.06,1758.06,8513.15,185.52,147.42,7467.97,11821.96,7255.68,4424.97,8.8
Baby Sets,Baby,Sets,Retail Stores,2026,Jan,12,false,8784.75,8989.65,870.79,0,,897.89,,,50731.63,40969.93,0,79.06
Girls Outerwear,Girls,Outerwear,Retail Stores,2025,May,4,true,8763.02,8473.46,947.28,3452.22,8508.96,809.79,921.05,24173.02,27771.84,24660.79,6540.63,78.87
Women Sleepwear,Women,Sleepwear,Retail Stores,2025,Oct,9,true,8750.98,8637.58,885.52,5822.04,8931.93,837.86,755.16,22463.54,19761.25,24060.5,13966.85,78.76
Girls Outerwear,Girls,Outerwear,Wholesale,2025,Jun,5,true,8699.17,8647.6,183.33,6312.44,8817.49,179.8,159.56,8131.88,3417.08,7144.15,12614.73,8.7
Women Tops,Women,Tops,Wholesale,2024,Aug,7,true,8696.75,8740.62,150.89,371.54,8532.73,197.63,248.66,8871.22,17165.13,8817.53,555.48,8.7
Women Sleepwear,Women,Sleepwear,Wholesale,2026,Sep,8,false,8663.15,8818.41,180.93,5144.68,,190.88,,,6434.27,7185.83,9614.26,8.66
Women Sleepwear,Women,Sleepwear,Retail Stores,2025,Jun,5,true,8629.01,8551.2,843.13,303.38,8786.42,1039.13,793.57,20827.46,28390.91,20619.37,1974.26,77.66
Women Sleepwear,Women,Sleepwear,Wholesale,2024,Oct,9,true,8626.08,8615.76,177.44,6498.8,7861.79,182.98,221.58,10800.28,5341.62,8740.28,12216.36,8.63
Boys Sleepwear,Boys,Sleepwear,Retail Stores,2024,Apr,3,true,8621.35,8344.61,993.61,6008.91,9396.84,1018.87,1161.57,23654.21,16965.62,24089.43,16841.62,77.59
Boys Sleepwear,Boys,Sleepwear,Retail Stores,2025,Mar,2,true,8614.12,8545.44,1001.39,4473.38,10087.32,988.63,1142.89,17610.09,16260.97,20574.62,13993.93,77.53
Girls Outerwear,Girls,Outerwear,Retail Stores,2026,Oct,9,false,8545.92,9173.11,978.45,5625.56,,986.29,,,18499.14,23489.72,14599.71,76.91
Boys Sleepwear,Boys,Sleepwear,Retail Stores,2026,Jul,6,true,8536.68,7990.8,744.29,4008.54,9160.2,926.99,1130.72,23159.38,22085.63,25192.6,12647.46,76.83
Women Sleepwear,Women,Sleepwear,Retail Stores,2026,Jul,6,true,8491.35,8561.57,813.51,3708.95,9271.13,762.06,868.96,23319.51,21583.08,24441.26,12188.02,76.42
Boys Sets,Boys,Sets,Wholesale,2025,Nov,10,true,8486.68,8469.66,153.94,1523.63,8432.57,162.92,160.69,8715.48,13955.72,8919.8,3622.16,8.49
Women Dresses,Women,Dresses,Wholesale,2026,Apr,3,true,8482.82,8678.44,191.94,2128.99,8138.46,150.31,163.99,8164.54,13733.12,8283.31,3191.8,8.48
Women Bottoms,Women,Bottoms,Retail Stores,2025,Feb,1,true,8478.23,8522.41,821.19,1802.02,9473.94,848.89,901.14,22672.19,27955.75,23814.33,5262.01,76.3
Women Sleepwear,Women,Sleepwear,Wholesale,2024,Jun,5,true,8469.02,8428.46,170,6127.33,9086.85,164.79,140.89,5196.36,3640.09,6919.26,11921.45,8.47
Women Bottoms,Women,Bottoms,Retail Stores,2024,Jul,6,true,8460.89,8486.04,819.65,3889.03,7305.66,1008.45,1278.91,25841.23,24092.94,24584.39,10036.94,76.15
Women Dresses,Women,Dresses,Wholesale,2026,Jan,12,false,8452.08,8818.41,159.18,6077.68,,163.82,,,6791.51,8218.04,10050.88,8.45
Girls Outerwear,Girls,Outerwear,Retail Stores,2026,Jun,5,true,8428.08,9081.38,939.66,389.38,8965.32,789.16,911.59,19525.26,25727.38,20068.05,3633.76,75.85
Girls Outerwear,Girls,Outerwear,Retail Stores,2025,Mar,2,true,8398.25,8240.25,889.98,4202.26,7926.88,792.81,801.34,20099.02,16749.32,19889.46,12406.79,75.58
Baby Sets,Baby,Sets,Wholesale,2026,Aug,7,false,8367.99,8230.52,164.12,0,,182.44,,,16933.46,8374.66,0,8.37
Women Sleepwear,Women,Sleepwear,Retail Stores,2025,Sep,8,true,8323.25,8205.7,852.99,1909.17,6824.37,826.16,837.89,21989.42,21834.89,19761.25,7150.68,74.91
Women Bottoms,Women,Bottoms,Retail Stores,2026,Jan,12,false,8316.47,8561.57,871.24,0,,743.43,,,44539.28,35404.53,0,74.85
Women Dresses,Women,Dresses,Wholesale,2025,Aug,7,true,8311.16,8303.59,181.53,0,7536.27,172.44,178.22,9507.55,17230.62,8738.7,0,8.31
Boys Swim,Boys,Swim,Wholesale,2025,Apr,3,true,8299.41,8237.16,141.37,1428.14,8387.28,150.18,169.71,8506.47,14342.77,8397.13,2512.25,8.3
Girls Outerwear,Girls,Outerwear,Wholesale,2025,Mar,2,true,8286.77,8327.32,172.98,2865.42,8430.2,146.5,183,6288.4,10025.07,6521.71,4938.2,8.29
Boys Sleepwear,Boys,Sleepwear,Retail Stores,2025,Jun,5,true,8279.51,7981.12,947.02,1126.62,8074.22,981.23,1248.9,18901.87,26661.75,19001.91,1675.42,74.52
Baby Accessories,Baby,Accessories,Wholesale,2026,Aug,7,false,8278.45,8642.05,185.7,544.8,,165.03,,,16873.95,8422.2,0,8.28
Boys Swim,Boys,Swim,Wholesale,2024,Aug,7,true,8277.85,8157.92,143.57,0,9336.06,152.26,210.79,6868.43,15916.02,8026.27,548.64,8.28
Boys Swim,Boys,Swim,Wholesale,2025,Jan,12,true,8263.58,8370.02,172.06,5731.24,7042.28,158.12,140.07,10055.18,6051.16,8257.33,10636.13,8.26
Baby Sets,Baby,Sets,Wholesale,2025,Nov,10,true,8261.09,8469.66,156.43,1589.89,8363.06,186.48,238.75,8370.95,14138.71,8623.25,2940.38,8.26
Girls Outerwear,Girls,Outerwear,Retail Stores,2024,Apr,3,true,8243.08,8046.59,804.11,5142.48,7588.34,779.38,798.22,23964.41,16548.17,22327.35,14875.83,74.19
Boys Sleepwear,Boys,Sleepwear,Retail Stores,2025,Oct,9,true,8213.61,8061.74,728,5627.66,8131.82,840.31,1023.62,22429.21,17304.8,22678.2,14501.25,73.92
Women Sleepwear,Women,Sleepwear,Wholesale,2024,Mar,2,true,8204.72,8116.29,162.02,2507.39,8729.51,178.04,163.62,5393.65,9979.03,6418.23,4830.16,8.2
Baby Accessories,Baby,Accessories,Retail Stores,2024,Feb,1,true,8185.58,8242.07,801.47,3362.17,8264.8,951.78,1127.64,24589.95,23689.11,24289.16,9811.08,73.67
Girls Outerwear,Girls,Outerwear,Retail Stores,2026,Sep,8,false,8185.05,8714.45,942.4,2588.79,,744.65,,,21317.3,18499.14,6185.2,73.67
Boys Sleepwear,Boys,Sleepwear,Wholesale,2024,Jul,6,true,8165.62,8274.46,177.03,5776.44,8825.38,145.68,126.34,8295.2,6588.34,8330.15,10061.27,8.17
Women Sleepwear,Women,Sleepwear,Retail Stores,2024,May,4,true,8146.49,8258.74,886.72,2460.05,7816.34,904.46,862.21,22532.99,25276.82,22048.55,5896,73.32
Women Dresses,Women,Dresses,Retail Stores,2024,Jan,12,true,8143.81,7955.66,840.8,0,8358.93,828.55,907.68,34386.82,43721.44,34675.78,0,73.29
Women Dresses,Women,Dresses,Wholesale,2026,Dec,11,false,8127.18,8398.49,173.59,1615.03,,169.08,,,12112.66,6791.51,2983.24,8.13
Boys Sets,Boys,Sets,Wholesale,2026,Jan,12,false,8083.14,7407.47,156.93,4978.33,,184.46,,,6120.09,8513.33,10668.93,8.08
Baby Accessories,Baby,Accessories,Retail Stores,2025,Jan,12,true,8069.24,7999.26,824.09,0,8597.72,775.27,879.67,38865.73,48420.21,39503.07,0,72.62
Women Sleepwear,Women,Sleepwear,Retail Stores,2024,Mar,2,true,8050.16,8031.43,848.92,3981.54,9271.73,728.75,866.44,17554.65,16137.61,19589.19,12302.94,72.45
Boys Sets,Boys,Sets,Retail Stores,2024,Feb,1,true,8035.89,7849.59,814.03,2778.64,8021.03,831.32,859.86,22675.54,23510.48,23079.15,8508.21,72.32
Boys Sleepwear,Boys,Sleepwear,Wholesale,2024,Oct,9,true,8031.38,8041.37,170.99,5970.26,8436.17,174.97,198.88,7604.63,4904.88,8478.52,11788.03,8.03
Women Tops,Women,Tops,Wholesale,2024,Jan,12,true,8018.45,7866.56,143.4,5212.12,9108.89,163.53,119.67,6439.23,6267.92,7788.96,9711.03,8.02
Boys Sleepwear,Boys,Sleepwear,Wholesale,2024,Jun,5,true,8011.39,7866.56,146.63,5617.86,9074.11,152.26,166.92,4236.13,3205.07,6588.34,11554.93,8.01
Women Bottoms,Women,Bottoms,Wholesale,2025,Nov,10,true,7968.79,8066.35,180.96,1778.45,8033.93,150.55,159.31,7392.68,13262.55,7827.04,2691.81,7.97
Girls Outerwear,Girls,Outerwear,Retail Stores,2025,Oct,9,true,7966.7,7773.82,917.72,5396.79,7621.96,761.13,923.29,24704.32,16646.79,24186.27,16339.02,71.7
Girls Outerwear,Girls,Outerwear,Wholesale,2024,Jul,6,true,7891.86,7978.94,157.66,5301.27,7671.56,146.04,162.91,7749.78,6054.31,7686.41,9677.89,7.89
Boys Sets,Boys,Sets,Wholesale,2026,Apr,3,true,7880.71,7289.89,127.19,1112.89,7488.8,158.26,174.69,8884.41,12646.96,8345.48,3745.36,7.88
Women Tops,Women,Tops,Wholesale,2025,May,4,true,7868.72,7829.1,144.05,3830.63,8639.64,177.72,182.74,7001.67,8603.56,7484.08,6934.82,7.87
Boys Swim,Boys,Swim,Wholesale,2025,Dec,11,true,7855.07,7971.45,136.75,1426.36,8366.96,157.55,210.94,5400.41,11371.31,6051.16,2700.32,7.86
Baby Accessories,Baby,Accessories,Wholesale,2024,Nov,10,true,7852.41,7801.01,146.18,1208.35,7842.31,149.75,152.5,8118.48,13723.26,8318.63,2605.39,7.85
Women Tops,Women,Tops,Wholesale,2024,Apr,3,true,7843.31,7741.7,154.04,1368.76,8488.8,158.85,129.52,7405.77,14000.22,8212.66,2222.44,7.84
Baby Sets,Baby,Sets,Retail Stores,2024,Feb,1,true,7824.23,7849.59,730.75,2872.21,7231.82,748.81,730.24,23758.52,23732.99,23214.45,8124.92,70.42
Boys Sets,Boys,Sets,Retail Stores,2025,Jan,12,true,7822.1,7618.34,864.76,0,7879.07,821.35,689.63,36016.81,44658.91,35945.06,0,70.4
Girls Outerwear,Girls,Outerwear,Wholesale,2024,Jun,5,true,7778.12,7585.61,147.8,5752.28,7168.78,153.88,156.86,6384.22,3298.11,6054.31,10695.98,7.78
Boys Sleepwear,Boys,Sleepwear,Retail Stores,2025,Sep,8,true,7747.07,7658.65,838.72,2115.66,8036.54,851.09,802.37,16807.21,21406.79,17304.8,4565.9,69.72
Baby Accessories,Baby,Accessories,Wholesale,2026,Jan,12,false,7717.35,7777.84,144.51,5101.98,,173.43,,,5734.35,8020.36,10184.5,7.72
Boys Sleepwear,Boys,Sleepwear,Wholesale,2024,Mar,2,true,7707.5,7575.21,150.69,2613,8431.18,177.15,177.43,5487.87,9238.06,6362.23,5016.52,7.71
Boys Sets,Boys,Sets,Wholesale,2024,Nov,10,true,7706.89,7429.53,133.87,1494.59,7841.64,149.49,174.65,7440.68,12007.46,7408.23,3264.86,7.71
Girls Outerwear,Girls,Outerwear,Wholesale,2024,Oct,9,true,7705.32,7754.18,162.52,5619.99,7017.89,173.34,180.23,8514.42,4825.03,7595.08,10656.4,7.71
Women Dresses,Women,Dresses,Wholesale,2025,Jan,12,true,7696.34,7473.23,158.94,5048.41,7399.4,143.69,134.18,8045.82,5929.92,7408.18,9325.98,7.7
Boys Sets,Boys,Sets,Wholesale,2026,Dec,11,false,7660.56,7054.73,135.59,1571.02,,171.64,,,11132.21,6120.09,2827.74,7.66
Girls Outerwear,Girls,Outerwear,Retail Stores,2025,Jun,5,true,7653.21,7696.08,801.14,457.85,6306.97,803.11,848.3,19380.7,24660.79,18330.97,2195.37,68.88
Women Sleepwear,Women,Sleepwear,Retail Stores,2024,Oct,9,true,7646.49,7576.82,902.43,4195.39,7845.42,686.47,765.14,22486.94,17101.92,23114.45,14414.31,68.82
Women Sleepwear,Women,Sleepwear,Retail Stores,2025,Aug,7,true,7646.33,7601.07,704.51,3805.53,7406.51,746.25,742.95,21701.3,20300.18,21834.89,9996.11,68.82
Boys Sleepwear,Boys,Sleepwear,Retail Stores,2024,Mar,2,true,7631.8,7496,785.33,3802.27,8006.98,743.84,687.11,16592.27,14323.16,16965.62,11086.79,68.69
Women Bottoms,Women,Bottoms,Retail Stores,2024,Feb,1,true,7623.62,7475.8,867.93,2969.41,8151.66,713.7,839.21,20110.92,20602.93,20687.29,8490.29,68.61
Boys Sleepwear,Boys,Sleepwear,Retail Stores,2024,May,4,true,7616.92,7708.15,832.05,1461.78,7954.78,918.38,1003.87,21926.47,24089.43,21832.99,6347.41,68.55
Women Tops,Women,Tops,Wholesale,2024,Dec,11,true,7613.25,7491.96,133.46,1811.53,8197.21,134.29,109.56,5958.58,11193.76,6267.92,2829.31,7.61
Girls Outerwear,Girls,Outerwear,Retail Stores,2026,Aug,7,false,7601.9,8072.34,906.26,3286.92,,897.88,,,21047.65,21317.3,8837.85,68.42
Women Sleepwear,Women,Sleepwear,Retail Stores,2024,Jun,5,true,7597.45,7501.06,802.91,429.9,8050.83,850.22,1041.59,17818.6,22048.55,18506.32,4973.82,68.38
Boys Sleepwear,Boys,Sleepwear,Retail Stores,2026,Feb,1,true,7574.36,7039.51,641.61,1392.82,8529.64,857.93,853.47,21688.31,23751.72,22598.53,7347.27,68.17
Women Dresses,Women,Dresses,Wholesale,2026,May,4,true,7571.97,7698.62,134.59,3264.06,7994.89,154.47,211.96,7336.86,8283.31,7944.25,7394.96,7.57
Women Sleepwear,Women,Sleepwear,Retail Stores,2026,Feb,1,true,7545.97,7542.33,869.56,1708.62,7682.71,904.75,840.55,22448.04,25707.12,22588.24,5399.75,67.91
Boys Swim,Boys,Swim,Wholesale,2024,Jan,12,true,7539.03,7342.12,144.03,5141.89,7039.56,158.13,231.18,8150.8,5727.64,7251.62,9228.68,7.54
Baby Sets,Baby,Sets,Retail Stores,2025,Jan,12,true,7525.84,7618.34,901.22,0,8067.19,842.89,1027.72,33030.74,42199.35,33762.88,0,67.73
Baby Accessories,Baby,Accessories,Wholesale,2026,Apr,3,true,7518.17,7654.38,133.48,1629.77,7521.86,149.61,138,7513.29,12973.2,7378.7,2080.8,7.52
Boys Sleepwear,Boys,Sleepwear,Retail Stores,2025,Aug,7,true,7517.53,7094.33,788.67,3287.6,7471.55,818.79,801.51,20935.83,19901.7,21406.79,9909.07,67.66
Girls Outerwear,Girls,Outerwear,Retail Stores,2025,Sep,8,true,7475.34,7385.13,711.79,2082.14,6785.66,874.49,878.71,17717.32,20547.23,16646.79,4516.66,67.28
Women Dresses,Women,Dresses,Wholesale,2024,Aug,7,true,7465.2,7283.85,132.54,0,7337.72,147.77,165.82,7385.32,14751.61,7273.86,142.7,7.47
Women Bottoms,Women,Bottoms,Wholesale,2026,Aug,7,false,7456.06,7838.59,157.68,0,,156.35,,,14598.68,7078.54,99.72,7.46
Baby Sets,Baby,Sets,Wholesale,2026,Jan,12,false,7431.52,7407.47,157.5,5210.34,,142.69,,,5708.91,7388.92,9261.65,7.43
Girls Outerwear,Girls,Outerwear,Retail Stores,2024,May,4,true,7431.05,7432.86,840.57,2777.71,6071.62,696.96,747.22,21342.43,22327.35,20357.52,6225.06,66.88
Baby Sets,Baby,Sets,Wholesale,2024,Nov,10,true,7428.12,7429.53,152.96,1572.57,7238.36,164.16,183.2,7378.68,12110.88,7496.86,2985.68,7.43
Women Sleepwear,Women,Sleepwear,Wholesale,2025,Sep,8,true,7377.05,7473.23,169.04,4320.66,6995.29,148.7,205.67,5631.6,5654.28,5559.62,7438.47,7.38
Baby Accessories,Baby,Accessories,Wholesale,2025,Aug,7,true,7364.83,7323.77,131.44,155.19,6021.07,165.24,165.49,8901.31,15095.21,7557.78,0,7.36
Boys Sleepwear,Boys,Sleepwear,Retail Stores,2024,Oct,9,true,7319.22,7071.7,826.25,5303.24,7142.71,873.37,886.11,20944.9,16077.68,21458.65,13639.44,65.87
Baby Sets,Baby,Sets,Wholesale,2026,Apr,3,true,7316.7,7289.89,125.42,1158.84,7661.77,160.24,121.63,7352.12,12157.29,7718.89,3045.85,7.32
Girls Outerwear,Girls,Outerwear,Retail Stores,2026,Jul,6,true,7299.85,7705.41,716.95,3723.19,6715.8,840.99,781.64,20508.73,20068.05,21047.65,9186.13,65.7
Women Dresses,Women,Dresses,Wholesale,2025,Apr,3,true,7292.2,7354.61,146.25,1668.68,7122.8,164.84,200.52,7234.54,12852.02,6956.02,1568.33,7.29
Girls Outerwear,Girls,Outerwear,Wholesale,2026,Sep,8,false,7286.62,7936.57,160.47,5001.31,,143.83,,,5126.39,5759.88,8071.22,7.29
Women Bottoms,Women,Bottoms,Retail Stores,2025,Jan,12,true,7260.72,7255.57,836.4,0,7328.47,771.92,925.88,35420.21,43738.72,35640.74,0,65.35
Boys Swim,Boys,Swim,Wholesale,2025,May,4,true,7255.45,7307.16,124.69,3503.35,7257.62,143.88,160.26,8451.01,8397.13,7670.57,6680.03,7.26
Boys Swim,Boys,Swim,Wholesale,2024,Apr,3,true,7249.73,7225.58,146.49,1323.29,6422.55,143.35,151.95,7553.16,12611.25,6866.45,1655.54,7.25
Baby Sets,Baby,Sets,Wholesale,2025,Aug,7,true,7244.14,6975.02,125.29,180.37,8285.85,145.25,152.31,6082.94,14530.07,7133.43,0,7.24
Baby Accessories,Baby,Accessories,Wholesale,2026,Dec,11,false,7243.6,7407.47,145.64,1360.81,,125.77,,,9909.76,5734.35,3201.2,7.24
Women Sleepwear,Women,Sleepwear,Retail Stores,2025,Jul,6,true,7237.9,7255.57,791.75,3212.74,7649.98,830.36,1141.05,19106.1,20619.37,20300.18,7814.2,65.14
Girls Outerwear,Girls,Outerwear,Retail Stores,2024,Mar,2,true,7234.49,7228.29,717.19,3807.86,6925.96,834.6,971.52,16918.23,15073.58,16548.17,9608.8,65.11
Girls Outerwear,Girls,Outerwear,Retail Stores,2025,Aug,7,true,7210.85,6840.96,808.93,2994.47,6413.23,807.94,944.56,20624.86,18169.91,20547.23,10461.01,64.9
Girls Outerwear,Girls,Outerwear,Wholesale,2024,Mar,2,true,7201.11,7304.66,150.29,2379.98,7553.25,124.06,131.03,5244.08,9581.66,5880.35,3631.05,7.2
Women Dresses,Women,Dresses,Wholesale,2025,Dec,11,true,7178.63,7117.36,128.75,1197.52,6582.15,140.12,171.55,6554.69,10414.88,5929.92,2840.97,7.18
Women Sleepwear,Women,Sleepwear,Retail Stores,2024,Sep,8,true,7158.88,7197.98,725.8,2456.17,6950.5,771.04,723.58,16805.71,18971.96,17101.92,6124.31,64.43
Women Bottoms,Women,Bottoms,Wholesale,2024,Nov,10,true,7150.14,7075.74,136.91,1643.69,6598.61,121.72,143.92,7164.98,11314.37,6920.29,2884.93,7.15
Boys Sleepwear,Boys,Sleepwear,Wholesale,2026,Nov,10,false,7146.02,6662.8,125.65,1597.63,,162.95,,,10841.96,7416.73,3890.88,7.15
Baby Sets,Baby,Sets,Wholesale,2026,Dec,11,false,7136.36,7054.73,153.37,1547.71,,164.04,,,9375.12,5708.91,3641.33,7.14
Boys Sleepwear,Boys,Sleepwear,Retail Stores,2024,Jun,5,true,7116.61,7000.98,812.64,873.47,7956.07,834.47,965.96,15116.57,21832.99,15897.56,2079.71,64.05
Boys Sets,Boys,Sets,Wholesale,2025,Aug,7,true,7052.16,6975.02,124.41,242.5,5642.1,149.65,143,8542.83,13792.54,7151.85,568.17,7.05
Women Tops,Women,Tops,Wholesale,2024,May,4,true,7028.38,6867.63,124.41,3202.75,6788.73,127.82,195.27,6743.25,8212.66,6612.7,5563.27,7.03
Boys Sets,Boys,Sets,Wholesale,2026,May,4,true,7008.99,6466.84,147.71,3266.84,8430.74,137.04,153.46,5072.6,8345.48,7080.01,5887.57,7.01
Boys Sleepwear,Boys,Sleepwear,Wholesale,2025,Sep,8,true,7007.43,6975.02,126.18,4211.06,6993.06,132.61,133.98,5648.04,4647.91,5356.67,7855.81,7.01
Women Sleepwear,Women,Sleepwear,Wholesale,2026,Nov,10,false,7006.77,7138.72,137.13,1324.04,,150.52,,,10818.55,6814.56,3160.3,7.01
Boys Swim,Boys,Swim,Wholesale,2024,Dec,11,true,6979.08,6992.5,151.57,1535.82,6962.62,140.04,176.6,5827.5,9648.74,5727.64,3205,6.98
Women Bottoms,Women,Bottoms,Wholesale,2026,Jan,12,false,6913.5,7054.73,128.82,4490.7,,132.32,,,4992.96,6656.65,8716.42,6.91
Baby Accessories,Baby,Accessories,Retail Stores,2024,Jan,12,true,6867.39,7016.9,791.29,0,7111.84,659.62,837.9,33293.39,41318.73,33729.9,0,61.81
Women Sleepwear,Women,Sleepwear,Retail Stores,2024,Aug,7,true,6856.43,6667.6,723.39,2462.34,6870.1,682.02,683.8,19034.85,17485.54,18971.96,9086.58,61.71
Girls Outerwear,Girls,Outerwear,Retail Stores,2024,Jun,5,true,6852.33,6750.95,800.33,664.4,6594.63,703.03,848.37,14950.78,20357.52,14819.25,2078.77,61.67
Boys Sets,Boys,Sets,Retail Stores,2024,Jan,12,true,6795.37,6682.76,688.03,0,7311.46,608.06,739.17,30878.39,39001.67,31537.08,0,61.16
Women Sleepwear,Women,Sleepwear,Wholesale,2024,Sep,8,true,6794.35,6555.47,139.17,3626.41,5866.69,131.04,161.73,6166.1,4830.82,5341.62,7442.99,6.79
Boys Sleepwear,Boys,Sleepwear,Retail Stores,2024,Sep,8,true,6747.11,6718.12,665.54,1496.1,6920.75,808.43,768.72,15953.89,17354.72,16077.68,6339.22,60.72
Girls Outerwear,Girls,Outerwear,Wholesale,2025,Sep,8,true,6739.99,6725.91,131.84,3880.92,7868.08,130.09,119.92,3528.58,4352.27,5706.94,8231.49,6.74
Baby Accessories,Baby,Accessories,Wholesale,2025,Jan,12,true,6724.07,6591.39,132.14,4117.63,7945.56,115.37,125.52,4922.48,5018.25,6357.6,8185.52,6.72
Women Bottoms,Women,Bottoms,Wholesale,2025,Aug,7,true,6713.13,6642.87,134.6,145.85,7012.57,147.38,190.77,6353.25,13564.3,6697.07,0,6.71
Girls Outerwear,Girls,Outerwear,Retail Stores,2024,Oct,9,true,6709.32,6819.14,628.95,4718.08,6833.99,599.71,563.56,17951.92,14317.93,18745.69,11797.17,60.38
Girls Outerwear,Girls,Outerwear,Retail Stores,2025,Jul,6,true,6693.26,6530.01,642.27,3102.47,6247.24,613.27,692.82,18668.89,18330.97,18169.91,7205.71,60.24
Boys Sleepwear,Boys,Sleepwear,Retail Stores,2025,Jul,6,true,6685.24,6771.86,798.38,3039.5,6368.65,781.3,997.02,20281.8,19001.91,19901.7,8426.5,60.17
Baby Sets,Baby,Sets,Retail Stores,2024,Jan,12,true,6673.92,6682.76,781.95,0,6027.53,684.19,826.99,33143.01,40064.91,32646.73,0,60.07
Women Bottoms,Women,Bottoms,Wholesale,2026,Apr,3,true,6667.65,6942.75,149.49,1351.96,6951.9,115.09,156.69,5770.27,11388.11,6329.44,1730.75,6.67
Women Sleepwear,Women,Sleepwear,Retail Stores,2025,Feb,1,true,6602.46,6391.81,574.26,1066.73,7064.36,699.29,731.43,19769.38,21066.98,19846.94,6141.13,59.42
Baby Accessories,Baby,Accessories,Wholesale,2026,May,4,true,6594.38,6790.18,119.72,3415.43,6205.79,123.45,112.41,6734,7378.7,6723.6,6069.33,6.59
Baby Accessories,Baby,Accessories,Wholesale,2024,Aug,7,true,6545.19,6424.36,144.73,0,6320.95,144.94,170.84,7542.35,14040.11,7343.43,0,6.55
Women Dresses,Women,Dresses,Wholesale,2024,Apr,3,true,6510.38,6451.41,145.28,1607.42,6338.65,134.81,159.88,6902.16,10806.67,6561.55,2406.57,6.51
Women Dresses,Women,Dresses,Wholesale,2025,May,4,true,6498.52,6524.25,123.7,2683.18,6922.12,112.61,124.01,5903.69,6956.02,6636.55,6298.15,6.5
Girls Outerwear,Girls,Outerwear,Retail Stores,2024,Sep,8,true,6465.02,6478.18,611.28,1335.68,6720.91,684.6,838.72,13997.41,17567.76,14317.93,3957.98,58.19
Boys Sets,Boys,Sets,Wholesale,2024,Aug,7,true,6454.78,6118.44,135.13,0,6298.01,146.17,190.05,6721.43,13186.1,6610.75,32.05,6.45
Boys Sleepwear,Boys,Sleepwear,Retail Stores,2026,Jan,12,false,6452.17,5993.1,686.23,0,,581.69,,,37483.95,30392.02,0,58.07
Women Sleepwear,Women,Sleepwear,Retail Stores,2024,Jul,6,true,6429.38,6364.53,617.3,3575.99,6600.53,679.04,706.49,16959.23,18506.32,17485.54,6145.52,57.86
Girls Outerwear,Girls,Outerwear,Retail Stores,2026,Feb,1,true,6423.81,6788.1,657.18,1365.23,6260.58,678.13,828.47,17303.71,21111.85,17667.57,3715.47,57.81
Women Bottoms,Women,Bottoms,Wholesale,2026,Dec,11,false,6393.95,6718.79,145.72,1606.62,,121.06,,,9139.79,4992.96,2374.58,6.39
Women Bottoms,Women,Bottoms,Retail Stores,2024,Jan,12,true,6377.7,6364.53,580.32,0,6376.84,731.96,836.79,27847.83,35122.8,27955.75,0,57.4
Baby Sets,Baby,Sets,Wholesale,2026,May,4,true,6374.07,6466.84,116.99,3168.25,7236.14,145.07,175.34,5150.51,7718.89,6370.91,5177.53,6.37
Women Dresses,Women,Dresses,Wholesale,2024,Jan,12,true,6367.1,6555.47,149.47,4183.17,6742.45,128.94,140.49,4914.1,4714.41,6372.61,8160.61,6.37
Baby Accessories,Baby,Accessories,Wholesale,2025,Dec,11,true,6365.74,6277.52,138.09,1393.6,5929,142.33,126.54,5328.29,8705.71,5018.25,2826.98,6.37
Boys Swim,Boys,Swim,Wholesale,2024,May,4,true,6358.7,6409.79,120.94,3136.42,6901.95,128.36,144.94,5664.89,6866.45,5998.1,5625.08,6.36
Baby Accessories,Baby,Accessories,Wholesale,2025,Apr,3,true,6344.44,6486.77,128.47,1037.35,6078.08,128.2,159.9,6254.45,11249.73,6002.39,1231.64,6.34
Boys Sets,Boys,Sets,Wholesale,2025,Apr,3,true,6312.53,6177.87,123.94,1439.74,5258.98,107.97,134.03,7275.02,9829.88,6112.61,2709.54,6.31
Women Sleepwear,Women,Sleepwear,Retail Stores,2026,Jan,12,false,6283.52,6421.18,715.93,0,,734.01,,,38330.44,31256.36,0,56.55
Baby Sets,Baby,Sets,Wholesale,2025,Jan,12,true,6250.67,6277.52,123.7,4224.92,6449.8,110.72,139.21,5660.48,4919.08,6366.47,7815.03,6.25
Boys Sleepwear,Boys,Sleepwear,Retail Stores,2024,Aug,7,true,6243.06,6223.1,746.76,2581.59,6218.44,724.62,729.4,15871.75,16252.86,17354.72,8125.73,56.19
Boys Sleepwear,Boys,Sleepwear,Wholesale,2024,Sep,8,true,6203.71,6118.44,124.76,3513.8,7303.84,129.26,125.93,3046.22,4157.31,4904.88,7086.74,6.2
Women Dresses,Women,Dresses,Wholesale,2024,Dec,11,true,6202.26,6243.3,141.38,1497.62,5721.56,110.49,97.57,5417.68,9346.48,4714.41,1686.87,6.2
Boys Sets,Boys,Sets,Wholesale,2025,Jan,12,true,6199.27,6277.52,107.77,4218.77,6894.28,128.37,142.87,4678.18,5000.57,5943.4,7276.68,6.2
Women Sleepwear,Women,Sleepwear,Wholesale,2025,Nov,10,true,6151.75,6049.76,120.38,1257.61,5362.54,106.22,148.27,6964.09,9793.74,6069.01,2539.39,6.15
Boys Sets,Boys,Sets,Wholesale,2025,Dec,11,true,6094.12,5978.59,133.23,1423.49,5825.38,112.74,115.57,5265.72,8919.8,5000.57,2293.73,6.09
Baby Sets,Baby,Sets,Wholesale,2025,Apr,3,true,6088.81,6177.87,105.08,1044.86,5892.45,113.92,128.1,6015.3,10179.52,5855.15,1884.45,6.09
Girls Outerwear,Girls,Outerwear,Retail Stores,2024,Aug,7,true,6021.8,6000.84,654.43,3340.03,5631.35,566.95,663.71,18096.74,16412.17,17567.76,7798.53,54.2
Boys Sleepwear,Boys,Sleepwear,Wholesale,2026,Aug,7,false,5996.19,5487.01,106.53,284.46,,110.75,,,11513.68,5953.28,552.54,6
Baby Sets,Baby,Sets,Wholesale,2025,Dec,11,true,5996.01,5978.59,116.32,1458.87,6677.12,104.2,108.37,4215.22,8623.25,4919.08,2402.03,6
Baby Sets,Baby,Sets,Wholesale,2024,Aug,7,true,5989.21,6118.44,110.38,254.43,6672.05,133.01,132.47,5772.75,12583.28,6455.07,0,5.99
Girls Outerwear,Girls,Outerwear,Wholesale,2026,Nov,10,false,5979.07,6424.85,128.05,1222.66,,101.81,,,9824.41,6218.04,2480.49,5.98
Boys Sleepwear,Boys,Sleepwear,Retail Stores,2025,Feb,1,true,5939.52,5965.69,610.03,1121.5,6786.86,605.38,647.82,15673.03,21405.24,16260.97,1454.08,53.46
Women Bottoms,Women,Bottoms,Wholesale,2025,Jan,12,true,5917.68,5978.59,108.03,3954.21,4767.08,135.14,126.8,6907.66,4558.49,5769.64,7269.89,5.92
Women Bottoms,Women,Bottoms,Wholesale,2026,May,4,true,5905.47,6158.89,129.41,2670.56,5686.86,113.27,171.39,5542.37,6329.44,5694.28,5389.49,5.91
Women Bottoms,Women,Bottoms,Wholesale,2025,Apr,3,true,5899.84,5883.69,120.84,1304.11,5462.84,110.57,125.9,6669.63,9256.92,6157.38,2916.77,5.9
Girls Outerwear,Girls,Outerwear,Wholesale,2024,Sep,8,true,5895.98,5899.92,101.87,3189.67,5697.79,129.78,126.83,4630.12,4007.3,4825.03,6849.4,5.9
Women Bottoms,Women,Bottoms,Wholesale,2024,Aug,7,true,5857.2,5827.08,102.49,0,5789.52,115.84,122.41,5965.2,11415.66,5912.97,476.2,5.86
Women Dresses,Women,Dresses,Wholesale,2024,May,4,true,5852.21,5723.03,104.48,2566.77,5381.1,117.32,121.66,6375.78,6561.55,5720.91,5134.75,5.85
Boys Sleepwear,Boys,Sleepwear,Retail Stores,2024,Jul,6,true,5831.56,5940.23,590.21,3201.98,6085.52,548.04,583.05,15679.78,15897.56,16252.86,6787.38,52.48
Baby Accessories,Baby,Accessories,Wholesale,2025,May,4,true,5830.71,5754.39,116.99,2598.83,5991.95,120.56,117.46,5575.41,6002.39,5782.6,5737.31,5.83
Women Bottoms,Women,Bottoms,Wholesale,2025,Dec,11,true,5757.79,5693.89,128.25,1061.48,5489.75,117.73,133.93,4863.01,7827.04,4558.49,2612.72,5.76
Baby Accessories,Baby,Accessories,Wholesale,2024,Apr,3,true,5756.56,5690.15,113.39,814.15,7148.53,116.02,111.24,4469.85,9696.68,5681.39,1863.04,5.76
Girls Outerwear,Girls,Outerwear,Retail Stores,2025,Feb,1,true,5743.19,5752.63,648.11,1904.87,5532.66,681.52,706.39,16939.85,18576.15,16749.32,4649.56,51.69
Baby Accessories,Baby,Accessories,Wholesale,2024,Dec,11,true,5691.74,5506.59,111.73,1271,5651.54,107.93,127.55,4556.1,8318.63,4741.25,2227.98,5.69
Boys Sets,Boys,Sets,Wholesale,2024,Jan,12,true,5675.95,5506.59,109.66,3599.33,6707.81,99.34,90.66,3909.12,4129.41,5879.76,7531.31,5.68
Girls Outerwear,Girls,Outerwear,Retail Stores,2024,Jul,6,true,5675.44,5728.08,546.78,2211.07,5655.73,581.41,521.5,17624.43,14819.25,16412.17,7900.85,51.08
Women Sleepwear,Women,Sleepwear,Wholesale,2026,Aug,7,false,5675.23,5878.94,119.82,0,,125.78,,,12240.95,6434.27,0,5.68
Baby Accessories,Baby,Accessories,Wholesale,2024,Jan,12,true,5642.76,5781.92,118.83,3880.07,5145.35,105.42,145.46,5961.14,4741.25,5572.77,6585.35,5.64
Boys Sleepwear,Boys,Sleepwear,Wholesale,2025,Nov,10,true,5605.51,5646.44,114.17,1109.41,5282.13,117.18,133.04,6146.74,9790.04,5794.39,1732.64,5.61
Women Sleepwear,Women,Sleepwear,Retail Stores,2024,Feb,1,true,5575.08,5606.85,525.78,2336.73,5081.27,645.86,683.94,16423.6,16368.11,16137.61,6040.61,50.18
Boys Sets,Boys,Sets,Wholesale,2025,May,4,true,5559.4,5480.37,95.06,2215.62,5983.17,95.94,93.58,4573.1,6112.61,5336.42,4884.7,5.56
Women Sleepwear,Women,Sleepwear,Retail Stores,2025,Jan,12,true,5524.23,5441.67,648.68,0,5252.01,578.39,858.28,25703.09,31859.46,25707.12,0,49.72
Girls Outerwear,Girls,Outerwear,Retail Stores,2026,Jan,12,false,5439.76,5779.06,571.07,0,,514.86,,,31216.02,25212.45,0,48.96
Baby Sets,Baby,Sets,Wholesale,2025,May,4,true,5438.42,5480.37,102.12,2650.11,5272.33,106.82,129.53,6517.06,5855.15,5564.78,5260.31,5.44
Girls Outerwear,Girls,Outerwear,Wholesale,2025,Nov,10,true,5431.1,5444.78,99.23,1115.07,5745.35,120.77,115.82,4993.17,8655.01,5597.15,2499.44,5.43
Boys Sets,Boys,Sets,Wholesale,2024,Apr,3,true,5403.84,5419.19,123.73,1169.47,5182.19,108.73,90.61,5885.28,8817.36,5650.95,2351.56,5.4
Baby Sets,Baby,Sets,Wholesale,2024,Apr,3,true,5344.71,5419.19,118.09,1227.87,5504.96,107.5,114.19,5644.3,8651.23,5642.35,2448.68,5.34
Women Bottoms,Women,Bottoms,Wholesale,2024,Jan,12,true,5317.01,5244.37,90.72,3534.91,4880.69,91.04,117.38,6163.07,3772.09,5472.51,7113.79,5.32
Baby Sets,Baby,Sets,Wholesale,2024,Jan,12,true,5316.24,5506.59,98.95,3574.13,5192.91,122.16,162.17,5782.65,3991.5,5063.87,6516.08,5.32
Women Bottoms,Women,Bottoms,Wholesale,2025,May,4,true,5307.88,5219.4,98.46,2343.84,4939.8,109.79,100.23,6123.36,6157.38,5511.43,4777.04,5.31
Baby Sets,Baby,Sets,Wholesale,2024,Dec,11,true,5299.34,5244.37,100.62,1433.52,4894.05,106.31,127.02,4462.54,7496.86,3991.5,1905.59,5.3
Boys Sleepwear,Boys,Sleepwear,Wholesale,2026,Jan,12,false,5291.82,4938.31,106.03,3175.6,,96.97,,,3820.4,5060.32,6633.99,5.29
Women Bottoms,Women,Bottoms,Wholesale,2024,Apr,3,true,5285.33,5161.13,106.89,1115.4,5497.6,100.07,141.38,5129.98,8748.9,5331.36,1973.14,5.29
Boys Sets,Boys,Sets,Wholesale,2024,Dec,11,true,5249.51,5244.37,113.98,789.37,6438.58,117.84,107.02,2965.8,7408.23,4129.41,2093.77,5.25
Women Sleepwear,Women,Sleepwear,Wholesale,2024,Nov,10,true,5225.11,5306.81,110.5,1123.85,6018.1,104.18,110.41,4322.8,8740.28,5249.04,1843.27,5.23
Girls Outerwear,Girls,Outerwear,Retail Stores,2024,Feb,1,true,5217.14,5046.16,528.17,2124.45,5106.18,618.43,649.41,15017.26,15431.01,15073.58,5525.1,46.95
Boys Sleepwear,Boys,Sleepwear,Retail Stores,2024,Feb,1,true,5189.28,5233.06,476.12,2349.32,4816.09,474.36,426.05,14683.63,14840.96,14323.16,5192.54,46.7
Women Sleepwear,Women,Sleepwear,Wholesale,2026,Apr,3,true,5184.25,5207.06,106.71,862.11,5693.58,100.72,96.03,4964.08,8813.33,5408.76,1885.58,5.18
Women Sleepwear,Women,Sleepwear,Wholesale,2026,Jan,12,false,5178.88,5291.05,102.27,3476.7,,93.94,,,4042.77,5114.92,6350.15,5.18
Boys Sleepwear,Boys,Sleepwear,Wholesale,2026,Apr,3,true,5135.79,4859.93,87.23,848.81,4887.61,92.93,120.15,5041.25,8572.21,4842.63,1504.28,5.14
Boys Sleepwear,Boys,Sleepwear,Retail Stores,2025,Jan,12,true,5113.15,5078.9,598.46,0,5306.16,502.23,516.67,23537.55,29413.11,23751.72,0,46.02
Boys Sleepwear,Boys,Sleepwear,Wholesale,2026,Dec,11,false,5026.04,4703.15,100.14,848.88,,95.54,,,7416.73,3820.4,1530.29,5.03
Baby Accessories,Baby,Accessories,Wholesale,2024,May,4,true,5005.66,5047.71,99.37,2437.49,5094.21,87.35,72.64,4897.8,5681.39,4948.48,4365.11,5.01
Boys Sleepwear,Boys,Sleepwear,Wholesale,2024,Nov,10,true,5003.36,4953.02,99.02,981.92,4724.26,100.31,90.79,4928.87,8478.52,4791.43,1421.59,5
Girls Outerwear,Girls,Outerwear,Wholesale,2026,Aug,7,false,4999.75,5291.05,106.95,0,,97.18,,,9555.25,5126.39,673.06,5
Women Bottoms,Women,Bottoms,Wholesale,2024,Dec,11,true,4981.16,4994.64,97.62,1000.1,5236.22,93.98,129.45,3517.88,6920.29,3772.09,1931.92,4.98
Girls Outerwear,Girls,Outerwear,Retail Stores,2025,Jan,12,true,4974.91,4897.51,579.42,0,4853.06,476.44,484.64,21229.8,26607.98,21111.85,0,44.77
Women Sleepwear,Women,Sleepwear,Wholesale,2026,Dec,11,false,4952.18,5039.09,110.78,1320.35,,110.7,,,6814.56,4042.77,2296.05,4.95
Women Sleepwear,Women,Sleepwear,Retail Stores,2024,Jan,12,true,4892.55,4773.4,554.45,0,4655.84,476.86,606.96,21175.53,26480.43,21066.98,0,44.03
Baby Sets,Baby,Sets,Wholesale,2024,May,4,true,4855.9,4807.34,90.45,2212.89,4688.16,90.8,79.47,4800.59,5642.35,4670.02,3979.22,4.86
Women Sleepwear,Women,Sleepwear,Wholesale,2025,Aug,7,true,4833.28,4982.16,103.18,0,5172.47,103.83,127.51,5291.23,10596.23,5654.28,0,4.83
Boys Sets,Boys,Sets,Wholesale,2024,May,4,true,4823.58,4807.34,103.37,2029.22,5381.98,94.6,110.04,3764,5650.95,4764.27,4036.33,4.82
Girls Outerwear,Girls,Outerwear,Wholesale,2024,Nov,10,true,4694.05,4776.13,84.88,1094.2,4820.22,88.54,97.99,4561.01,7595.08,4845.97,2038.18,4.69
Boys Sleepwear,Boys,Sleepwear,Wholesale,2025,Aug,7,true,4690.04,4650.01,103.75,42.72,4813.21,83.69,91.68,4516.32,9426.34,4647.91,0,4.69
Women Sleepwear,Women,Sleepwear,Wholesale,2026,May,4,true,4623.48,4619.17,90.76,2283.87,4637.49,101.54,88.57,3900.74,5408.76,4702.67,4023.56,4.62
Women Bottoms,Women,Bottoms,Wholesale,2024,May,4,true,4599.04,4578.42,79.49,2093.17,4629.38,87.84,76.91,4330.16,5331.36,4495.17,3855.29,4.6
Boys Sleepwear,Boys,Sleepwear,Wholesale,2026,May,4,true,4575.31,4311.23,85.77,1766.26,4565.83,82.45,90.68,4578.67,4842.63,4445.09,4264.81,4.58
Women Sleepwear,Women,Sleepwear,Wholesale,2025,Jan,12,true,4504.38,4483.94,102.67,2808.27,3906.41,94.52,113.12,5293.65,3387.48,4701.5,5917.43,4.5
Boys Sleepwear,Boys,Sleepwear,Retail Stores,2024,Jan,12,true,4459.87,4455.17,406.9,0,4463.26,524.03,678.05,21251.34,26429.28,21405.24,0,40.14
Girls Outerwear,Girls,Outerwear,Wholesale,2026,Apr,3,true,4421.22,4686.36,98.32,734.66,5085.6,78.41,89.37,3865.14,7544.92,4610.93,1570.06,4.42
Women Sleepwear,Women,Sleepwear,Wholesale,2025,Apr,3,true,4419.51,4412.77,96.62,1039.76,3486.12,83.89,95.57,5476.53,7830.39,4491.76,1169.19,4.42
Girls Outerwear,Girls,Outerwear,Wholesale,2026,Jan,12,false,4387.89,4761.94,99.82,3194.48,,96.75,,,3419.26,4622.97,5692.73,4.39
Girls Outerwear,Girls,Outerwear,Wholesale,2025,Aug,7,true,4381.93,4483.94,83.32,183.91,4763.13,97.09,106.2,3962.07,8835.67,4352.27,0,4.38
Girls Outerwear,Girls,Outerwear,Retail Stores,2024,Jan,12,true,4353.39,4296.06,400.81,0,4756.27,504.04,493.95,18181.05,23472.77,18576.15,0,39.18
Boys Sleepwear,Boys,Sleepwear,Wholesale,2025,Jan,12,true,4317.52,4185.01,78.85,2866.27,4498.02,85.07,108.88,3900.29,3316.59,4268.27,5358.59,4.32
Women Sleepwear,Women,Sleepwear,Wholesale,2024,Aug,7,true,4279.21,4370.31,75.23,0,4598.56,76.03,89.53,4497.64,9190.34,4830.82,0,4.28
Boys Sleepwear,Boys,Sleepwear,Wholesale,2024,Aug,7,true,4231.59,4078.96,81.49,0,4507.41,86.34,86.23,3882.15,8330.15,4157.31,149.32,4.23
Boys Sleepwear,Boys,Sleepwear,Wholesale,2025,Apr,3,true,4202.44,4118.58,84.56,600.37,4253.79,95.38,123.17,4203.37,6796.91,4334.18,1839.29,4.2
Girls Outerwear,Girls,Outerwear,Wholesale,2026,Dec,11,false,4167.56,4535.18,79.28,823.7,,73.04,,,6218.04,3419.26,1445.99,4.17
Women Sleepwear,Women,Sleepwear,Wholesale,2025,Dec,11,true,4164.62,4270.42,75.53,1162.61,4092.86,80.02,83.45,3506.11,6069.01,3387.48,1567.27,4.16
Girls Outerwear,Girls,Outerwear,Wholesale,2025,Jan,12,true,4079.72,4035.55,90.29,2715.4,3746.27,70.86,89.14,4374.67,3152.53,4144.03,5146.17,4.08
Girls Outerwear,Girls,Outerwear,Wholesale,2025,Apr,3,true,4049.63,3971.49,87.32,740.01,3903.47,87.36,97.25,4331.47,6521.71,4223.12,1842.45,4.05
Women Sleepwear,Women,Sleepwear,Wholesale,2024,Jan,12,true,4016.81,3933.28,88.28,2551.32,4392.58,73.8,74.96,3668.35,3166.56,4071.82,4999.88,4.02
Women Sleepwear,Women,Sleepwear,Wholesale,2024,Apr,3,true,4009.42,3870.85,85.12,555.9,4124.88,90.05,106.07,4006.88,6418.23,4077.42,1762.67,4.01
Boys Sleepwear,Boys,Sleepwear,Wholesale,2025,Dec,11,true,3973.78,3985.72,85.9,816.59,3866.53,80.32,65.39,3606.18,5794.39,3316.59,1580.28,3.97
Girls Outerwear,Girls,Outerwear,Wholesale,2024,Aug,7,true,3969.68,3933.28,81.4,0,4432.45,72.59,77.74,3532.29,7686.41,4007.3,367.12,3.97
Girls Outerwear,Girls,Outerwear,Wholesale,2026,May,4,true,3920.63,4157.25,92.51,1855.34,4003.21,71.94,76.66,4026.17,4610.93,4108.85,3494.41,3.92
Girls Outerwear,Girls,Outerwear,Wholesale,2025,Dec,11,true,3846.99,3843.38,66.68,754,3265.09,72.41,71.37,3681.46,5597.15,3152.53,1478.62,3.85
Women Sleepwear,Women,Sleepwear,Wholesale,2025,May,4,true,3814.93,3914.55,78.83,1684.43,4029.4,82.4,110.37,3665.13,4491.76,3868.12,3277.5,3.81
Women Sleepwear,Women,Sleepwear,Wholesale,2024,Dec,11,true,3803.71,3745.98,68.08,710.55,3776.55,85.48,113.67,2935.39,5249.04,3166.56,1810.52,3.8
Boys Sleepwear,Boys,Sleepwear,Wholesale,2024,Jan,12,true,3770.43,3671.06,64.64,2327.14,4031.6,86.07,86.52,3216.35,2842.06,3659.72,4677.94,3.77
Boys Sleepwear,Boys,Sleepwear,Wholesale,2025,May,4,true,3724.07,3653.58,80.5,1698.94,3631.53,75.85,78.69,3721.1,4334.18,3758.53,3228,3.72
Girls Outerwear,Girls,Outerwear,Wholesale,2024,Apr,3,true,3597.37,3483.76,62.75,425.68,3188.62,81.47,94.99,3824.13,5880.35,3441.85,1243.94,3.6
Boys Sleepwear,Boys,Sleepwear,Wholesale,2024,Apr,3,true,3584.29,3612.79,78.13,397.3,3591.79,78.97,93.25,3387.83,6362.23,3426.63,731.26,3.58
Girls Outerwear,Girls,Outerwear,Wholesale,2024,Jan,12,true,3551.41,3539.95,62.94,2462.9,3917.07,67.86,67.79,2749.87,2939.21,3346.06,4029.68,3.55
Girls Outerwear,Girls,Outerwear,Wholesale,2025,May,4,true,3534.15,3523.1,68.37,1561,3455.69,64.75,72.14,3643.27,4223.12,3417.08,2796.39,3.53
Boys Sleepwear,Boys,Sleepwear,Wholesale,2024,Dec,11,true,3531.34,3496.25,71.09,641.96,3174.62,61.51,54.14,2995.63,4791.43,2842.06,1647.01,3.53
Girls Outerwear,Girls,Outerwear,Wholesale,2024,Dec,11,true,3500.52,3371.38,75.59,709.11,3523.01,76.93,78.01,2927.34,4845.97,2939.21,1674.19,3.5
Women Sleepwear,Women,Sleepwear,Wholesale,2024,May,4,true,3434.84,3433.82,69.03,1786.14,3201.15,68.21,52.71,4075.14,4077.42,3640.09,3069.16,3.43
Boys Sleepwear,Boys,Sleepwear,Wholesale,2024,May,4,true,3249.84,3204.9,71.07,1655.94,3612.26,66.93,75.89,2544.17,3426.63,3205.07,3098.46,3.25
Girls Outerwear,Girls,Outerwear,Wholesale,2024,May,4,true,3116.91,3090.43,63.32,1474.1,3433.79,68.16,88.29,3071.09,3441.85,3298.11,3044.44,3.12
